{"type":"FeatureCollection","features":[{"type":"Feature","properties":{"nearestScore":95,"avg5Score":94.6,"nearestDist":33.933,"reachMin":407.2,"walkMin":407.2,"bikeMin":135.7,"driveMin":50.9},"geometry":{"type":"Polygon","coordinates":[[[-118.89999999999999,33.7],[-118.87499999999999,33.7],[-118.87499999999999,33.725],[-118.89999999999999,33.725],[-118.89999999999999,33.7]]]}},{"type":"Feature","properties":{"nearestScore":95,"avg5Score":92.8,"nearestDist":33.572,"reachMin":402.9,"walkMin":402.9,"bikeMin":134.3,"driveMin":50.4},"geometry":{"type":"Polygon","coordinates":[[[-118.87499999999999,33.7],[-118.84999999999998,33.7],[-118.84999999999998,33.725],[-118.87499999999999,33.725],[-118.87499999999999,33.7]]]}},{"type":"Feature","properties":{"nearestScore":95,"avg5Score":94.4,"nearestDist":33.368,"reachMin":400.4,"walkMin":400.4,"bikeMin":133.5,"driveMin":50.1},"geometry":{"type":"Polygon","coordinates":[[[-118.84999999999998,33.7],[-118.82499999999997,33.7],[-118.82499999999997,33.725],[-118.84999999999998,33.725],[-118.84999999999998,33.7]]]}},{"type":"Feature","properties":{"nearestScore":95,"avg5Score":94.0,"nearestDist":33.322,"reachMin":399.9,"walkMin":399.9,"bikeMin":133.3,"driveMin":50.0},"geometry":{"type":"Polygon","coordinates":[[[-118.82499999999997,33.7],[-118.79999999999997,33.7],[-118.79999999999997,33.725],[-118.82499999999997,33.725],[-118.82499999999997,33.7]]]}},{"type":"Feature","properties":{"nearestScore":95,"avg5Score":94.0,"nearestDist":33.436,"reachMin":401.2,"walkMin":401.2,"bikeMin":133.7,"driveMin":50.2},"geometry":{"type":"Polygon","coordinates":[[[-118.79999999999997,33.7],[-118.77499999999996,33.7],[-118.77499999999996,33.725],[-118.79999999999997,33.725],[-118.79999999999997,33.7]]]}},{"type":"Feature","properties":{"nearestScore":95,"avg5Score":93.2,"nearestDist":32.575,"reachMin":390.9,"walkMin":390.9,"bikeMin":130.3,"driveMin":48.9},"geometry":{"type":"Polygon","coordinates":[[[-118.77499999999996,33.7],[-118.74999999999996,33.7],[-118.74999999999996,33.725],[-118.77499999999996,33.725],[-118.77499999999996,33.7]]]}},{"type":"Feature","properties":{"nearestScore":95,"avg5Score":93.2,"nearestDist":30.323,"reachMin":363.9,"walkMin":363.9,"bikeMin":121.3,"driveMin":45.5},"geometry":{"type":"Polygon","coordinates":[[[-118.74999999999996,33.7],[-118.72499999999995,33.7],[-118.72499999999995,33.725],[-118.74999999999996,33.725],[-118.74999999999996,33.7]]]}},{"type":"Feature","properties":{"nearestScore":95,"avg5Score":93.2,"nearestDist":28.08,"reachMin":337.0,"walkMin":337.0,"bikeMin":112.3,"driveMin":42.1},"geometry":{"type":"Polygon","coordinates":[[[-118.72499999999995,33.7],[-118.69999999999995,33.7],[-118.69999999999995,33.725],[-118.72499999999995,33.725],[-118.72499999999995,33.7]]]}},{"type":"Feature","properties":{"nearestScore":95,"avg5Score":93.2,"nearestDist":25.849,"reachMin":310.2,"walkMin":310.2,"bikeMin":103.4,"driveMin":38.8},"geometry":{"type":"Polygon","coordinates":[[[-118.69999999999995,33.7],[-118.67499999999994,33.7],[-118.67499999999994,33.725],[-118.69999999999995,33.725],[-118.69999999999995,33.7]]]}},{"type":"Feature","properties":{"nearestScore":95,"avg5Score":93.2,"nearestDist":23.633,"reachMin":283.6,"walkMin":283.6,"bikeMin":94.5,"driveMin":35.4},"geometry":{"type":"Polygon","coordinates":[[[-118.67499999999994,33.7],[-118.64999999999993,33.7],[-118.64999999999993,33.725],[-118.67499999999994,33.725],[-118.67499999999994,33.7]]]}},{"type":"Feature","properties":{"nearestScore":95,"avg5Score":93.2,"nearestDist":21.438,"reachMin":257.3,"walkMin":257.3,"bikeMin":85.8,"driveMin":32.2},"geometry":{"type":"Polygon","coordinates":[[[-118.64999999999993,33.7],[-118.62499999999993,33.7],[-118.62499999999993,33.725],[-118.64999999999993,33.725],[-118.64999999999993,33.7]]]}},{"type":"Feature","properties":{"nearestScore":95,"avg5Score":93.2,"nearestDist":19.27,"reachMin":231.2,"walkMin":231.2,"bikeMin":77.1,"driveMin":28.9},"geometry":{"type":"Polygon","coordinates":[[[-118.62499999999993,33.7],[-118.59999999999992,33.7],[-118.59999999999992,33.725],[-118.62499999999993,33.725],[-118.62499999999993,33.7]]]}},{"type":"Feature","properties":{"nearestScore":83,"avg5Score":91.6,"nearestDist":17.117,"reachMin":205.4,"walkMin":205.4,"bikeMin":68.5,"driveMin":25.7},"geometry":{"type":"Polygon","coordinates":[[[-118.59999999999992,33.7],[-118.57499999999992,33.7],[-118.57499999999992,33.725],[-118.59999999999992,33.725],[-118.59999999999992,33.7]]]}},{"type":"Feature","properties":{"nearestScore":83,"avg5Score":91.6,"nearestDist":14.881,"reachMin":178.6,"walkMin":178.6,"bikeMin":59.5,"driveMin":22.3},"geometry":{"type":"Polygon","coordinates":[[[-118.57499999999992,33.7],[-118.54999999999991,33.7],[-118.54999999999991,33.725],[-118.57499999999992,33.725],[-118.57499999999992,33.7]]]}},{"type":"Feature","properties":{"nearestScore":83,"avg5Score":91.6,"nearestDist":12.671,"reachMin":152.1,"walkMin":152.1,"bikeMin":50.7,"driveMin":19.0},"geometry":{"type":"Polygon","coordinates":[[[-118.54999999999991,33.7],[-118.5249999999999,33.7],[-118.5249999999999,33.725],[-118.54999999999991,33.725],[-118.54999999999991,33.7]]]}},{"type":"Feature","properties":{"nearestScore":83,"avg5Score":92.6,"nearestDist":10.505,"reachMin":126.1,"walkMin":126.1,"bikeMin":42.0,"driveMin":15.8},"geometry":{"type":"Polygon","coordinates":[[[-118.5249999999999,33.7],[-118.4999999999999,33.7],[-118.4999999999999,33.725],[-118.5249999999999,33.725],[-118.5249999999999,33.7]]]}},{"type":"Feature","properties":{"nearestScore":83,"avg5Score":89.8,"nearestDist":8.418,"reachMin":101.0,"walkMin":101.0,"bikeMin":33.7,"driveMin":12.6},"geometry":{"type":"Polygon","coordinates":[[[-118.4999999999999,33.7],[-118.4749999999999,33.7],[-118.4749999999999,33.725],[-118.4999999999999,33.725],[-118.4999999999999,33.7]]]}},{"type":"Feature","properties":{"nearestScore":83,"avg5Score":89.8,"nearestDist":6.484,"reachMin":77.8,"walkMin":77.8,"bikeMin":25.9,"driveMin":9.7},"geometry":{"type":"Polygon","coordinates":[[[-118.4749999999999,33.7],[-118.44999999999989,33.7],[-118.44999999999989,33.725],[-118.4749999999999,33.725],[-118.4749999999999,33.7]]]}},{"type":"Feature","properties":{"nearestScore":83,"avg5Score":89.8,"nearestDist":4.891,"reachMin":58.7,"walkMin":58.7,"bikeMin":19.6,"driveMin":7.3},"geometry":{"type":"Polygon","coordinates":[[[-118.44999999999989,33.7],[-118.42499999999988,33.7],[-118.42499999999988,33.725],[-118.44999999999989,33.725],[-118.44999999999989,33.7]]]}},{"type":"Feature","properties":{"nearestScore":95,"avg5Score":89.8,"nearestDist":3.429,"reachMin":41.1,"walkMin":41.1,"bikeMin":13.7,"driveMin":5.1},"geometry":{"type":"Polygon","coordinates":[[[-118.42499999999988,33.7],[-118.39999999999988,33.7],[-118.39999999999988,33.725],[-118.42499999999988,33.725],[-118.42499999999988,33.7]]]}},{"type":"Feature","properties":{"nearestScore":95,"avg5Score":89.8,"nearestDist":3.2,"reachMin":38.4,"walkMin":38.4,"bikeMin":12.8,"driveMin":4.8},"geometry":{"type":"Polygon","coordinates":[[[-118.39999999999988,33.7],[-118.37499999999987,33.7],[-118.37499999999987,33.725],[-118.39999999999988,33.725],[-118.39999999999988,33.7]]]}},{"type":"Feature","properties":{"nearestScore":90,"avg5Score":88.8,"nearestDist":3.365,"reachMin":40.4,"walkMin":40.4,"bikeMin":13.5,"driveMin":5.0},"geometry":{"type":"Polygon","coordinates":[[[-118.37499999999987,33.7],[-118.34999999999987,33.7],[-118.34999999999987,33.725],[-118.37499999999987,33.725],[-118.37499999999987,33.7]]]}},{"type":"Feature","properties":{"nearestScore":90,"avg5Score":87.8,"nearestDist":2.012,"reachMin":24.1,"walkMin":24.1,"bikeMin":8.0,"driveMin":3.0},"geometry":{"type":"Polygon","coordinates":[[[-118.34999999999987,33.7],[-118.32499999999986,33.7],[-118.32499999999986,33.725],[-118.34999999999987,33.725],[-118.34999999999987,33.7]]]}},{"type":"Feature","properties":{"nearestScore":90,"avg5Score":92.8,"nearestDist":0.786,"reachMin":9.4,"walkMin":9.4,"bikeMin":3.1,"driveMin":1.2},"geometry":{"type":"Polygon","coordinates":[[[-118.32499999999986,33.7],[-118.29999999999986,33.7],[-118.29999999999986,33.725],[-118.32499999999986,33.725],[-118.32499999999986,33.7]]]}},{"type":"Feature","properties":{"nearestScore":90,"avg5Score":92.4,"nearestDist":0.346,"reachMin":4.2,"walkMin":4.2,"bikeMin":1.4,"driveMin":0.5},"geometry":{"type":"Polygon","coordinates":[[[-118.29999999999986,33.7],[-118.27499999999985,33.7],[-118.27499999999985,33.725],[-118.29999999999986,33.725],[-118.29999999999986,33.7]]]}},{"type":"Feature","properties":{"nearestScore":93,"avg5Score":92.0,"nearestDist":1.929,"reachMin":23.1,"walkMin":23.1,"bikeMin":7.7,"driveMin":2.9},"geometry":{"type":"Polygon","coordinates":[[[-118.27499999999985,33.7],[-118.24999999999984,33.7],[-118.24999999999984,33.725],[-118.27499999999985,33.725],[-118.27499999999985,33.7]]]}},{"type":"Feature","properties":{"nearestScore":100,"avg5Score":94.4,"nearestDist":3.47,"reachMin":41.6,"walkMin":41.6,"bikeMin":13.9,"driveMin":5.2},"geometry":{"type":"Polygon","coordinates":[[[-118.24999999999984,33.7],[-118.22499999999984,33.7],[-118.22499999999984,33.725],[-118.24999999999984,33.725],[-118.24999999999984,33.7]]]}},{"type":"Feature","properties":{"nearestScore":100,"avg5Score":94.4,"nearestDist":4.521,"reachMin":54.3,"walkMin":54.3,"bikeMin":18.1,"driveMin":6.8},"geometry":{"type":"Polygon","coordinates":[[[-118.22499999999984,33.7],[-118.19999999999983,33.7],[-118.19999999999983,33.725],[-118.22499999999984,33.725],[-118.22499999999984,33.7]]]}},{"type":"Feature","properties":{"nearestScore":100,"avg5Score":94.0,"nearestDist":6.287,"reachMin":75.4,"walkMin":75.4,"bikeMin":25.1,"driveMin":9.4},"geometry":{"type":"Polygon","coordinates":[[[-118.19999999999983,33.7],[-118.17499999999983,33.7],[-118.17499999999983,33.725],[-118.19999999999983,33.725],[-118.19999999999983,33.7]]]}},{"type":"Feature","properties":{"nearestScore":100,"avg5Score":95.0,"nearestDist":8.325,"reachMin":99.9,"walkMin":99.9,"bikeMin":33.3,"driveMin":12.5},"geometry":{"type":"Polygon","coordinates":[[[-118.17499999999983,33.7],[-118.14999999999982,33.7],[-118.14999999999982,33.725],[-118.17499999999983,33.725],[-118.17499999999983,33.7]]]}},{"type":"Feature","properties":{"nearestScore":96,"avg5Score":94.2,"nearestDist":8.713,"reachMin":104.6,"walkMin":104.6,"bikeMin":34.9,"driveMin":13.1},"geometry":{"type":"Polygon","coordinates":[[[-118.14999999999982,33.7],[-118.12499999999982,33.7],[-118.12499999999982,33.725],[-118.14999999999982,33.725],[-118.14999999999982,33.7]]]}},{"type":"Feature","properties":{"nearestScore":96,"avg5Score":96.8,"nearestDist":9.348,"reachMin":112.2,"walkMin":112.2,"bikeMin":37.4,"driveMin":14.0},"geometry":{"type":"Polygon","coordinates":[[[-118.12499999999982,33.7],[-118.09999999999981,33.7],[-118.09999999999981,33.725],[-118.12499999999982,33.725],[-118.12499999999982,33.7]]]}},{"type":"Feature","properties":{"nearestScore":96,"avg5Score":96.8,"nearestDist":10.467,"reachMin":125.6,"walkMin":125.6,"bikeMin":41.9,"driveMin":15.7},"geometry":{"type":"Polygon","coordinates":[[[-118.09999999999981,33.7],[-118.0749999999998,33.7],[-118.0749999999998,33.725],[-118.09999999999981,33.725],[-118.09999999999981,33.7]]]}},{"type":"Feature","properties":{"nearestScore":96,"avg5Score":96.8,"nearestDist":11.934,"reachMin":143.2,"walkMin":143.2,"bikeMin":47.7,"driveMin":17.9},"geometry":{"type":"Polygon","coordinates":[[[-118.0749999999998,33.7],[-118.0499999999998,33.7],[-118.0499999999998,33.725],[-118.0749999999998,33.725],[-118.0749999999998,33.7]]]}},{"type":"Feature","properties":{"nearestScore":98,"avg5Score":96.2,"nearestDist":12.934,"reachMin":155.2,"walkMin":155.2,"bikeMin":51.7,"driveMin":19.4},"geometry":{"type":"Polygon","coordinates":[[[-118.0499999999998,33.7],[-118.02499999999979,33.7],[-118.02499999999979,33.725],[-118.0499999999998,33.725],[-118.0499999999998,33.7]]]}},{"type":"Feature","properties":{"nearestScore":98,"avg5Score":96.2,"nearestDist":13.684,"reachMin":164.2,"walkMin":164.2,"bikeMin":54.7,"driveMin":20.5},"geometry":{"type":"Polygon","coordinates":[[[-118.02499999999979,33.7],[-117.99999999999979,33.7],[-117.99999999999979,33.725],[-118.02499999999979,33.725],[-118.02499999999979,33.7]]]}},{"type":"Feature","properties":{"nearestScore":98,"avg5Score":96.2,"nearestDist":14.76,"reachMin":177.1,"walkMin":177.1,"bikeMin":59.0,"driveMin":22.1},"geometry":{"type":"Polygon","coordinates":[[[-117.99999999999979,33.7],[-117.97499999999978,33.7],[-117.97499999999978,33.725],[-117.99999999999979,33.725],[-117.99999999999979,33.7]]]}},{"type":"Feature","properties":{"nearestScore":98,"avg5Score":94.8,"nearestDist":16.099,"reachMin":193.2,"walkMin":193.2,"bikeMin":64.4,"driveMin":24.1},"geometry":{"type":"Polygon","coordinates":[[[-117.97499999999978,33.7],[-117.94999999999978,33.7],[-117.94999999999978,33.725],[-117.97499999999978,33.725],[-117.97499999999978,33.7]]]}},{"type":"Feature","properties":{"nearestScore":98,"avg5Score":95.4,"nearestDist":17.64,"reachMin":211.7,"walkMin":211.7,"bikeMin":70.6,"driveMin":26.5},"geometry":{"type":"Polygon","coordinates":[[[-117.94999999999978,33.7],[-117.92499999999977,33.7],[-117.92499999999977,33.725],[-117.94999999999978,33.725],[-117.94999999999978,33.7]]]}},{"type":"Feature","properties":{"nearestScore":97,"avg5Score":95.4,"nearestDist":19.263,"reachMin":231.2,"walkMin":231.2,"bikeMin":77.1,"driveMin":28.9},"geometry":{"type":"Polygon","coordinates":[[[-117.92499999999977,33.7],[-117.89999999999976,33.7],[-117.89999999999976,33.725],[-117.92499999999977,33.725],[-117.92499999999977,33.7]]]}},{"type":"Feature","properties":{"nearestScore":97,"avg5Score":95.0,"nearestDist":21.0,"reachMin":252.0,"walkMin":252.0,"bikeMin":84.0,"driveMin":31.5},"geometry":{"type":"Polygon","coordinates":[[[-117.89999999999976,33.7],[-117.87499999999976,33.7],[-117.87499999999976,33.725],[-117.89999999999976,33.725],[-117.89999999999976,33.7]]]}},{"type":"Feature","properties":{"nearestScore":97,"avg5Score":95.2,"nearestDist":22.838,"reachMin":274.1,"walkMin":274.1,"bikeMin":91.4,"driveMin":34.3},"geometry":{"type":"Polygon","coordinates":[[[-117.87499999999976,33.7],[-117.84999999999975,33.7],[-117.84999999999975,33.725],[-117.87499999999976,33.725],[-117.87499999999976,33.7]]]}},{"type":"Feature","properties":{"nearestScore":97,"avg5Score":92.4,"nearestDist":24.393,"reachMin":292.7,"walkMin":292.7,"bikeMin":97.6,"driveMin":36.6},"geometry":{"type":"Polygon","coordinates":[[[-117.84999999999975,33.7],[-117.82499999999975,33.7],[-117.82499999999975,33.725],[-117.84999999999975,33.725],[-117.84999999999975,33.7]]]}},{"type":"Feature","properties":{"nearestScore":97,"avg5Score":92.4,"nearestDist":26.018,"reachMin":312.2,"walkMin":312.2,"bikeMin":104.1,"driveMin":39.0},"geometry":{"type":"Polygon","coordinates":[[[-117.82499999999975,33.7],[-117.79999999999974,33.7],[-117.79999999999974,33.725],[-117.82499999999975,33.725],[-117.82499999999975,33.7]]]}},{"type":"Feature","properties":{"nearestScore":95,"avg5Score":91.0,"nearestDist":27.534,"reachMin":330.4,"walkMin":330.4,"bikeMin":110.1,"driveMin":41.3},"geometry":{"type":"Polygon","coordinates":[[[-117.79999999999974,33.7],[-117.77499999999974,33.7],[-117.77499999999974,33.725],[-117.79999999999974,33.725],[-117.79999999999974,33.7]]]}},{"type":"Feature","properties":{"nearestScore":95,"avg5Score":91.0,"nearestDist":29.131,"reachMin":349.6,"walkMin":349.6,"bikeMin":116.5,"driveMin":43.7},"geometry":{"type":"Polygon","coordinates":[[[-117.77499999999974,33.7],[-117.74999999999973,33.7],[-117.74999999999973,33.725],[-117.77499999999974,33.725],[-117.77499999999974,33.7]]]}},{"type":"Feature","properties":{"nearestScore":97,"avg5Score":93.0,"nearestDist":30.445,"reachMin":365.3,"walkMin":365.3,"bikeMin":121.8,"driveMin":45.7},"geometry":{"type":"Polygon","coordinates":[[[-117.74999999999973,33.7],[-117.72499999999972,33.7],[-117.72499999999972,33.725],[-117.74999999999973,33.725],[-117.74999999999973,33.7]]]}},{"type":"Feature","properties":{"nearestScore":91,"avg5Score":91.6,"nearestDist":31.256,"reachMin":375.1,"walkMin":375.1,"bikeMin":125.0,"driveMin":46.9},"geometry":{"type":"Polygon","coordinates":[[[-117.72499999999972,33.7],[-117.69999999999972,33.7],[-117.69999999999972,33.725],[-117.72499999999972,33.725],[-117.72499999999972,33.7]]]}},{"type":"Feature","properties":{"nearestScore":91,"avg5Score":91.6,"nearestDist":32.187,"reachMin":386.2,"walkMin":386.2,"bikeMin":128.7,"driveMin":48.3},"geometry":{"type":"Polygon","coordinates":[[[-117.69999999999972,33.7],[-117.67499999999971,33.7],[-117.67499999999971,33.725],[-117.69999999999972,33.725],[-117.69999999999972,33.7]]]}},{"type":"Feature","properties":{"nearestScore":91,"avg5Score":91.6,"nearestDist":33.252,"reachMin":399.0,"walkMin":399.0,"bikeMin":133.0,"driveMin":49.9},"geometry":{"type":"Polygon","coordinates":[[[-117.67499999999971,33.7],[-117.64999999999971,33.7],[-117.64999999999971,33.725],[-117.67499999999971,33.725],[-117.67499999999971,33.7]]]}},{"type":"Feature","properties":{"nearestScore":95,"avg5Score":95.2,"nearestDist":32.475,"reachMin":389.7,"walkMin":389.7,"bikeMin":129.9,"driveMin":48.7},"geometry":{"type":"Polygon","coordinates":[[[-118.95,33.725],[-118.925,33.725],[-118.925,33.75],[-118.95,33.75],[-118.95,33.725]]]}},{"type":"Feature","properties":{"nearestScore":95,"avg5Score":95.2,"nearestDist":31.764,"reachMin":381.2,"walkMin":381.2,"bikeMin":127.1,"driveMin":47.6},"geometry":{"type":"Polygon","coordinates":[[[-118.925,33.725],[-118.89999999999999,33.725],[-118.89999999999999,33.75],[-118.925,33.75],[-118.925,33.725]]]}},{"type":"Feature","properties":{"nearestScore":95,"avg5Score":95.2,"nearestDist":31.208,"reachMin":374.5,"walkMin":374.5,"bikeMin":124.8,"driveMin":46.8},"geometry":{"type":"Polygon","coordinates":[[[-118.89999999999999,33.725],[-118.87499999999999,33.725],[-118.87499999999999,33.75],[-118.89999999999999,33.75],[-118.89999999999999,33.725]]]}},{"type":"Feature","properties":{"nearestScore":95,"avg5Score":95.2,"nearestDist":30.815,"reachMin":369.8,"walkMin":369.8,"bikeMin":123.3,"driveMin":46.2},"geometry":{"type":"Polygon","coordinates":[[[-118.87499999999999,33.725],[-118.84999999999998,33.725],[-118.84999999999998,33.75],[-118.87499999999999,33.75],[-118.87499999999999,33.725]]]}},{"type":"Feature","properties":{"nearestScore":95,"avg5Score":95.2,"nearestDist":30.592,"reachMin":367.1,"walkMin":367.1,"bikeMin":122.4,"driveMin":45.9},"geometry":{"type":"Polygon","coordinates":[[[-118.84999999999998,33.725],[-118.82499999999997,33.725],[-118.82499999999997,33.75],[-118.84999999999998,33.75],[-118.84999999999998,33.725]]]}},{"type":"Feature","properties":{"nearestScore":95,"avg5Score":95.2,"nearestDist":30.542,"reachMin":366.5,"walkMin":366.5,"bikeMin":122.2,"driveMin":45.8},"geometry":{"type":"Polygon","coordinates":[[[-118.82499999999997,33.725],[-118.79999999999997,33.725],[-118.79999999999997,33.75],[-118.82499999999997,33.75],[-118.82499999999997,33.725]]]}},{"type":"Feature","properties":{"nearestScore":95,"avg5Score":96.0,"nearestDist":30.666,"reachMin":368.0,"walkMin":368.0,"bikeMin":122.7,"driveMin":46.0},"geometry":{"type":"Polygon","coordinates":[[[-118.79999999999997,33.725],[-118.77499999999996,33.725],[-118.77499999999996,33.75],[-118.79999999999997,33.75],[-118.79999999999997,33.725]]]}},{"type":"Feature","properties":{"nearestScore":95,"avg5Score":96.0,"nearestDist":30.962,"reachMin":371.5,"walkMin":371.5,"bikeMin":123.8,"driveMin":46.4},"geometry":{"type":"Polygon","coordinates":[[[-118.77499999999996,33.725],[-118.74999999999996,33.725],[-118.74999999999996,33.75],[-118.77499999999996,33.75],[-118.77499999999996,33.725]]]}},{"type":"Feature","properties":{"nearestScore":95,"avg5Score":93.2,"nearestDist":29.795,"reachMin":357.5,"walkMin":357.5,"bikeMin":119.2,"driveMin":44.7},"geometry":{"type":"Polygon","coordinates":[[[-118.74999999999996,33.725],[-118.72499999999995,33.725],[-118.72499999999995,33.75],[-118.74999999999996,33.75],[-118.74999999999996,33.725]]]}},{"type":"Feature","properties":{"nearestScore":95,"avg5Score":93.2,"nearestDist":27.509,"reachMin":330.1,"walkMin":330.1,"bikeMin":110.0,"driveMin":41.3},"geometry":{"type":"Polygon","coordinates":[[[-118.72499999999995,33.725],[-118.69999999999995,33.725],[-118.69999999999995,33.75],[-118.72499999999995,33.75],[-118.72499999999995,33.725]]]}},{"type":"Feature","properties":{"nearestScore":95,"avg5Score":93.2,"nearestDist":25.229,"reachMin":302.7,"walkMin":302.7,"bikeMin":100.9,"driveMin":37.8},"geometry":{"type":"Polygon","coordinates":[[[-118.69999999999995,33.725],[-118.67499999999994,33.725],[-118.67499999999994,33.75],[-118.69999999999995,33.75],[-118.69999999999995,33.725]]]}},{"type":"Feature","properties":{"nearestScore":95,"avg5Score":93.2,"nearestDist":22.954,"reachMin":275.4,"walkMin":275.4,"bikeMin":91.8,"driveMin":34.4},"geometry":{"type":"Polygon","coordinates":[[[-118.67499999999994,33.725],[-118.64999999999993,33.725],[-118.64999999999993,33.75],[-118.67499999999994,33.75],[-118.67499999999994,33.725]]]}},{"type":"Feature","properties":{"nearestScore":95,"avg5Score":93.2,"nearestDist":20.688,"reachMin":248.3,"walkMin":248.3,"bikeMin":82.8,"driveMin":31.0},"geometry":{"type":"Polygon","coordinates":[[[-118.64999999999993,33.725],[-118.62499999999993,33.725],[-118.62499999999993,33.75],[-118.64999999999993,33.75],[-118.64999999999993,33.725]]]}},{"type":"Feature","properties":{"nearestScore":95,"avg5Score":93.2,"nearestDist":18.433,"reachMin":221.2,"walkMin":221.2,"bikeMin":73.7,"driveMin":27.6},"geometry":{"type":"Polygon","coordinates":[[[-118.62499999999993,33.725],[-118.59999999999992,33.725],[-118.59999999999992,33.75],[-118.62499999999993,33.75],[-118.62499999999993,33.725]]]}},{"type":"Feature","properties":{"nearestScore":95,"avg5Score":93.2,"nearestDist":16.193,"reachMin":194.3,"walkMin":194.3,"bikeMin":64.8,"driveMin":24.3},"geometry":{"type":"Polygon","coordinates":[[[-118.59999999999992,33.725],[-118.57499999999992,33.725],[-118.57499999999992,33.75],[-118.59999999999992,33.75],[-118.59999999999992,33.725]]]}},{"type":"Feature","properties":{"nearestScore":95,"avg5Score":93.2,"nearestDist":13.977,"reachMin":167.7,"walkMin":167.7,"bikeMin":55.9,"driveMin":21.0},"geometry":{"type":"Polygon","coordinates":[[[-118.57499999999992,33.725],[-118.54999999999991,33.725],[-118.54999999999991,33.75],[-118.57499999999992,33.75],[-118.57499999999992,33.725]]]}},{"type":"Feature","properties":{"nearestScore":95,"avg5Score":93.2,"nearestDist":11.798,"reachMin":141.6,"walkMin":141.6,"bikeMin":47.2,"driveMin":17.7},"geometry":{"type":"Polygon","coordinates":[[[-118.54999999999991,33.725],[-118.5249999999999,33.725],[-118.5249999999999,33.75],[-118.54999999999991,33.75],[-118.54999999999991,33.725]]]}},{"type":"Feature","properties":{"nearestScore":94,"avg5Score":93.2,"nearestDist":9.679,"reachMin":116.1,"walkMin":116.1,"bikeMin":38.7,"driveMin":14.5},"geometry":{"type":"Polygon","coordinates":[[[-118.5249999999999,33.725],[-118.4999999999999,33.725],[-118.4999999999999,33.75],[-118.5249999999999,33.75],[-118.5249999999999,33.725]]]}},{"type":"Feature","properties":{"nearestScore":83,"avg5Score":91.6,"nearestDist":7.492,"reachMin":89.9,"walkMin":89.9,"bikeMin":30.0,"driveMin":11.2},"geometry":{"type":"Polygon","coordinates":[[[-118.4999999999999,33.725],[-118.4749999999999,33.725],[-118.4749999999999,33.75],[-118.4999999999999,33.75],[-118.4999999999999,33.725]]]}},{"type":"Feature","properties":{"nearestScore":83,"avg5Score":91.8,"nearestDist":5.228,"reachMin":62.7,"walkMin":62.7,"bikeMin":20.9,"driveMin":7.8},"geometry":{"type":"Polygon","coordinates":[[[-118.4749999999999,33.725],[-118.44999999999989,33.725],[-118.44999999999989,33.75],[-118.4749999999999,33.75],[-118.4749999999999,33.725]]]}},{"type":"Feature","properties":{"nearestScore":83,"avg5Score":89.8,"nearestDist":3.035,"reachMin":36.4,"walkMin":36.4,"bikeMin":12.1,"driveMin":4.6},"geometry":{"type":"Polygon","coordinates":[[[-118.44999999999989,33.725],[-118.42499999999988,33.725],[-118.42499999999988,33.75],[-118.44999999999989,33.75],[-118.44999999999989,33.725]]]}},{"type":"Feature","properties":{"nearestScore":83,"avg5Score":89.8,"nearestDist":1.334,"reachMin":16.0,"walkMin":16.0,"bikeMin":5.3,"driveMin":2.0},"geometry":{"type":"Polygon","coordinates":[[[-118.42499999999988,33.725],[-118.39999999999988,33.725],[-118.39999999999988,33.75],[-118.42499999999988,33.75],[-118.42499999999988,33.725]]]}},{"type":"Feature","properties":{"nearestScore":95,"avg5Score":89.8,"nearestDist":0.884,"reachMin":10.6,"walkMin":10.6,"bikeMin":3.5,"driveMin":1.3},"geometry":{"type":"Polygon","coordinates":[[[-118.39999999999988,33.725],[-118.37499999999987,33.725],[-118.37499999999987,33.75],[-118.39999999999988,33.75],[-118.39999999999988,33.725]]]}},{"type":"Feature","properties":{"nearestScore":96,"avg5Score":88.8,"nearestDist":2.655,"reachMin":31.9,"walkMin":31.9,"bikeMin":10.6,"driveMin":4.0},"geometry":{"type":"Polygon","coordinates":[[[-118.37499999999987,33.725],[-118.34999999999987,33.725],[-118.34999999999987,33.75],[-118.37499999999987,33.75],[-118.37499999999987,33.725]]]}},{"type":"Feature","properties":{"nearestScore":96,"avg5Score":89.6,"nearestDist":0.666,"reachMin":8.0,"walkMin":8.0,"bikeMin":2.7,"driveMin":1.0},"geometry":{"type":"Polygon","coordinates":[[[-118.34999999999987,33.725],[-118.32499999999986,33.725],[-118.32499999999986,33.75],[-118.34999999999987,33.75],[-118.34999999999987,33.725]]]}},{"type":"Feature","properties":{"nearestScore":90,"avg5Score":88.2,"nearestDist":0.351,"reachMin":4.2,"walkMin":4.2,"bikeMin":1.4,"driveMin":0.5},"geometry":{"type":"Polygon","coordinates":[[[-118.32499999999986,33.725],[-118.29999999999986,33.725],[-118.29999999999986,33.75],[-118.32499999999986,33.75],[-118.32499999999986,33.725]]]}},{"type":"Feature","properties":{"nearestScore":91,"avg5Score":90.8,"nearestDist":0.032,"reachMin":0.4,"walkMin":0.4,"bikeMin":0.1,"driveMin":0.0},"geometry":{"type":"Polygon","coordinates":[[[-118.29999999999986,33.725],[-118.27499999999985,33.725],[-118.27499999999985,33.75],[-118.29999999999986,33.75],[-118.29999999999986,33.725]]]}},{"type":"Feature","properties":{"nearestScore":97,"avg5Score":92.6,"nearestDist":1.634,"reachMin":19.6,"walkMin":19.6,"bikeMin":6.5,"driveMin":2.5},"geometry":{"type":"Polygon","coordinates":[[[-118.27499999999985,33.725],[-118.24999999999984,33.725],[-118.24999999999984,33.75],[-118.27499999999985,33.75],[-118.27499999999985,33.725]]]}},{"type":"Feature","properties":{"nearestScore":100,"avg5Score":96.2,"nearestDist":0.91,"reachMin":10.9,"walkMin":10.9,"bikeMin":3.6,"driveMin":1.4},"geometry":{"type":"Polygon","coordinates":[[[-118.24999999999984,33.725],[-118.22499999999984,33.725],[-118.22499999999984,33.75],[-118.24999999999984,33.75],[-118.24999999999984,33.725]]]}},{"type":"Feature","properties":{"nearestScore":100,"avg5Score":94.4,"nearestDist":3.037,"reachMin":36.4,"walkMin":36.4,"bikeMin":12.1,"driveMin":4.6},"geometry":{"type":"Polygon","coordinates":[[[-118.22499999999984,33.725],[-118.19999999999983,33.725],[-118.19999999999983,33.75],[-118.22499999999984,33.75],[-118.22499999999984,33.725]]]}},{"type":"Feature","properties":{"nearestScore":100,"avg5Score":95.0,"nearestDist":5.32,"reachMin":63.8,"walkMin":63.8,"bikeMin":21.3,"driveMin":8.0},"geometry":{"type":"Polygon","coordinates":[[[-118.19999999999983,33.725],[-118.17499999999983,33.725],[-118.17499999999983,33.75],[-118.19999999999983,33.75],[-118.19999999999983,33.725]]]}},{"type":"Feature","properties":{"nearestScore":98,"avg5Score":94.2,"nearestDist":5.875,"reachMin":70.5,"walkMin":70.5,"bikeMin":23.5,"driveMin":8.8},"geometry":{"type":"Polygon","coordinates":[[[-118.17499999999983,33.725],[-118.14999999999982,33.725],[-118.14999999999982,33.75],[-118.17499999999983,33.75],[-118.17499999999983,33.725]]]}},{"type":"Feature","properties":{"nearestScore":96,"avg5Score":96.8,"nearestDist":5.98,"reachMin":71.8,"walkMin":71.8,"bikeMin":23.9,"driveMin":9.0},"geometry":{"type":"Polygon","coordinates":[[[-118.14999999999982,33.725],[-118.12499999999982,33.725],[-118.12499999999982,33.75],[-118.14999999999982,33.75],[-118.14999999999982,33.725]]]}},{"type":"Feature","properties":{"nearestScore":96,"avg5Score":96.8,"nearestDist":6.873,"reachMin":82.5,"walkMin":82.5,"bikeMin":27.5,"driveMin":10.3},"geometry":{"type":"Polygon","coordinates":[[[-118.12499999999982,33.725],[-118.09999999999981,33.725],[-118.09999999999981,33.75],[-118.12499999999982,33.75],[-118.12499999999982,33.725]]]}},{"type":"Feature","properties":{"nearestScore":96,"avg5Score":96.8,"nearestDist":8.331,"reachMin":100.0,"walkMin":100.0,"bikeMin":33.3,"driveMin":12.5},"geometry":{"type":"Polygon","coordinates":[[[-118.09999999999981,33.725],[-118.0749999999998,33.725],[-118.0749999999998,33.75],[-118.09999999999981,33.75],[-118.09999999999981,33.725]]]}},{"type":"Feature","properties":{"nearestScore":98,"avg5Score":96.0,"nearestDist":9.8,"reachMin":117.6,"walkMin":117.6,"bikeMin":39.2,"driveMin":14.7},"geometry":{"type":"Polygon","coordinates":[[[-118.0749999999998,33.725],[-118.0499999999998,33.725],[-118.0499999999998,33.75],[-118.0749999999998,33.75],[-118.0749999999998,33.725]]]}},{"type":"Feature","properties":{"nearestScore":98,"avg5Score":96.2,"nearestDist":10.261,"reachMin":123.1,"walkMin":123.1,"bikeMin":41.0,"driveMin":15.4},"geometry":{"type":"Polygon","coordinates":[[[-118.0499999999998,33.725],[-118.02499999999979,33.725],[-118.02499999999979,33.75],[-118.0499999999998,33.75],[-118.0499999999998,33.725]]]}},{"type":"Feature","properties":{"nearestScore":98,"avg5Score":96.2,"nearestDist":11.191,"reachMin":134.3,"walkMin":134.3,"bikeMin":44.8,"driveMin":16.8},"geometry":{"type":"Polygon","coordinates":[[[-118.02499999999979,33.725],[-117.99999999999979,33.725],[-117.99999999999979,33.75],[-118.02499999999979,33.75],[-118.02499999999979,33.725]]]}},{"type":"Feature","properties":{"nearestScore":98,"avg5Score":94.8,"nearestDist":12.484,"reachMin":149.8,"walkMin":149.8,"bikeMin":49.9,"driveMin":18.7},"geometry":{"type":"Polygon","coordinates":[[[-117.99999999999979,33.725],[-117.97499999999978,33.725],[-117.97499999999978,33.75],[-117.99999999999979,33.75],[-117.99999999999979,33.725]]]}},{"type":"Feature","properties":{"nearestScore":98,"avg5Score":95.4,"nearestDist":14.041,"reachMin":168.5,"walkMin":168.5,"bikeMin":56.2,"driveMin":21.1},"geometry":{"type":"Polygon","coordinates":[[[-117.97499999999978,33.725],[-117.94999999999978,33.725],[-117.94999999999978,33.75],[-117.97499999999978,33.75],[-117.97499999999978,33.725]]]}},{"type":"Feature","properties":{"nearestScore":97,"avg5Score":95.4,"nearestDist":15.678,"reachMin":188.1,"walkMin":188.1,"bikeMin":62.7,"driveMin":23.5},"geometry":{"type":"Polygon","coordinates":[[[-117.94999999999978,33.725],[-117.92499999999977,33.725],[-117.92499999999977,33.75],[-117.94999999999978,33.75],[-117.94999999999978,33.725]]]}},{"type":"Feature","properties":{"nearestScore":97,"avg5Score":95.0,"nearestDist":17.465,"reachMin":209.6,"walkMin":209.6,"bikeMin":69.9,"driveMin":26.2},"geometry":{"type":"Polygon","coordinates":[[[-117.92499999999977,33.725],[-117.89999999999976,33.725],[-117.89999999999976,33.75],[-117.92499999999977,33.75],[-117.92499999999977,33.725]]]}},{"type":"Feature","properties":{"nearestScore":97,"avg5Score":95.2,"nearestDist":19.272,"reachMin":231.3,"walkMin":231.3,"bikeMin":77.1,"driveMin":28.9},"geometry":{"type":"Polygon","coordinates":[[[-117.89999999999976,33.725],[-117.87499999999976,33.725],[-117.87499999999976,33.75],[-117.89999999999976,33.75],[-117.89999999999976,33.725]]]}},{"type":"Feature","properties":{"nearestScore":97,"avg5Score":92.4,"nearestDist":20.783,"reachMin":249.4,"walkMin":249.4,"bikeMin":83.1,"driveMin":31.2},"geometry":{"type":"Polygon","coordinates":[[[-117.87499999999976,33.725],[-117.84999999999975,33.725],[-117.84999999999975,33.75],[-117.87499999999976,33.75],[-117.87499999999976,33.725]]]}},{"type":"Feature","properties":{"nearestScore":95,"avg5Score":92.4,"nearestDist":22.431,"reachMin":269.2,"walkMin":269.2,"bikeMin":89.7,"driveMin":33.6},"geometry":{"type":"Polygon","coordinates":[[[-117.84999999999975,33.725],[-117.82499999999975,33.725],[-117.82499999999975,33.75],[-117.84999999999975,33.75],[-117.84999999999975,33.725]]]}},{"type":"Feature","properties":{"nearestScore":95,"avg5Score":91.0,"nearestDist":23.922,"reachMin":287.1,"walkMin":287.1,"bikeMin":95.7,"driveMin":35.9},"geometry":{"type":"Polygon","coordinates":[[[-117.82499999999975,33.725],[-117.79999999999974,33.725],[-117.79999999999974,33.75],[-117.82499999999975,33.75],[-117.82499999999975,33.725]]]}},{"type":"Feature","properties":{"nearestScore":95,"avg5Score":91.0,"nearestDist":25.535,"reachMin":306.4,"walkMin":306.4,"bikeMin":102.1,"driveMin":38.3},"geometry":{"type":"Polygon","coordinates":[[[-117.79999999999974,33.725],[-117.77499999999974,33.725],[-117.77499999999974,33.75],[-117.79999999999974,33.75],[-117.79999999999974,33.725]]]}},{"type":"Feature","properties":{"nearestScore":97,"avg5Score":93.0,"nearestDist":27.089,"reachMin":325.1,"walkMin":325.1,"bikeMin":108.4,"driveMin":40.6},"geometry":{"type":"Polygon","coordinates":[[[-117.77499999999974,33.725],[-117.74999999999973,33.725],[-117.74999999999973,33.75],[-117.77499999999974,33.75],[-117.77499999999974,33.725]]]}},{"type":"Feature","properties":{"nearestScore":97,"avg5Score":93.0,"nearestDist":27.835,"reachMin":334.0,"walkMin":334.0,"bikeMin":111.3,"driveMin":41.8},"geometry":{"type":"Polygon","coordinates":[[[-117.74999999999973,33.725],[-117.72499999999972,33.725],[-117.72499999999972,33.75],[-117.74999999999973,33.75],[-117.74999999999973,33.725]]]}},{"type":"Feature","properties":{"nearestScore":91,"avg5Score":91.6,"nearestDist":28.694,"reachMin":344.3,"walkMin":344.3,"bikeMin":114.8,"driveMin":43.0},"geometry":{"type":"Polygon","coordinates":[[[-117.72499999999972,33.725],[-117.69999999999972,33.725],[-117.69999999999972,33.75],[-117.72499999999972,33.75],[-117.72499999999972,33.725]]]}},{"type":"Feature","properties":{"nearestScore":91,"avg5Score":91.6,"nearestDist":29.705,"reachMin":356.5,"walkMin":356.5,"bikeMin":118.8,"driveMin":44.6},"geometry":{"type":"Polygon","coordinates":[[[-117.69999999999972,33.725],[-117.67499999999971,33.725],[-117.67499999999971,33.75],[-117.69999999999972,33.75],[-117.69999999999972,33.725]]]}},{"type":"Feature","properties":{"nearestScore":91,"avg5Score":91.6,"nearestDist":30.855,"reachMin":370.3,"walkMin":370.3,"bikeMin":123.4,"driveMin":46.3},"geometry":{"type":"Polygon","coordinates":[[[-117.67499999999971,33.725],[-117.64999999999971,33.725],[-117.64999999999971,33.75],[-117.67499999999971,33.75],[-117.67499999999971,33.725]]]}},{"type":"Feature","properties":{"nearestScore":95,"avg5Score":93.0,"nearestDist":29.876,"reachMin":358.5,"walkMin":358.5,"bikeMin":119.5,"driveMin":44.8},"geometry":{"type":"Polygon","coordinates":[[[-118.95,33.75],[-118.925,33.75],[-118.925,33.775],[-118.95,33.775],[-118.95,33.75]]]}},{"type":"Feature","properties":{"nearestScore":95,"avg5Score":95.2,"nearestDist":29.101,"reachMin":349.2,"walkMin":349.2,"bikeMin":116.4,"driveMin":43.7},"geometry":{"type":"Polygon","coordinates":[[[-118.925,33.75],[-118.89999999999999,33.75],[-118.89999999999999,33.775],[-118.925,33.775],[-118.925,33.75]]]}},{"type":"Feature","properties":{"nearestScore":95,"avg5Score":95.2,"nearestDist":28.494,"reachMin":341.9,"walkMin":341.9,"bikeMin":114.0,"driveMin":42.7},"geometry":{"type":"Polygon","coordinates":[[[-118.89999999999999,33.75],[-118.87499999999999,33.75],[-118.87499999999999,33.775],[-118.89999999999999,33.775],[-118.89999999999999,33.75]]]}},{"type":"Feature","properties":{"nearestScore":95,"avg5Score":95.2,"nearestDist":28.063,"reachMin":336.8,"walkMin":336.8,"bikeMin":112.3,"driveMin":42.1},"geometry":{"type":"Polygon","coordinates":[[[-118.87499999999999,33.75],[-118.84999999999998,33.75],[-118.84999999999998,33.775],[-118.87499999999999,33.775],[-118.87499999999999,33.75]]]}},{"type":"Feature","properties":{"nearestScore":95,"avg5Score":95.2,"nearestDist":27.818,"reachMin":333.8,"walkMin":333.8,"bikeMin":111.3,"driveMin":41.7},"geometry":{"type":"Polygon","coordinates":[[[-118.84999999999998,33.75],[-118.82499999999997,33.75],[-118.82499999999997,33.775],[-118.84999999999998,33.775],[-118.84999999999998,33.75]]]}},{"type":"Feature","properties":{"nearestScore":95,"avg5Score":95.2,"nearestDist":27.763,"reachMin":333.2,"walkMin":333.2,"bikeMin":111.1,"driveMin":41.6},"geometry":{"type":"Polygon","coordinates":[[[-118.82499999999997,33.75],[-118.79999999999997,33.75],[-118.79999999999997,33.775],[-118.82499999999997,33.775],[-118.82499999999997,33.75]]]}},{"type":"Feature","properties":{"nearestScore":95,"avg5Score":96.0,"nearestDist":27.899,"reachMin":334.8,"walkMin":334.8,"bikeMin":111.6,"driveMin":41.8},"geometry":{"type":"Polygon","coordinates":[[[-118.79999999999997,33.75],[-118.77499999999996,33.75],[-118.77499999999996,33.775],[-118.79999999999997,33.775],[-118.79999999999997,33.75]]]}},{"type":"Feature","properties":{"nearestScore":95,"avg5Score":96.0,"nearestDist":28.224,"reachMin":338.7,"walkMin":338.7,"bikeMin":112.9,"driveMin":42.3},"geometry":{"type":"Polygon","coordinates":[[[-118.77499999999996,33.75],[-118.74999999999996,33.75],[-118.74999999999996,33.775],[-118.77499999999996,33.775],[-118.77499999999996,33.75]]]}},{"type":"Feature","properties":{"nearestScore":95,"avg5Score":96.0,"nearestDist":28.732,"reachMin":344.8,"walkMin":344.8,"bikeMin":114.9,"driveMin":43.1},"geometry":{"type":"Polygon","coordinates":[[[-118.74999999999996,33.75],[-118.72499999999995,33.75],[-118.72499999999995,33.775],[-118.74999999999996,33.775],[-118.74999999999996,33.75]]]}},{"type":"Feature","properties":{"nearestScore":95,"avg5Score":93.2,"nearestDist":27.213,"reachMin":326.6,"walkMin":326.6,"bikeMin":108.9,"driveMin":40.8},"geometry":{"type":"Polygon","coordinates":[[[-118.72499999999995,33.75],[-118.69999999999995,33.75],[-118.69999999999995,33.775],[-118.72499999999995,33.775],[-118.72499999999995,33.75]]]}},{"type":"Feature","properties":{"nearestScore":95,"avg5Score":93.2,"nearestDist":24.906,"reachMin":298.9,"walkMin":298.9,"bikeMin":99.6,"driveMin":37.4},"geometry":{"type":"Polygon","coordinates":[[[-118.69999999999995,33.75],[-118.67499999999994,33.75],[-118.67499999999994,33.775],[-118.69999999999995,33.775],[-118.69999999999995,33.75]]]}},{"type":"Feature","properties":{"nearestScore":95,"avg5Score":93.2,"nearestDist":22.599,"reachMin":271.2,"walkMin":271.2,"bikeMin":90.4,"driveMin":33.9},"geometry":{"type":"Polygon","coordinates":[[[-118.67499999999994,33.75],[-118.64999999999993,33.75],[-118.64999999999993,33.775],[-118.67499999999994,33.775],[-118.67499999999994,33.75]]]}},{"type":"Feature","properties":{"nearestScore":95,"avg5Score":93.2,"nearestDist":20.294,"reachMin":243.5,"walkMin":243.5,"bikeMin":81.2,"driveMin":30.4},"geometry":{"type":"Polygon","coordinates":[[[-118.64999999999993,33.75],[-118.62499999999993,33.75],[-118.62499999999993,33.775],[-118.64999999999993,33.775],[-118.64999999999993,33.75]]]}},{"type":"Feature","properties":{"nearestScore":95,"avg5Score":93.2,"nearestDist":17.99,"reachMin":215.9,"walkMin":215.9,"bikeMin":72.0,"driveMin":27.0},"geometry":{"type":"Polygon","coordinates":[[[-118.62499999999993,33.75],[-118.59999999999992,33.75],[-118.59999999999992,33.775],[-118.62499999999993,33.775],[-118.62499999999993,33.75]]]}},{"type":"Feature","properties":{"nearestScore":95,"avg5Score":93.2,"nearestDist":15.688,"reachMin":188.3,"walkMin":188.3,"bikeMin":62.8,"driveMin":23.5},"geometry":{"type":"Polygon","coordinates":[[[-118.59999999999992,33.75],[-118.57499999999992,33.75],[-118.57499999999992,33.775],[-118.59999999999992,33.775],[-118.59999999999992,33.75]]]}},{"type":"Feature","properties":{"nearestScore":95,"avg5Score":93.2,"nearestDist":13.39,"reachMin":160.7,"walkMin":160.7,"bikeMin":53.6,"driveMin":20.1},"geometry":{"type":"Polygon","coordinates":[[[-118.57499999999992,33.75],[-118.54999999999991,33.75],[-118.54999999999991,33.775],[-118.57499999999992,33.775],[-118.57499999999992,33.75]]]}},{"type":"Feature","properties":{"nearestScore":95,"avg5Score":93.2,"nearestDist":11.096,"reachMin":133.2,"walkMin":133.2,"bikeMin":44.4,"driveMin":16.6},"geometry":{"type":"Polygon","coordinates":[[[-118.54999999999991,33.75],[-118.5249999999999,33.75],[-118.5249999999999,33.775],[-118.54999999999991,33.775],[-118.54999999999991,33.75]]]}},{"type":"Feature","properties":{"nearestScore":95,"avg5Score":93.2,"nearestDist":8.812,"reachMin":105.7,"walkMin":105.7,"bikeMin":35.2,"driveMin":13.2},"geometry":{"type":"Polygon","coordinates":[[[-118.5249999999999,33.75],[-118.4999999999999,33.75],[-118.4999999999999,33.775],[-118.5249999999999,33.775],[-118.5249999999999,33.75]]]}},{"type":"Feature","properties":{"nearestScore":95,"avg5Score":93.2,"nearestDist":6.546,"reachMin":78.6,"walkMin":78.6,"bikeMin":26.2,"driveMin":9.8},"geometry":{"type":"Polygon","coordinates":[[[-118.4999999999999,33.75],[-118.4749999999999,33.75],[-118.4749999999999,33.775],[-118.4999999999999,33.775],[-118.4999999999999,33.75]]]}},{"type":"Feature","properties":{"nearestScore":95,"avg5Score":93.2,"nearestDist":4.329,"reachMin":51.9,"walkMin":51.9,"bikeMin":17.3,"driveMin":6.5},"geometry":{"type":"Polygon","coordinates":[[[-118.4749999999999,33.75],[-118.44999999999989,33.75],[-118.44999999999989,33.775],[-118.4749999999999,33.775],[-118.4749999999999,33.75]]]}},{"type":"Feature","properties":{"nearestScore":94,"avg5Score":93.2,"nearestDist":2.298,"reachMin":27.6,"walkMin":27.6,"bikeMin":9.2,"driveMin":3.4},"geometry":{"type":"Polygon","coordinates":[[[-118.44999999999989,33.75],[-118.42499999999988,33.75],[-118.42499999999988,33.775],[-118.44999999999989,33.775],[-118.44999999999989,33.75]]]}},{"type":"Feature","properties":{"nearestScore":92,"avg5Score":90.2,"nearestDist":1.43,"reachMin":17.2,"walkMin":17.2,"bikeMin":5.7,"driveMin":2.1},"geometry":{"type":"Polygon","coordinates":[[[-118.42499999999988,33.75],[-118.39999999999988,33.75],[-118.39999999999988,33.775],[-118.42499999999988,33.775],[-118.42499999999988,33.75]]]}},{"type":"Feature","properties":{"nearestScore":96,"avg5Score":89.8,"nearestDist":0.926,"reachMin":11.1,"walkMin":11.1,"bikeMin":3.7,"driveMin":1.4},"geometry":{"type":"Polygon","coordinates":[[[-118.39999999999988,33.75],[-118.37499999999987,33.75],[-118.37499999999987,33.775],[-118.39999999999988,33.775],[-118.39999999999988,33.75]]]}},{"type":"Feature","properties":{"nearestScore":96,"avg5Score":94.2,"nearestDist":0.931,"reachMin":11.2,"walkMin":11.2,"bikeMin":3.7,"driveMin":1.4},"geometry":{"type":"Polygon","coordinates":[[[-118.37499999999987,33.75],[-118.34999999999987,33.75],[-118.34999999999987,33.775],[-118.37499999999987,33.775],[-118.37499999999987,33.75]]]}},{"type":"Feature","properties":{"nearestScore":90,"avg5Score":91.0,"nearestDist":1.72,"reachMin":20.6,"walkMin":20.6,"bikeMin":6.9,"driveMin":2.6},"geometry":{"type":"Polygon","coordinates":[[[-118.34999999999987,33.75],[-118.32499999999986,33.75],[-118.32499999999986,33.775],[-118.34999999999987,33.775],[-118.34999999999987,33.75]]]}},{"type":"Feature","properties":{"nearestScore":91,"avg5Score":94.0,"nearestDist":0.091,"reachMin":1.1,"walkMin":1.1,"bikeMin":0.4,"driveMin":0.1},"geometry":{"type":"Polygon","coordinates":[[[-118.32499999999986,33.75],[-118.29999999999986,33.75],[-118.29999999999986,33.775],[-118.32499999999986,33.775],[-118.32499999999986,33.75]]]}},{"type":"Feature","properties":{"nearestScore":92,"avg5Score":93.2,"nearestDist":0.541,"reachMin":6.5,"walkMin":6.5,"bikeMin":2.2,"driveMin":0.8},"geometry":{"type":"Polygon","coordinates":[[[-118.29999999999986,33.75],[-118.27499999999985,33.75],[-118.27499999999985,33.775],[-118.29999999999986,33.775],[-118.29999999999986,33.75]]]}},{"type":"Feature","properties":{"nearestScore":93,"avg5Score":93.2,"nearestDist":1.29,"reachMin":15.5,"walkMin":15.5,"bikeMin":5.2,"driveMin":1.9},"geometry":{"type":"Polygon","coordinates":[[[-118.27499999999985,33.75],[-118.24999999999984,33.75],[-118.24999999999984,33.775],[-118.27499999999985,33.775],[-118.27499999999985,33.75]]]}},{"type":"Feature","properties":{"nearestScore":93,"avg5Score":94.0,"nearestDist":1.104,"reachMin":13.2,"walkMin":13.2,"bikeMin":4.4,"driveMin":1.7},"geometry":{"type":"Polygon","coordinates":[[[-118.24999999999984,33.75],[-118.22499999999984,33.75],[-118.22499999999984,33.775],[-118.24999999999984,33.775],[-118.24999999999984,33.75]]]}},{"type":"Feature","properties":{"nearestScore":94,"avg5Score":93.2,"nearestDist":2.764,"reachMin":33.2,"walkMin":33.2,"bikeMin":11.1,"driveMin":4.1},"geometry":{"type":"Polygon","coordinates":[[[-118.22499999999984,33.75],[-118.19999999999983,33.75],[-118.19999999999983,33.775],[-118.22499999999984,33.775],[-118.22499999999984,33.75]]]}},{"type":"Feature","properties":{"nearestScore":90,"avg5Score":93.0,"nearestDist":3.059,"reachMin":36.7,"walkMin":36.7,"bikeMin":12.2,"driveMin":4.6},"geometry":{"type":"Polygon","coordinates":[[[-118.19999999999983,33.75],[-118.17499999999983,33.75],[-118.17499999999983,33.775],[-118.19999999999983,33.775],[-118.19999999999983,33.75]]]}},{"type":"Feature","properties":{"nearestScore":98,"avg5Score":94.2,"nearestDist":3.136,"reachMin":37.6,"walkMin":37.6,"bikeMin":12.5,"driveMin":4.7},"geometry":{"type":"Polygon","coordinates":[[[-118.17499999999983,33.75],[-118.14999999999982,33.75],[-118.14999999999982,33.775],[-118.17499999999983,33.775],[-118.17499999999983,33.75]]]}},{"type":"Feature","properties":{"nearestScore":96,"avg5Score":96.8,"nearestDist":3.328,"reachMin":39.9,"walkMin":39.9,"bikeMin":13.3,"driveMin":5.0},"geometry":{"type":"Polygon","coordinates":[[[-118.14999999999982,33.75],[-118.12499999999982,33.75],[-118.12499999999982,33.775],[-118.14999999999982,33.775],[-118.14999999999982,33.75]]]}},{"type":"Feature","properties":{"nearestScore":96,"avg5Score":96.8,"nearestDist":4.748,"reachMin":57.0,"walkMin":57.0,"bikeMin":19.0,"driveMin":7.1},"geometry":{"type":"Polygon","coordinates":[[[-118.12499999999982,33.75],[-118.09999999999981,33.75],[-118.09999999999981,33.775],[-118.12499999999982,33.775],[-118.12499999999982,33.75]]]}},{"type":"Feature","properties":{"nearestScore":96,"avg5Score":96.8,"nearestDist":6.686,"reachMin":80.2,"walkMin":80.2,"bikeMin":26.7,"driveMin":10.0},"geometry":{"type":"Polygon","coordinates":[[[-118.09999999999981,33.75],[-118.0749999999998,33.75],[-118.0749999999998,33.775],[-118.09999999999981,33.775],[-118.09999999999981,33.75]]]}},{"type":"Feature","properties":{"nearestScore":98,"avg5Score":96.8,"nearestDist":7.034,"reachMin":84.4,"walkMin":84.4,"bikeMin":28.1,"driveMin":10.6},"geometry":{"type":"Polygon","coordinates":[[[-118.0749999999998,33.75],[-118.0499999999998,33.75],[-118.0499999999998,33.775],[-118.0749999999998,33.775],[-118.0749999999998,33.75]]]}},{"type":"Feature","properties":{"nearestScore":98,"avg5Score":96.2,"nearestDist":7.664,"reachMin":92.0,"walkMin":92.0,"bikeMin":30.7,"driveMin":11.5},"geometry":{"type":"Polygon","coordinates":[[[-118.0499999999998,33.75],[-118.02499999999979,33.75],[-118.02499999999979,33.775],[-118.0499999999998,33.775],[-118.0499999999998,33.75]]]}},{"type":"Feature","properties":{"nearestScore":98,"avg5Score":96.2,"nearestDist":8.87,"reachMin":106.4,"walkMin":106.4,"bikeMin":35.5,"driveMin":13.3},"geometry":{"type":"Polygon","coordinates":[[[-118.02499999999979,33.75],[-117.99999999999979,33.75],[-117.99999999999979,33.775],[-118.02499999999979,33.775],[-118.02499999999979,33.75]]]}},{"type":"Feature","properties":{"nearestScore":97,"avg5Score":95.4,"nearestDist":10.432,"reachMin":125.2,"walkMin":125.2,"bikeMin":41.7,"driveMin":15.6},"geometry":{"type":"Polygon","coordinates":[[[-117.99999999999979,33.75],[-117.97499999999978,33.75],[-117.97499999999978,33.775],[-117.99999999999979,33.775],[-117.99999999999979,33.75]]]}},{"type":"Feature","properties":{"nearestScore":97,"avg5Score":95.0,"nearestDist":12.111,"reachMin":145.3,"walkMin":145.3,"bikeMin":48.4,"driveMin":18.2},"geometry":{"type":"Polygon","coordinates":[[[-117.97499999999978,33.75],[-117.94999999999978,33.75],[-117.94999999999978,33.775],[-117.97499999999978,33.775],[-117.97499999999978,33.75]]]}},{"type":"Feature","properties":{"nearestScore":97,"avg5Score":95.0,"nearestDist":13.972,"reachMin":167.7,"walkMin":167.7,"bikeMin":55.9,"driveMin":21.0},"geometry":{"type":"Polygon","coordinates":[[[-117.94999999999978,33.75],[-117.92499999999977,33.75],[-117.92499999999977,33.775],[-117.94999999999978,33.775],[-117.94999999999978,33.75]]]}},{"type":"Feature","properties":{"nearestScore":97,"avg5Score":95.2,"nearestDist":15.658,"reachMin":187.9,"walkMin":187.9,"bikeMin":62.6,"driveMin":23.5},"geometry":{"type":"Polygon","coordinates":[[[-117.92499999999977,33.75],[-117.89999999999976,33.75],[-117.89999999999976,33.775],[-117.92499999999977,33.775],[-117.92499999999977,33.75]]]}},{"type":"Feature","properties":{"nearestScore":97,"avg5Score":92.4,"nearestDist":17.177,"reachMin":206.1,"walkMin":206.1,"bikeMin":68.7,"driveMin":25.8},"geometry":{"type":"Polygon","coordinates":[[[-117.89999999999976,33.75],[-117.87499999999976,33.75],[-117.87499999999976,33.775],[-117.89999999999976,33.775],[-117.89999999999976,33.75]]]}},{"type":"Feature","properties":{"nearestScore":95,"avg5Score":92.4,"nearestDist":18.818,"reachMin":225.8,"walkMin":225.8,"bikeMin":75.3,"driveMin":28.2},"geometry":{"type":"Polygon","coordinates":[[[-117.87499999999976,33.75],[-117.84999999999975,33.75],[-117.84999999999975,33.775],[-117.87499999999976,33.775],[-117.87499999999976,33.75]]]}},{"type":"Feature","properties":{"nearestScore":95,"avg5Score":91.0,"nearestDist":20.311,"reachMin":243.7,"walkMin":243.7,"bikeMin":81.2,"driveMin":30.5},"geometry":{"type":"Polygon","coordinates":[[[-117.84999999999975,33.75],[-117.82499999999975,33.75],[-117.82499999999975,33.775],[-117.84999999999975,33.775],[-117.84999999999975,33.75]]]}},{"type":"Feature","properties":{"nearestScore":95,"avg5Score":91.0,"nearestDist":21.945,"reachMin":263.3,"walkMin":263.3,"bikeMin":87.8,"driveMin":32.9},"geometry":{"type":"Polygon","coordinates":[[[-117.82499999999975,33.75],[-117.79999999999974,33.75],[-117.79999999999974,33.775],[-117.82499999999975,33.775],[-117.82499999999975,33.75]]]}},{"type":"Feature","properties":{"nearestScore":95,"avg5Score":91.0,"nearestDist":23.693,"reachMin":284.3,"walkMin":284.3,"bikeMin":94.8,"driveMin":35.5},"geometry":{"type":"Polygon","coordinates":[[[-117.79999999999974,33.75],[-117.77499999999974,33.75],[-117.77499999999974,33.775],[-117.79999999999974,33.775],[-117.79999999999974,33.75]]]}},{"type":"Feature","properties":{"nearestScore":97,"avg5Score":93.0,"nearestDist":24.437,"reachMin":293.2,"walkMin":293.2,"bikeMin":97.7,"driveMin":36.7},"geometry":{"type":"Polygon","coordinates":[[[-117.77499999999974,33.75],[-117.74999999999973,33.75],[-117.74999999999973,33.775],[-117.77499999999974,33.775],[-117.77499999999974,33.75]]]}},{"type":"Feature","properties":{"nearestScore":91,"avg5Score":91.6,"nearestDist":25.236,"reachMin":302.8,"walkMin":302.8,"bikeMin":100.9,"driveMin":37.9},"geometry":{"type":"Polygon","coordinates":[[[-117.74999999999973,33.75],[-117.72499999999972,33.75],[-117.72499999999972,33.775],[-117.74999999999973,33.775],[-117.74999999999973,33.75]]]}},{"type":"Feature","properties":{"nearestScore":91,"avg5Score":91.6,"nearestDist":26.176,"reachMin":314.1,"walkMin":314.1,"bikeMin":104.7,"driveMin":39.3},"geometry":{"type":"Polygon","coordinates":[[[-117.72499999999972,33.75],[-117.69999999999972,33.75],[-117.69999999999972,33.775],[-117.72499999999972,33.775],[-117.72499999999972,33.75]]]}},{"type":"Feature","properties":{"nearestScore":91,"avg5Score":91.6,"nearestDist":27.28,"reachMin":327.4,"walkMin":327.4,"bikeMin":109.1,"driveMin":40.9},"geometry":{"type":"Polygon","coordinates":[[[-117.69999999999972,33.75],[-117.67499999999971,33.75],[-117.67499999999971,33.775],[-117.69999999999972,33.775],[-117.69999999999972,33.75]]]}},{"type":"Feature","properties":{"nearestScore":91,"avg5Score":91.6,"nearestDist":28.528,"reachMin":342.3,"walkMin":342.3,"bikeMin":114.1,"driveMin":42.8},"geometry":{"type":"Polygon","coordinates":[[[-117.67499999999971,33.75],[-117.64999999999971,33.75],[-117.64999999999971,33.775],[-117.67499999999971,33.775],[-117.67499999999971,33.75]]]}},{"type":"Feature","properties":{"nearestScore":95,"avg5Score":92.0,"nearestDist":27.311,"reachMin":327.7,"walkMin":327.7,"bikeMin":109.2,"driveMin":41.0},"geometry":{"type":"Polygon","coordinates":[[[-118.95,33.775],[-118.925,33.775],[-118.925,33.8],[-118.95,33.8],[-118.95,33.775]]]}},{"type":"Feature","properties":{"nearestScore":95,"avg5Score":95.2,"nearestDist":26.463,"reachMin":317.6,"walkMin":317.6,"bikeMin":105.9,"driveMin":39.7},"geometry":{"type":"Polygon","coordinates":[[[-118.925,33.775],[-118.89999999999999,33.775],[-118.89999999999999,33.8],[-118.925,33.8],[-118.925,33.775]]]}},{"type":"Feature","properties":{"nearestScore":95,"avg5Score":95.2,"nearestDist":25.793,"reachMin":309.5,"walkMin":309.5,"bikeMin":103.2,"driveMin":38.7},"geometry":{"type":"Polygon","coordinates":[[[-118.89999999999999,33.775],[-118.87499999999999,33.775],[-118.87499999999999,33.8],[-118.89999999999999,33.8],[-118.89999999999999,33.775]]]}},{"type":"Feature","properties":{"nearestScore":95,"avg5Score":95.2,"nearestDist":25.316,"reachMin":303.8,"walkMin":303.8,"bikeMin":101.3,"driveMin":38.0},"geometry":{"type":"Polygon","coordinates":[[[-118.87499999999999,33.775],[-118.84999999999998,33.775],[-118.84999999999998,33.8],[-118.87499999999999,33.8],[-118.87499999999999,33.775]]]}},{"type":"Feature","properties":{"nearestScore":95,"avg5Score":95.2,"nearestDist":25.044,"reachMin":300.5,"walkMin":300.5,"bikeMin":100.2,"driveMin":37.6},"geometry":{"type":"Polygon","coordinates":[[[-118.84999999999998,33.775],[-118.82499999999997,33.775],[-118.82499999999997,33.8],[-118.84999999999998,33.8],[-118.84999999999998,33.775]]]}},{"type":"Feature","properties":{"nearestScore":95,"avg5Score":95.2,"nearestDist":24.983,"reachMin":299.8,"walkMin":299.8,"bikeMin":99.9,"driveMin":37.5},"geometry":{"type":"Polygon","coordinates":[[[-118.82499999999997,33.775],[-118.79999999999997,33.775],[-118.79999999999997,33.8],[-118.82499999999997,33.8],[-118.82499999999997,33.775]]]}},{"type":"Feature","properties":{"nearestScore":95,"avg5Score":96.0,"nearestDist":25.135,"reachMin":301.6,"walkMin":301.6,"bikeMin":100.5,"driveMin":37.7},"geometry":{"type":"Polygon","coordinates":[[[-118.79999999999997,33.775],[-118.77499999999996,33.775],[-118.77499999999996,33.8],[-118.79999999999997,33.8],[-118.79999999999997,33.775]]]}},{"type":"Feature","properties":{"nearestScore":95,"avg5Score":96.0,"nearestDist":25.495,"reachMin":305.9,"walkMin":305.9,"bikeMin":102.0,"driveMin":38.2},"geometry":{"type":"Polygon","coordinates":[[[-118.77499999999996,33.775],[-118.74999999999996,33.775],[-118.74999999999996,33.8],[-118.77499999999996,33.8],[-118.77499999999996,33.775]]]}},{"type":"Feature","properties":{"nearestScore":95,"avg5Score":96.0,"nearestDist":26.055,"reachMin":312.7,"walkMin":312.7,"bikeMin":104.2,"driveMin":39.1},"geometry":{"type":"Polygon","coordinates":[[[-118.74999999999996,33.775],[-118.72499999999995,33.775],[-118.72499999999995,33.8],[-118.74999999999996,33.8],[-118.74999999999996,33.775]]]}},{"type":"Feature","properties":{"nearestScore":95,"avg5Score":95.0,"nearestDist":26.803,"reachMin":321.6,"walkMin":321.6,"bikeMin":107.2,"driveMin":40.2},"geometry":{"type":"Polygon","coordinates":[[[-118.72499999999995,33.775],[-118.69999999999995,33.775],[-118.69999999999995,33.8],[-118.72499999999995,33.8],[-118.72499999999995,33.775]]]}},{"type":"Feature","properties":{"nearestScore":95,"avg5Score":93.2,"nearestDist":24.89,"reachMin":298.7,"walkMin":298.7,"bikeMin":99.6,"driveMin":37.3},"geometry":{"type":"Polygon","coordinates":[[[-118.69999999999995,33.775],[-118.67499999999994,33.775],[-118.67499999999994,33.8],[-118.69999999999995,33.8],[-118.69999999999995,33.775]]]}},{"type":"Feature","properties":{"nearestScore":95,"avg5Score":93.2,"nearestDist":22.583,"reachMin":271.0,"walkMin":271.0,"bikeMin":90.3,"driveMin":33.9},"geometry":{"type":"Polygon","coordinates":[[[-118.67499999999994,33.775],[-118.64999999999993,33.775],[-118.64999999999993,33.8],[-118.67499999999994,33.8],[-118.67499999999994,33.775]]]}},{"type":"Feature","properties":{"nearestScore":95,"avg5Score":93.2,"nearestDist":20.277,"reachMin":243.3,"walkMin":243.3,"bikeMin":81.1,"driveMin":30.4},"geometry":{"type":"Polygon","coordinates":[[[-118.64999999999993,33.775],[-118.62499999999993,33.775],[-118.62499999999993,33.8],[-118.64999999999993,33.8],[-118.64999999999993,33.775]]]}},{"type":"Feature","properties":{"nearestScore":95,"avg5Score":93.2,"nearestDist":17.972,"reachMin":215.7,"walkMin":215.7,"bikeMin":71.9,"driveMin":27.0},"geometry":{"type":"Polygon","coordinates":[[[-118.62499999999993,33.775],[-118.59999999999992,33.775],[-118.59999999999992,33.8],[-118.62499999999993,33.8],[-118.62499999999993,33.775]]]}},{"type":"Feature","properties":{"nearestScore":95,"avg5Score":93.2,"nearestDist":15.668,"reachMin":188.0,"walkMin":188.0,"bikeMin":62.7,"driveMin":23.5},"geometry":{"type":"Polygon","coordinates":[[[-118.59999999999992,33.775],[-118.57499999999992,33.775],[-118.57499999999992,33.8],[-118.59999999999992,33.8],[-118.59999999999992,33.775]]]}},{"type":"Feature","properties":{"nearestScore":95,"avg5Score":93.2,"nearestDist":13.367,"reachMin":160.4,"walkMin":160.4,"bikeMin":53.5,"driveMin":20.1},"geometry":{"type":"Polygon","coordinates":[[[-118.57499999999992,33.775],[-118.54999999999991,33.775],[-118.54999999999991,33.8],[-118.57499999999992,33.8],[-118.57499999999992,33.775]]]}},{"type":"Feature","properties":{"nearestScore":95,"avg5Score":93.2,"nearestDist":11.069,"reachMin":132.8,"walkMin":132.8,"bikeMin":44.3,"driveMin":16.6},"geometry":{"type":"Polygon","coordinates":[[[-118.54999999999991,33.775],[-118.5249999999999,33.775],[-118.5249999999999,33.8],[-118.54999999999991,33.8],[-118.54999999999991,33.775]]]}},{"type":"Feature","properties":{"nearestScore":95,"avg5Score":93.2,"nearestDist":8.778,"reachMin":105.3,"walkMin":105.3,"bikeMin":35.1,"driveMin":13.2},"geometry":{"type":"Polygon","coordinates":[[[-118.5249999999999,33.775],[-118.4999999999999,33.775],[-118.4999999999999,33.8],[-118.5249999999999,33.8],[-118.5249999999999,33.775]]]}},{"type":"Feature","properties":{"nearestScore":95,"avg5Score":93.2,"nearestDist":6.502,"reachMin":78.0,"walkMin":78.0,"bikeMin":26.0,"driveMin":9.8},"geometry":{"type":"Polygon","coordinates":[[[-118.4999999999999,33.775],[-118.4749999999999,33.775],[-118.4749999999999,33.8],[-118.4999999999999,33.8],[-118.4999999999999,33.775]]]}},{"type":"Feature","properties":{"nearestScore":95,"avg5Score":93.2,"nearestDist":4.261,"reachMin":51.1,"walkMin":51.1,"bikeMin":17.0,"driveMin":6.4},"geometry":{"type":"Polygon","coordinates":[[[-118.4749999999999,33.775],[-118.44999999999989,33.775],[-118.44999999999989,33.8],[-118.4749999999999,33.8],[-118.4749999999999,33.775]]]}},{"type":"Feature","properties":{"nearestScore":95,"avg5Score":93.2,"nearestDist":2.174,"reachMin":26.1,"walkMin":26.1,"bikeMin":8.7,"driveMin":3.3},"geometry":{"type":"Polygon","coordinates":[[[-118.44999999999989,33.775],[-118.42499999999988,33.775],[-118.42499999999988,33.8],[-118.44999999999989,33.8],[-118.44999999999989,33.775]]]}},{"type":"Feature","properties":{"nearestScore":98,"avg5Score":94.4,"nearestDist":1.334,"reachMin":16.0,"walkMin":16.0,"bikeMin":5.3,"driveMin":2.0},"geometry":{"type":"Polygon","coordinates":[[[-118.42499999999988,33.775],[-118.39999999999988,33.775],[-118.39999999999988,33.8],[-118.42499999999988,33.8],[-118.42499999999988,33.775]]]}},{"type":"Feature","properties":{"nearestScore":90,"avg5Score":95.4,"nearestDist":1.0,"reachMin":12.0,"walkMin":12.0,"bikeMin":4.0,"driveMin":1.5},"geometry":{"type":"Polygon","coordinates":[[[-118.39999999999988,33.775],[-118.37499999999987,33.775],[-118.37499999999987,33.8],[-118.39999999999988,33.8],[-118.39999999999988,33.775]]]}},{"type":"Feature","properties":{"nearestScore":100,"avg5Score":94.0,"nearestDist":1.064,"reachMin":12.8,"walkMin":12.8,"bikeMin":4.3,"driveMin":1.6},"geometry":{"type":"Polygon","coordinates":[[[-118.37499999999987,33.775],[-118.34999999999987,33.775],[-118.34999999999987,33.8],[-118.37499999999987,33.8],[-118.37499999999987,33.775]]]}},{"type":"Feature","properties":{"nearestScore":90,"avg5Score":92.4,"nearestDist":0.341,"reachMin":4.1,"walkMin":4.1,"bikeMin":1.4,"driveMin":0.5},"geometry":{"type":"Polygon","coordinates":[[[-118.34999999999987,33.775],[-118.32499999999986,33.775],[-118.32499999999986,33.8],[-118.34999999999987,33.8],[-118.34999999999987,33.775]]]}},{"type":"Feature","properties":{"nearestScore":92,"avg5Score":89.4,"nearestDist":0.214,"reachMin":2.6,"walkMin":2.6,"bikeMin":0.9,"driveMin":0.3},"geometry":{"type":"Polygon","coordinates":[[[-118.32499999999986,33.775],[-118.29999999999986,33.775],[-118.29999999999986,33.8],[-118.32499999999986,33.8],[-118.32499999999986,33.775]]]}},{"type":"Feature","properties":{"nearestScore":96,"avg5Score":95.2,"nearestDist":0.476,"reachMin":5.7,"walkMin":5.7,"bikeMin":1.9,"driveMin":0.7},"geometry":{"type":"Polygon","coordinates":[[[-118.29999999999986,33.775],[-118.27499999999985,33.775],[-118.27499999999985,33.8],[-118.29999999999986,33.8],[-118.29999999999986,33.775]]]}},{"type":"Feature","properties":{"nearestScore":95,"avg5Score":95.0,"nearestDist":0.058,"reachMin":0.7,"walkMin":0.7,"bikeMin":0.2,"driveMin":0.1},"geometry":{"type":"Polygon","coordinates":[[[-118.27499999999985,33.775],[-118.24999999999984,33.775],[-118.24999999999984,33.8],[-118.27499999999985,33.8],[-118.27499999999985,33.775]]]}},{"type":"Feature","properties":{"nearestScore":91,"avg5Score":93.8,"nearestDist":0.785,"reachMin":9.4,"walkMin":9.4,"bikeMin":3.1,"driveMin":1.2},"geometry":{"type":"Polygon","coordinates":[[[-118.24999999999984,33.775],[-118.22499999999984,33.775],[-118.22499999999984,33.8],[-118.24999999999984,33.8],[-118.24999999999984,33.775]]]}},{"type":"Feature","properties":{"nearestScore":94,"avg5Score":92.2,"nearestDist":1.829,"reachMin":21.9,"walkMin":21.9,"bikeMin":7.3,"driveMin":2.7},"geometry":{"type":"Polygon","coordinates":[[[-118.22499999999984,33.775],[-118.19999999999983,33.775],[-118.19999999999983,33.8],[-118.22499999999984,33.8],[-118.22499999999984,33.775]]]}},{"type":"Feature","properties":{"nearestScore":90,"avg5Score":93.0,"nearestDist":0.455,"reachMin":5.5,"walkMin":5.5,"bikeMin":1.8,"driveMin":0.7},"geometry":{"type":"Polygon","coordinates":[[[-118.19999999999983,33.775],[-118.17499999999983,33.775],[-118.17499999999983,33.8],[-118.19999999999983,33.8],[-118.19999999999983,33.775]]]}},{"type":"Feature","properties":{"nearestScore":98,"avg5Score":94.2,"nearestDist":0.776,"reachMin":9.3,"walkMin":9.3,"bikeMin":3.1,"driveMin":1.2},"geometry":{"type":"Polygon","coordinates":[[[-118.17499999999983,33.775],[-118.14999999999982,33.775],[-118.14999999999982,33.8],[-118.17499999999983,33.8],[-118.17499999999983,33.775]]]}},{"type":"Feature","properties":{"nearestScore":96,"avg5Score":96.8,"nearestDist":1.355,"reachMin":16.3,"walkMin":16.3,"bikeMin":5.4,"driveMin":2.0},"geometry":{"type":"Polygon","coordinates":[[[-118.14999999999982,33.775],[-118.12499999999982,33.775],[-118.12499999999982,33.8],[-118.14999999999982,33.8],[-118.14999999999982,33.775]]]}},{"type":"Feature","properties":{"nearestScore":96,"avg5Score":96.8,"nearestDist":3.648,"reachMin":43.8,"walkMin":43.8,"bikeMin":14.6,"driveMin":5.5},"geometry":{"type":"Polygon","coordinates":[[[-118.12499999999982,33.775],[-118.09999999999981,33.775],[-118.09999999999981,33.8],[-118.12499999999982,33.8],[-118.12499999999982,33.775]]]}},{"type":"Feature","properties":{"nearestScore":98,"avg5Score":96.8,"nearestDist":4.45,"reachMin":53.4,"walkMin":53.4,"bikeMin":17.8,"driveMin":6.7},"geometry":{"type":"Polygon","coordinates":[[[-118.09999999999981,33.775],[-118.0749999999998,33.775],[-118.0749999999998,33.8],[-118.09999999999981,33.8],[-118.09999999999981,33.775]]]}},{"type":"Feature","properties":{"nearestScore":98,"avg5Score":96.6,"nearestDist":4.288,"reachMin":51.5,"walkMin":51.5,"bikeMin":17.2,"driveMin":6.4},"geometry":{"type":"Polygon","coordinates":[[[-118.0749999999998,33.775],[-118.0499999999998,33.775],[-118.0499999999998,33.8],[-118.0749999999998,33.8],[-118.0749999999998,33.775]]]}},{"type":"Feature","properties":{"nearestScore":98,"avg5Score":96.2,"nearestDist":5.257,"reachMin":63.1,"walkMin":63.1,"bikeMin":21.0,"driveMin":7.9},"geometry":{"type":"Polygon","coordinates":[[[-118.0499999999998,33.775],[-118.02499999999979,33.775],[-118.02499999999979,33.8],[-118.0499999999998,33.8],[-118.0499999999998,33.775]]]}},{"type":"Feature","properties":{"nearestScore":97,"avg5Score":95.4,"nearestDist":6.823,"reachMin":81.9,"walkMin":81.9,"bikeMin":27.3,"driveMin":10.2},"geometry":{"type":"Polygon","coordinates":[[[-118.02499999999979,33.775],[-117.99999999999979,33.775],[-117.99999999999979,33.8],[-118.02499999999979,33.8],[-118.02499999999979,33.775]]]}},{"type":"Feature","properties":{"nearestScore":97,"avg5Score":95.0,"nearestDist":8.587,"reachMin":103.0,"walkMin":103.0,"bikeMin":34.3,"driveMin":12.9},"geometry":{"type":"Polygon","coordinates":[[[-117.99999999999979,33.775],[-117.97499999999978,33.775],[-117.97499999999978,33.8],[-117.99999999999979,33.8],[-117.99999999999979,33.775]]]}},{"type":"Feature","properties":{"nearestScore":97,"avg5Score":95.0,"nearestDist":10.564,"reachMin":126.8,"walkMin":126.8,"bikeMin":42.3,"driveMin":15.8},"geometry":{"type":"Polygon","coordinates":[[[-117.97499999999978,33.775],[-117.94999999999978,33.775],[-117.94999999999978,33.8],[-117.97499999999978,33.8],[-117.97499999999978,33.775]]]}},{"type":"Feature","properties":{"nearestScore":97,"avg5Score":95.2,"nearestDist":12.045,"reachMin":144.5,"walkMin":144.5,"bikeMin":48.2,"driveMin":18.1},"geometry":{"type":"Polygon","coordinates":[[[-117.94999999999978,33.775],[-117.92499999999977,33.775],[-117.92499999999977,33.8],[-117.94999999999978,33.8],[-117.94999999999978,33.775]]]}},{"type":"Feature","properties":{"nearestScore":97,"avg5Score":92.4,"nearestDist":13.575,"reachMin":162.9,"walkMin":162.9,"bikeMin":54.3,"driveMin":20.4},"geometry":{"type":"Polygon","coordinates":[[[-117.92499999999977,33.775],[-117.89999999999976,33.775],[-117.89999999999976,33.8],[-117.92499999999977,33.8],[-117.92499999999977,33.775]]]}},{"type":"Feature","properties":{"nearestScore":95,"avg5Score":91.0,"nearestDist":15.206,"reachMin":182.5,"walkMin":182.5,"bikeMin":60.8,"driveMin":22.8},"geometry":{"type":"Polygon","coordinates":[[[-117.89999999999976,33.775],[-117.87499999999976,33.775],[-117.87499999999976,33.8],[-117.89999999999976,33.8],[-117.89999999999976,33.775]]]}},{"type":"Feature","properties":{"nearestScore":95,"avg5Score":91.0,"nearestDist":16.702,"reachMin":200.4,"walkMin":200.4,"bikeMin":66.8,"driveMin":25.1},"geometry":{"type":"Polygon","coordinates":[[[-117.87499999999976,33.775],[-117.84999999999975,33.775],[-117.84999999999975,33.8],[-117.87499999999976,33.8],[-117.87499999999976,33.775]]]}},{"type":"Feature","properties":{"nearestScore":95,"avg5Score":91.0,"nearestDist":18.367,"reachMin":220.4,"walkMin":220.4,"bikeMin":73.5,"driveMin":27.6},"geometry":{"type":"Polygon","coordinates":[[[-117.84999999999975,33.775],[-117.82499999999975,33.775],[-117.82499999999975,33.8],[-117.84999999999975,33.8],[-117.84999999999975,33.775]]]}},{"type":"Feature","properties":{"nearestScore":95,"avg5Score":91.0,"nearestDist":20.16,"reachMin":241.9,"walkMin":241.9,"bikeMin":80.6,"driveMin":30.2},"geometry":{"type":"Polygon","coordinates":[[[-117.82499999999975,33.775],[-117.79999999999974,33.775],[-117.79999999999974,33.8],[-117.82499999999975,33.8],[-117.82499999999975,33.775]]]}},{"type":"Feature","properties":{"nearestScore":97,"avg5Score":93.0,"nearestDist":21.11,"reachMin":253.3,"walkMin":253.3,"bikeMin":84.4,"driveMin":31.7},"geometry":{"type":"Polygon","coordinates":[[[-117.79999999999974,33.775],[-117.77499999999974,33.775],[-117.77499999999974,33.8],[-117.79999999999974,33.8],[-117.79999999999974,33.775]]]}},{"type":"Feature","properties":{"nearestScore":97,"avg5Score":93.0,"nearestDist":21.816,"reachMin":261.8,"walkMin":261.8,"bikeMin":87.3,"driveMin":32.7},"geometry":{"type":"Polygon","coordinates":[[[-117.77499999999974,33.775],[-117.74999999999973,33.775],[-117.74999999999973,33.8],[-117.77499999999974,33.8],[-117.77499999999974,33.775]]]}},{"type":"Feature","properties":{"nearestScore":91,"avg5Score":91.6,"nearestDist":22.675,"reachMin":272.1,"walkMin":272.1,"bikeMin":90.7,"driveMin":34.0},"geometry":{"type":"Polygon","coordinates":[[[-117.74999999999973,33.775],[-117.72499999999972,33.775],[-117.72499999999972,33.8],[-117.74999999999973,33.8],[-117.74999999999973,33.775]]]}},{"type":"Feature","properties":{"nearestScore":91,"avg5Score":91.6,"nearestDist":23.717,"reachMin":284.6,"walkMin":284.6,"bikeMin":94.9,"driveMin":35.6},"geometry":{"type":"Polygon","coordinates":[[[-117.72499999999972,33.775],[-117.69999999999972,33.775],[-117.69999999999972,33.8],[-117.72499999999972,33.8],[-117.72499999999972,33.775]]]}},{"type":"Feature","properties":{"nearestScore":91,"avg5Score":91.6,"nearestDist":24.93,"reachMin":299.2,"walkMin":299.2,"bikeMin":99.7,"driveMin":37.4},"geometry":{"type":"Polygon","coordinates":[[[-117.69999999999972,33.775],[-117.67499999999971,33.775],[-117.67499999999971,33.8],[-117.69999999999972,33.8],[-117.69999999999972,33.775]]]}},{"type":"Feature","properties":{"nearestScore":91,"avg5Score":91.6,"nearestDist":26.289,"reachMin":315.5,"walkMin":315.5,"bikeMin":105.2,"driveMin":39.4},"geometry":{"type":"Polygon","coordinates":[[[-117.67499999999971,33.775],[-117.64999999999971,33.775],[-117.64999999999971,33.8],[-117.67499999999971,33.8],[-117.67499999999971,33.775]]]}},{"type":"Feature","properties":{"nearestScore":95,"avg5Score":92.0,"nearestDist":24.794,"reachMin":297.5,"walkMin":297.5,"bikeMin":99.2,"driveMin":37.2},"geometry":{"type":"Polygon","coordinates":[[[-118.95,33.8],[-118.925,33.8],[-118.925,33.824999999999996],[-118.95,33.824999999999996],[-118.95,33.8]]]}},{"type":"Feature","properties":{"nearestScore":95,"avg5Score":93.0,"nearestDist":23.856,"reachMin":286.3,"walkMin":286.3,"bikeMin":95.4,"driveMin":35.8},"geometry":{"type":"Polygon","coordinates":[[[-118.925,33.8],[-118.89999999999999,33.8],[-118.89999999999999,33.824999999999996],[-118.925,33.824999999999996],[-118.925,33.8]]]}},{"type":"Feature","properties":{"nearestScore":95,"avg5Score":95.2,"nearestDist":23.111,"reachMin":277.3,"walkMin":277.3,"bikeMin":92.4,"driveMin":34.7},"geometry":{"type":"Polygon","coordinates":[[[-118.89999999999999,33.8],[-118.87499999999999,33.8],[-118.87499999999999,33.824999999999996],[-118.89999999999999,33.824999999999996],[-118.89999999999999,33.8]]]}},{"type":"Feature","properties":{"nearestScore":95,"avg5Score":95.2,"nearestDist":22.578,"reachMin":270.9,"walkMin":270.9,"bikeMin":90.3,"driveMin":33.9},"geometry":{"type":"Polygon","coordinates":[[[-118.87499999999999,33.8],[-118.84999999999998,33.8],[-118.84999999999998,33.824999999999996],[-118.87499999999999,33.824999999999996],[-118.87499999999999,33.8]]]}},{"type":"Feature","properties":{"nearestScore":95,"avg5Score":95.2,"nearestDist":22.273,"reachMin":267.3,"walkMin":267.3,"bikeMin":89.1,"driveMin":33.4},"geometry":{"type":"Polygon","coordinates":[[[-118.84999999999998,33.8],[-118.82499999999997,33.8],[-118.82499999999997,33.824999999999996],[-118.84999999999998,33.824999999999996],[-118.84999999999998,33.8]]]}},{"type":"Feature","properties":{"nearestScore":95,"avg5Score":95.2,"nearestDist":22.204,"reachMin":266.4,"walkMin":266.4,"bikeMin":88.8,"driveMin":33.3},"geometry":{"type":"Polygon","coordinates":[[[-118.82499999999997,33.8],[-118.79999999999997,33.8],[-118.79999999999997,33.824999999999996],[-118.82499999999997,33.824999999999996],[-118.82499999999997,33.8]]]}},{"type":"Feature","properties":{"nearestScore":95,"avg5Score":96.0,"nearestDist":22.374,"reachMin":268.5,"walkMin":268.5,"bikeMin":89.5,"driveMin":33.6},"geometry":{"type":"Polygon","coordinates":[[[-118.79999999999997,33.8],[-118.77499999999996,33.8],[-118.77499999999996,33.824999999999996],[-118.79999999999997,33.824999999999996],[-118.79999999999997,33.8]]]}},{"type":"Feature","properties":{"nearestScore":95,"avg5Score":96.0,"nearestDist":22.778,"reachMin":273.3,"walkMin":273.3,"bikeMin":91.1,"driveMin":34.2},"geometry":{"type":"Polygon","coordinates":[[[-118.77499999999996,33.8],[-118.74999999999996,33.8],[-118.74999999999996,33.824999999999996],[-118.77499999999996,33.824999999999996],[-118.77499999999996,33.8]]]}},{"type":"Feature","properties":{"nearestScore":95,"avg5Score":96.0,"nearestDist":23.403,"reachMin":280.8,"walkMin":280.8,"bikeMin":93.6,"driveMin":35.1},"geometry":{"type":"Polygon","coordinates":[[[-118.74999999999996,33.8],[-118.72499999999995,33.8],[-118.72499999999995,33.824999999999996],[-118.74999999999996,33.824999999999996],[-118.74999999999996,33.8]]]}},{"type":"Feature","properties":{"nearestScore":95,"avg5Score":93.6,"nearestDist":24.233,"reachMin":290.8,"walkMin":290.8,"bikeMin":96.9,"driveMin":36.3},"geometry":{"type":"Polygon","coordinates":[[[-118.72499999999995,33.8],[-118.69999999999995,33.8],[-118.69999999999995,33.824999999999996],[-118.72499999999995,33.824999999999996],[-118.72499999999995,33.8]]]}},{"type":"Feature","properties":{"nearestScore":80,"avg5Score":94.4,"nearestDist":24.579,"reachMin":294.9,"walkMin":294.9,"bikeMin":98.3,"driveMin":36.9},"geometry":{"type":"Polygon","coordinates":[[[-118.69999999999995,33.8],[-118.67499999999994,33.8],[-118.67499999999994,33.824999999999996],[-118.69999999999995,33.824999999999996],[-118.69999999999995,33.8]]]}},{"type":"Feature","properties":{"nearestScore":95,"avg5Score":93.2,"nearestDist":22.907,"reachMin":274.9,"walkMin":274.9,"bikeMin":91.6,"driveMin":34.4},"geometry":{"type":"Polygon","coordinates":[[[-118.67499999999994,33.8],[-118.64999999999993,33.8],[-118.64999999999993,33.824999999999996],[-118.67499999999994,33.824999999999996],[-118.67499999999994,33.8]]]}},{"type":"Feature","properties":{"nearestScore":95,"avg5Score":93.2,"nearestDist":20.638,"reachMin":247.7,"walkMin":247.7,"bikeMin":82.6,"driveMin":31.0},"geometry":{"type":"Polygon","coordinates":[[[-118.64999999999993,33.8],[-118.62499999999993,33.8],[-118.62499999999993,33.824999999999996],[-118.64999999999993,33.824999999999996],[-118.64999999999993,33.8]]]}},{"type":"Feature","properties":{"nearestScore":95,"avg5Score":93.2,"nearestDist":18.379,"reachMin":220.5,"walkMin":220.5,"bikeMin":73.5,"driveMin":27.6},"geometry":{"type":"Polygon","coordinates":[[[-118.62499999999993,33.8],[-118.59999999999992,33.8],[-118.59999999999992,33.824999999999996],[-118.62499999999993,33.824999999999996],[-118.62499999999993,33.8]]]}},{"type":"Feature","properties":{"nearestScore":95,"avg5Score":93.2,"nearestDist":16.134,"reachMin":193.6,"walkMin":193.6,"bikeMin":64.5,"driveMin":24.2},"geometry":{"type":"Polygon","coordinates":[[[-118.59999999999992,33.8],[-118.57499999999992,33.8],[-118.57499999999992,33.824999999999996],[-118.59999999999992,33.824999999999996],[-118.59999999999992,33.8]]]}},{"type":"Feature","properties":{"nearestScore":95,"avg5Score":93.2,"nearestDist":13.91,"reachMin":166.9,"walkMin":166.9,"bikeMin":55.6,"driveMin":20.9},"geometry":{"type":"Polygon","coordinates":[[[-118.57499999999992,33.8],[-118.54999999999991,33.8],[-118.54999999999991,33.824999999999996],[-118.57499999999992,33.824999999999996],[-118.57499999999992,33.8]]]}},{"type":"Feature","properties":{"nearestScore":95,"avg5Score":93.2,"nearestDist":11.721,"reachMin":140.7,"walkMin":140.7,"bikeMin":46.9,"driveMin":17.6},"geometry":{"type":"Polygon","coordinates":[[[-118.54999999999991,33.8],[-118.5249999999999,33.8],[-118.5249999999999,33.824999999999996],[-118.54999999999991,33.824999999999996],[-118.54999999999991,33.8]]]}},{"type":"Feature","properties":{"nearestScore":95,"avg5Score":93.2,"nearestDist":9.587,"reachMin":115.0,"walkMin":115.0,"bikeMin":38.3,"driveMin":14.4},"geometry":{"type":"Polygon","coordinates":[[[-118.5249999999999,33.8],[-118.4999999999999,33.8],[-118.4999999999999,33.824999999999996],[-118.5249999999999,33.824999999999996],[-118.5249999999999,33.8]]]}},{"type":"Feature","properties":{"nearestScore":95,"avg5Score":93.2,"nearestDist":7.559,"reachMin":90.7,"walkMin":90.7,"bikeMin":30.2,"driveMin":11.3},"geometry":{"type":"Polygon","coordinates":[[[-118.4999999999999,33.8],[-118.4749999999999,33.8],[-118.4749999999999,33.824999999999996],[-118.4999999999999,33.824999999999996],[-118.4999999999999,33.8]]]}},{"type":"Feature","properties":{"nearestScore":95,"avg5Score":93.2,"nearestDist":5.748,"reachMin":69.0,"walkMin":69.0,"bikeMin":23.0,"driveMin":8.6},"geometry":{"type":"Polygon","coordinates":[[[-118.4749999999999,33.8],[-118.44999999999989,33.8],[-118.44999999999989,33.824999999999996],[-118.4749999999999,33.824999999999996],[-118.4749999999999,33.8]]]}},{"type":"Feature","properties":{"nearestScore":95,"avg5Score":95.2,"nearestDist":3.877,"reachMin":46.5,"walkMin":46.5,"bikeMin":15.5,"driveMin":5.8},"geometry":{"type":"Polygon","coordinates":[[[-118.44999999999989,33.8],[-118.42499999999988,33.8],[-118.42499999999988,33.824999999999996],[-118.44999999999989,33.824999999999996],[-118.44999999999989,33.8]]]}},{"type":"Feature","properties":{"nearestScore":95,"avg5Score":93.8,"nearestDist":1.82,"reachMin":21.8,"walkMin":21.8,"bikeMin":7.3,"driveMin":2.7},"geometry":{"type":"Polygon","coordinates":[[[-118.42499999999988,33.8],[-118.39999999999988,33.8],[-118.39999999999988,33.824999999999996],[-118.42499999999988,33.824999999999996],[-118.42499999999988,33.8]]]}},{"type":"Feature","properties":{"nearestScore":94,"avg5Score":93.4,"nearestDist":0.308,"reachMin":3.7,"walkMin":3.7,"bikeMin":1.2,"driveMin":0.5},"geometry":{"type":"Polygon","coordinates":[[[-118.39999999999988,33.8],[-118.37499999999987,33.8],[-118.37499999999987,33.824999999999996],[-118.39999999999988,33.824999999999996],[-118.39999999999988,33.8]]]}},{"type":"Feature","properties":{"nearestScore":93,"avg5Score":90.2,"nearestDist":0.413,"reachMin":5.0,"walkMin":5.0,"bikeMin":1.7,"driveMin":0.6},"geometry":{"type":"Polygon","coordinates":[[[-118.37499999999987,33.8],[-118.34999999999987,33.8],[-118.34999999999987,33.824999999999996],[-118.37499999999987,33.824999999999996],[-118.37499999999987,33.8]]]}},{"type":"Feature","properties":{"nearestScore":88,"avg5Score":92.6,"nearestDist":0.545,"reachMin":6.5,"walkMin":6.5,"bikeMin":2.2,"driveMin":0.8},"geometry":{"type":"Polygon","coordinates":[[[-118.34999999999987,33.8],[-118.32499999999986,33.8],[-118.32499999999986,33.824999999999996],[-118.34999999999987,33.824999999999996],[-118.34999999999987,33.8]]]}},{"type":"Feature","properties":{"nearestScore":80,"avg5Score":86.4,"nearestDist":0.479,"reachMin":5.7,"walkMin":5.7,"bikeMin":1.9,"driveMin":0.7},"geometry":{"type":"Polygon","coordinates":[[[-118.32499999999986,33.8],[-118.29999999999986,33.8],[-118.29999999999986,33.824999999999996],[-118.32499999999986,33.824999999999996],[-118.32499999999986,33.8]]]}},{"type":"Feature","properties":{"nearestScore":98,"avg5Score":94.2,"nearestDist":0.349,"reachMin":4.2,"walkMin":4.2,"bikeMin":1.4,"driveMin":0.5},"geometry":{"type":"Polygon","coordinates":[[[-118.29999999999986,33.8],[-118.27499999999985,33.8],[-118.27499999999985,33.824999999999996],[-118.29999999999986,33.824999999999996],[-118.29999999999986,33.8]]]}},{"type":"Feature","properties":{"nearestScore":92,"avg5Score":95.0,"nearestDist":0.183,"reachMin":2.2,"walkMin":2.2,"bikeMin":0.7,"driveMin":0.3},"geometry":{"type":"Polygon","coordinates":[[[-118.27499999999985,33.8],[-118.24999999999984,33.8],[-118.24999999999984,33.824999999999996],[-118.27499999999985,33.824999999999996],[-118.27499999999985,33.8]]]}},{"type":"Feature","properties":{"nearestScore":98,"avg5Score":95.6,"nearestDist":0.709,"reachMin":8.5,"walkMin":8.5,"bikeMin":2.8,"driveMin":1.1},"geometry":{"type":"Polygon","coordinates":[[[-118.24999999999984,33.8],[-118.22499999999984,33.8],[-118.22499999999984,33.824999999999996],[-118.24999999999984,33.824999999999996],[-118.24999999999984,33.8]]]}},{"type":"Feature","properties":{"nearestScore":94,"avg5Score":95.8,"nearestDist":2.202,"reachMin":26.4,"walkMin":26.4,"bikeMin":8.8,"driveMin":3.3},"geometry":{"type":"Polygon","coordinates":[[[-118.22499999999984,33.8],[-118.19999999999983,33.8],[-118.19999999999983,33.824999999999996],[-118.22499999999984,33.824999999999996],[-118.22499999999984,33.8]]]}},{"type":"Feature","properties":{"nearestScore":97,"avg5Score":96.2,"nearestDist":0.436,"reachMin":5.2,"walkMin":5.2,"bikeMin":1.7,"driveMin":0.7},"geometry":{"type":"Polygon","coordinates":[[[-118.19999999999983,33.8],[-118.17499999999983,33.8],[-118.17499999999983,33.824999999999996],[-118.19999999999983,33.824999999999996],[-118.19999999999983,33.8]]]}},{"type":"Feature","properties":{"nearestScore":94,"avg5Score":94.2,"nearestDist":0.505,"reachMin":6.1,"walkMin":6.1,"bikeMin":2.0,"driveMin":0.8},"geometry":{"type":"Polygon","coordinates":[[[-118.17499999999983,33.8],[-118.14999999999982,33.8],[-118.14999999999982,33.824999999999996],[-118.17499999999983,33.824999999999996],[-118.17499999999983,33.8]]]}},{"type":"Feature","properties":{"nearestScore":94,"avg5Score":95.6,"nearestDist":1.842,"reachMin":22.1,"walkMin":22.1,"bikeMin":7.4,"driveMin":2.8},"geometry":{"type":"Polygon","coordinates":[[[-118.14999999999982,33.8],[-118.12499999999982,33.8],[-118.12499999999982,33.824999999999996],[-118.14999999999982,33.824999999999996],[-118.14999999999982,33.8]]]}},{"type":"Feature","properties":{"nearestScore":93,"avg5Score":94.2,"nearestDist":2.275,"reachMin":27.3,"walkMin":27.3,"bikeMin":9.1,"driveMin":3.4},"geometry":{"type":"Polygon","coordinates":[[[-118.12499999999982,33.8],[-118.09999999999981,33.8],[-118.09999999999981,33.824999999999996],[-118.12499999999982,33.824999999999996],[-118.12499999999982,33.8]]]}},{"type":"Feature","properties":{"nearestScore":100,"avg5Score":96.8,"nearestDist":1.924,"reachMin":23.1,"walkMin":23.1,"bikeMin":7.7,"driveMin":2.9},"geometry":{"type":"Polygon","coordinates":[[[-118.09999999999981,33.8],[-118.0749999999998,33.8],[-118.0749999999998,33.824999999999996],[-118.09999999999981,33.824999999999996],[-118.09999999999981,33.8]]]}},{"type":"Feature","properties":{"nearestScore":98,"avg5Score":96.2,"nearestDist":1.657,"reachMin":19.9,"walkMin":19.9,"bikeMin":6.6,"driveMin":2.5},"geometry":{"type":"Polygon","coordinates":[[[-118.0749999999998,33.8],[-118.0499999999998,33.8],[-118.0499999999998,33.824999999999996],[-118.0749999999998,33.824999999999996],[-118.0749999999998,33.8]]]}},{"type":"Feature","properties":{"nearestScore":97,"avg5Score":95.0,"nearestDist":3.229,"reachMin":38.7,"walkMin":38.7,"bikeMin":12.9,"driveMin":4.8},"geometry":{"type":"Polygon","coordinates":[[[-118.0499999999998,33.8],[-118.02499999999979,33.8],[-118.02499999999979,33.824999999999996],[-118.0499999999998,33.824999999999996],[-118.0499999999998,33.8]]]}},{"type":"Feature","properties":{"nearestScore":97,"avg5Score":95.0,"nearestDist":5.19,"reachMin":62.3,"walkMin":62.3,"bikeMin":20.8,"driveMin":7.8},"geometry":{"type":"Polygon","coordinates":[[[-118.02499999999979,33.8],[-117.99999999999979,33.8],[-117.99999999999979,33.824999999999996],[-118.02499999999979,33.824999999999996],[-118.02499999999979,33.8]]]}},{"type":"Feature","properties":{"nearestScore":97,"avg5Score":95.2,"nearestDist":7.3,"reachMin":87.6,"walkMin":87.6,"bikeMin":29.2,"driveMin":10.9},"geometry":{"type":"Polygon","coordinates":[[[-117.99999999999979,33.8],[-117.97499999999978,33.8],[-117.97499999999978,33.824999999999996],[-117.99999999999979,33.824999999999996],[-117.99999999999979,33.8]]]}},{"type":"Feature","properties":{"nearestScore":97,"avg5Score":95.2,"nearestDist":8.435,"reachMin":101.2,"walkMin":101.2,"bikeMin":33.7,"driveMin":12.7},"geometry":{"type":"Polygon","coordinates":[[[-117.97499999999978,33.8],[-117.94999999999978,33.8],[-117.94999999999978,33.824999999999996],[-117.97499999999978,33.824999999999996],[-117.97499999999978,33.8]]]}},{"type":"Feature","properties":{"nearestScore":97,"avg5Score":92.4,"nearestDist":9.983,"reachMin":119.8,"walkMin":119.8,"bikeMin":39.9,"driveMin":15.0},"geometry":{"type":"Polygon","coordinates":[[[-117.94999999999978,33.8],[-117.92499999999977,33.8],[-117.92499999999977,33.824999999999996],[-117.94999999999978,33.824999999999996],[-117.94999999999978,33.8]]]}},{"type":"Feature","properties":{"nearestScore":95,"avg5Score":91.0,"nearestDist":11.596,"reachMin":139.2,"walkMin":139.2,"bikeMin":46.4,"driveMin":17.4},"geometry":{"type":"Polygon","coordinates":[[[-117.92499999999977,33.8],[-117.89999999999976,33.8],[-117.89999999999976,33.824999999999996],[-117.92499999999977,33.824999999999996],[-117.92499999999977,33.8]]]}},{"type":"Feature","properties":{"nearestScore":95,"avg5Score":91.0,"nearestDist":13.097,"reachMin":157.2,"walkMin":157.2,"bikeMin":52.4,"driveMin":19.6},"geometry":{"type":"Polygon","coordinates":[[[-117.89999999999976,33.8],[-117.87499999999976,33.8],[-117.87499999999976,33.824999999999996],[-117.89999999999976,33.824999999999996],[-117.89999999999976,33.8]]]}},{"type":"Feature","properties":{"nearestScore":95,"avg5Score":91.0,"nearestDist":14.808,"reachMin":177.7,"walkMin":177.7,"bikeMin":59.2,"driveMin":22.2},"geometry":{"type":"Polygon","coordinates":[[[-117.87499999999976,33.8],[-117.84999999999975,33.8],[-117.84999999999975,33.824999999999996],[-117.87499999999976,33.824999999999996],[-117.87499999999976,33.8]]]}},{"type":"Feature","properties":{"nearestScore":95,"avg5Score":91.0,"nearestDist":16.663,"reachMin":200.0,"walkMin":200.0,"bikeMin":66.7,"driveMin":25.0},"geometry":{"type":"Polygon","coordinates":[[[-117.84999999999975,33.8],[-117.82499999999975,33.8],[-117.82499999999975,33.824999999999996],[-117.84999999999975,33.824999999999996],[-117.84999999999975,33.8]]]}},{"type":"Feature","properties":{"nearestScore":97,"avg5Score":93.0,"nearestDist":17.896,"reachMin":214.8,"walkMin":214.8,"bikeMin":71.6,"driveMin":26.8},"geometry":{"type":"Polygon","coordinates":[[[-117.82499999999975,33.8],[-117.79999999999974,33.8],[-117.79999999999974,33.824999999999996],[-117.82499999999975,33.824999999999996],[-117.82499999999975,33.8]]]}},{"type":"Feature","properties":{"nearestScore":97,"avg5Score":93.0,"nearestDist":18.437,"reachMin":221.2,"walkMin":221.2,"bikeMin":73.7,"driveMin":27.7},"geometry":{"type":"Polygon","coordinates":[[[-117.79999999999974,33.8],[-117.77499999999974,33.8],[-117.77499999999974,33.824999999999996],[-117.79999999999974,33.824999999999996],[-117.79999999999974,33.8]]]}},{"type":"Feature","properties":{"nearestScore":91,"avg5Score":91.6,"nearestDist":19.216,"reachMin":230.6,"walkMin":230.6,"bikeMin":76.9,"driveMin":28.8},"geometry":{"type":"Polygon","coordinates":[[[-117.77499999999974,33.8],[-117.74999999999973,33.8],[-117.74999999999973,33.824999999999996],[-117.77499999999974,33.824999999999996],[-117.77499999999974,33.8]]]}},{"type":"Feature","properties":{"nearestScore":91,"avg5Score":91.6,"nearestDist":20.172,"reachMin":242.1,"walkMin":242.1,"bikeMin":80.7,"driveMin":30.3},"geometry":{"type":"Polygon","coordinates":[[[-117.74999999999973,33.8],[-117.72499999999972,33.8],[-117.72499999999972,33.824999999999996],[-117.74999999999973,33.824999999999996],[-117.74999999999973,33.8]]]}},{"type":"Feature","properties":{"nearestScore":91,"avg5Score":91.6,"nearestDist":21.337,"reachMin":256.0,"walkMin":256.0,"bikeMin":85.3,"driveMin":32.0},"geometry":{"type":"Polygon","coordinates":[[[-117.72499999999972,33.8],[-117.69999999999972,33.8],[-117.69999999999972,33.824999999999996],[-117.72499999999972,33.824999999999996],[-117.72499999999972,33.8]]]}},{"type":"Feature","properties":{"nearestScore":91,"avg5Score":91.6,"nearestDist":22.677,"reachMin":272.1,"walkMin":272.1,"bikeMin":90.7,"driveMin":34.0},"geometry":{"type":"Polygon","coordinates":[[[-117.69999999999972,33.8],[-117.67499999999971,33.8],[-117.67499999999971,33.824999999999996],[-117.69999999999972,33.824999999999996],[-117.69999999999972,33.8]]]}},{"type":"Feature","properties":{"nearestScore":91,"avg5Score":91.6,"nearestDist":24.163,"reachMin":290.0,"walkMin":290.0,"bikeMin":96.7,"driveMin":36.2},"geometry":{"type":"Polygon","coordinates":[[[-117.67499999999971,33.8],[-117.64999999999971,33.8],[-117.64999999999971,33.824999999999996],[-117.67499999999971,33.824999999999996],[-117.67499999999971,33.8]]]}},{"type":"Feature","properties":{"nearestScore":95,"avg5Score":93.6,"nearestDist":22.338,"reachMin":268.1,"walkMin":268.1,"bikeMin":89.4,"driveMin":33.5},"geometry":{"type":"Polygon","coordinates":[[[-118.95,33.824999999999996],[-118.925,33.824999999999996],[-118.925,33.849999999999994],[-118.95,33.849999999999994],[-118.95,33.824999999999996]]]}},{"type":"Feature","properties":{"nearestScore":95,"avg5Score":92.0,"nearestDist":21.293,"reachMin":255.5,"walkMin":255.5,"bikeMin":85.2,"driveMin":31.9},"geometry":{"type":"Polygon","coordinates":[[[-118.925,33.824999999999996],[-118.89999999999999,33.824999999999996],[-118.89999999999999,33.849999999999994],[-118.925,33.849999999999994],[-118.925,33.824999999999996]]]}},{"type":"Feature","properties":{"nearestScore":95,"avg5Score":95.2,"nearestDist":20.455,"reachMin":245.5,"walkMin":245.5,"bikeMin":81.8,"driveMin":30.7},"geometry":{"type":"Polygon","coordinates":[[[-118.89999999999999,33.824999999999996],[-118.87499999999999,33.824999999999996],[-118.87499999999999,33.849999999999994],[-118.89999999999999,33.849999999999994],[-118.89999999999999,33.824999999999996]]]}},{"type":"Feature","properties":{"nearestScore":95,"avg5Score":95.2,"nearestDist":19.851,"reachMin":238.2,"walkMin":238.2,"bikeMin":79.4,"driveMin":29.8},"geometry":{"type":"Polygon","coordinates":[[[-118.87499999999999,33.824999999999996],[-118.84999999999998,33.824999999999996],[-118.84999999999998,33.849999999999994],[-118.87499999999999,33.849999999999994],[-118.87499999999999,33.824999999999996]]]}},{"type":"Feature","properties":{"nearestScore":95,"avg5Score":95.2,"nearestDist":19.503,"reachMin":234.0,"walkMin":234.0,"bikeMin":78.0,"driveMin":29.3},"geometry":{"type":"Polygon","coordinates":[[[-118.84999999999998,33.824999999999996],[-118.82499999999997,33.824999999999996],[-118.82499999999997,33.849999999999994],[-118.84999999999998,33.849999999999994],[-118.84999999999998,33.824999999999996]]]}},{"type":"Feature","properties":{"nearestScore":95,"avg5Score":95.2,"nearestDist":19.425,"reachMin":233.1,"walkMin":233.1,"bikeMin":77.7,"driveMin":29.1},"geometry":{"type":"Polygon","coordinates":[[[-118.82499999999997,33.824999999999996],[-118.79999999999997,33.824999999999996],[-118.79999999999997,33.849999999999994],[-118.82499999999997,33.849999999999994],[-118.82499999999997,33.824999999999996]]]}},{"type":"Feature","properties":{"nearestScore":95,"avg5Score":96.0,"nearestDist":19.619,"reachMin":235.4,"walkMin":235.4,"bikeMin":78.5,"driveMin":29.4},"geometry":{"type":"Polygon","coordinates":[[[-118.79999999999997,33.824999999999996],[-118.77499999999996,33.824999999999996],[-118.77499999999996,33.849999999999994],[-118.79999999999997,33.849999999999994],[-118.79999999999997,33.824999999999996]]]}},{"type":"Feature","properties":{"nearestScore":95,"avg5Score":96.0,"nearestDist":20.078,"reachMin":240.9,"walkMin":240.9,"bikeMin":80.3,"driveMin":30.1},"geometry":{"type":"Polygon","coordinates":[[[-118.77499999999996,33.824999999999996],[-118.74999999999996,33.824999999999996],[-118.74999999999996,33.849999999999994],[-118.77499999999996,33.849999999999994],[-118.77499999999996,33.824999999999996]]]}},{"type":"Feature","properties":{"nearestScore":95,"avg5Score":96.0,"nearestDist":20.785,"reachMin":249.4,"walkMin":249.4,"bikeMin":83.1,"driveMin":31.2},"geometry":{"type":"Polygon","coordinates":[[[-118.74999999999996,33.824999999999996],[-118.72499999999995,33.824999999999996],[-118.72499999999995,33.849999999999994],[-118.74999999999996,33.849999999999994],[-118.74999999999996,33.824999999999996]]]}},{"type":"Feature","properties":{"nearestScore":95,"avg5Score":94.0,"nearestDist":21.715,"reachMin":260.6,"walkMin":260.6,"bikeMin":86.9,"driveMin":32.6},"geometry":{"type":"Polygon","coordinates":[[[-118.72499999999995,33.824999999999996],[-118.69999999999995,33.824999999999996],[-118.69999999999995,33.849999999999994],[-118.72499999999995,33.849999999999994],[-118.72499999999995,33.824999999999996]]]}},{"type":"Feature","properties":{"nearestScore":80,"avg5Score":94.4,"nearestDist":21.801,"reachMin":261.6,"walkMin":261.6,"bikeMin":87.2,"driveMin":32.7},"geometry":{"type":"Polygon","coordinates":[[[-118.69999999999995,33.824999999999996],[-118.67499999999994,33.824999999999996],[-118.67499999999994,33.849999999999994],[-118.69999999999995,33.849999999999994],[-118.69999999999995,33.824999999999996]]]}},{"type":"Feature","properties":{"nearestScore":97,"avg5Score":98.2,"nearestDist":21.991,"reachMin":263.9,"walkMin":263.9,"bikeMin":88.0,"driveMin":33.0},"geometry":{"type":"Polygon","coordinates":[[[-118.67499999999994,33.824999999999996],[-118.64999999999993,33.824999999999996],[-118.64999999999993,33.849999999999994],[-118.67499999999994,33.849999999999994],[-118.67499999999994,33.824999999999996]]]}},{"type":"Feature","properties":{"nearestScore":98,"avg5Score":95.4,"nearestDist":21.274,"reachMin":255.3,"walkMin":255.3,"bikeMin":85.1,"driveMin":31.9},"geometry":{"type":"Polygon","coordinates":[[[-118.64999999999993,33.824999999999996],[-118.62499999999993,33.824999999999996],[-118.62499999999993,33.849999999999994],[-118.64999999999993,33.849999999999994],[-118.64999999999993,33.824999999999996]]]}},{"type":"Feature","properties":{"nearestScore":98,"avg5Score":94.4,"nearestDist":19.125,"reachMin":229.5,"walkMin":229.5,"bikeMin":76.5,"driveMin":28.7},"geometry":{"type":"Polygon","coordinates":[[[-118.62499999999993,33.824999999999996],[-118.59999999999992,33.824999999999996],[-118.59999999999992,33.849999999999994],[-118.62499999999993,33.849999999999994],[-118.62499999999993,33.824999999999996]]]}},{"type":"Feature","properties":{"nearestScore":98,"avg5Score":94.8,"nearestDist":17.017,"reachMin":204.2,"walkMin":204.2,"bikeMin":68.1,"driveMin":25.5},"geometry":{"type":"Polygon","coordinates":[[[-118.59999999999992,33.824999999999996],[-118.57499999999992,33.824999999999996],[-118.57499999999992,33.849999999999994],[-118.59999999999992,33.849999999999994],[-118.59999999999992,33.824999999999996]]]}},{"type":"Feature","properties":{"nearestScore":93,"avg5Score":92.8,"nearestDist":14.917,"reachMin":179.0,"walkMin":179.0,"bikeMin":59.7,"driveMin":22.4},"geometry":{"type":"Polygon","coordinates":[[[-118.57499999999992,33.824999999999996],[-118.54999999999991,33.824999999999996],[-118.54999999999991,33.849999999999994],[-118.57499999999992,33.849999999999994],[-118.57499999999992,33.824999999999996]]]}},{"type":"Feature","properties":{"nearestScore":96,"avg5Score":92.8,"nearestDist":12.782,"reachMin":153.4,"walkMin":153.4,"bikeMin":51.1,"driveMin":19.2},"geometry":{"type":"Polygon","coordinates":[[[-118.54999999999991,33.824999999999996],[-118.5249999999999,33.824999999999996],[-118.5249999999999,33.849999999999994],[-118.54999999999991,33.849999999999994],[-118.54999999999991,33.824999999999996]]]}},{"type":"Feature","properties":{"nearestScore":95,"avg5Score":92.6,"nearestDist":10.593,"reachMin":127.1,"walkMin":127.1,"bikeMin":42.4,"driveMin":15.9},"geometry":{"type":"Polygon","coordinates":[[[-118.5249999999999,33.824999999999996],[-118.4999999999999,33.824999999999996],[-118.4999999999999,33.849999999999994],[-118.5249999999999,33.849999999999994],[-118.5249999999999,33.824999999999996]]]}},{"type":"Feature","properties":{"nearestScore":99,"avg5Score":92.4,"nearestDist":8.38,"reachMin":100.6,"walkMin":100.6,"bikeMin":33.5,"driveMin":12.6},"geometry":{"type":"Polygon","coordinates":[[[-118.4999999999999,33.824999999999996],[-118.4749999999999,33.824999999999996],[-118.4749999999999,33.849999999999994],[-118.4999999999999,33.849999999999994],[-118.4999999999999,33.824999999999996]]]}},{"type":"Feature","properties":{"nearestScore":91,"avg5Score":94.8,"nearestDist":6.136,"reachMin":73.6,"walkMin":73.6,"bikeMin":24.5,"driveMin":9.2},"geometry":{"type":"Polygon","coordinates":[[[-118.4749999999999,33.824999999999996],[-118.44999999999989,33.824999999999996],[-118.44999999999989,33.849999999999994],[-118.4749999999999,33.849999999999994],[-118.4749999999999,33.824999999999996]]]}},{"type":"Feature","properties":{"nearestScore":91,"avg5Score":94.8,"nearestDist":3.857,"reachMin":46.3,"walkMin":46.3,"bikeMin":15.4,"driveMin":5.8},"geometry":{"type":"Polygon","coordinates":[[[-118.44999999999989,33.824999999999996],[-118.42499999999988,33.824999999999996],[-118.42499999999988,33.849999999999994],[-118.44999999999989,33.849999999999994],[-118.44999999999989,33.824999999999996]]]}},{"type":"Feature","properties":{"nearestScore":91,"avg5Score":92.6,"nearestDist":1.665,"reachMin":20.0,"walkMin":20.0,"bikeMin":6.7,"driveMin":2.5},"geometry":{"type":"Polygon","coordinates":[[[-118.42499999999988,33.824999999999996],[-118.39999999999988,33.824999999999996],[-118.39999999999988,33.849999999999994],[-118.42499999999988,33.849999999999994],[-118.42499999999988,33.824999999999996]]]}},{"type":"Feature","properties":{"nearestScore":90,"avg5Score":92.8,"nearestDist":0.05,"reachMin":0.6,"walkMin":0.6,"bikeMin":0.2,"driveMin":0.1},"geometry":{"type":"Polygon","coordinates":[[[-118.39999999999988,33.824999999999996],[-118.37499999999987,33.824999999999996],[-118.37499999999987,33.849999999999994],[-118.39999999999988,33.849999999999994],[-118.39999999999988,33.824999999999996]]]}},{"type":"Feature","properties":{"nearestScore":90,"avg5Score":92.0,"nearestDist":0.056,"reachMin":0.7,"walkMin":0.7,"bikeMin":0.2,"driveMin":0.1},"geometry":{"type":"Polygon","coordinates":[[[-118.37499999999987,33.824999999999996],[-118.34999999999987,33.824999999999996],[-118.34999999999987,33.849999999999994],[-118.37499999999987,33.849999999999994],[-118.37499999999987,33.824999999999996]]]}},{"type":"Feature","properties":{"nearestScore":90,"avg5Score":88.0,"nearestDist":0.51,"reachMin":6.1,"walkMin":6.1,"bikeMin":2.0,"driveMin":0.8},"geometry":{"type":"Polygon","coordinates":[[[-118.34999999999987,33.824999999999996],[-118.32499999999986,33.824999999999996],[-118.32499999999986,33.849999999999994],[-118.34999999999987,33.849999999999994],[-118.34999999999987,33.824999999999996]]]}},{"type":"Feature","properties":{"nearestScore":98,"avg5Score":93.2,"nearestDist":0.095,"reachMin":1.1,"walkMin":1.1,"bikeMin":0.4,"driveMin":0.1},"geometry":{"type":"Polygon","coordinates":[[[-118.32499999999986,33.824999999999996],[-118.29999999999986,33.824999999999996],[-118.29999999999986,33.849999999999994],[-118.32499999999986,33.849999999999994],[-118.32499999999986,33.824999999999996]]]}},{"type":"Feature","properties":{"nearestScore":95,"avg5Score":92.8,"nearestDist":0.249,"reachMin":3.0,"walkMin":3.0,"bikeMin":1.0,"driveMin":0.4},"geometry":{"type":"Polygon","coordinates":[[[-118.29999999999986,33.824999999999996],[-118.27499999999985,33.824999999999996],[-118.27499999999985,33.849999999999994],[-118.29999999999986,33.849999999999994],[-118.29999999999986,33.824999999999996]]]}},{"type":"Feature","properties":{"nearestScore":97,"avg5Score":91.8,"nearestDist":0.453,"reachMin":5.4,"walkMin":5.4,"bikeMin":1.8,"driveMin":0.7},"geometry":{"type":"Polygon","coordinates":[[[-118.27499999999985,33.824999999999996],[-118.24999999999984,33.824999999999996],[-118.24999999999984,33.849999999999994],[-118.27499999999985,33.849999999999994],[-118.27499999999985,33.824999999999996]]]}},{"type":"Feature","properties":{"nearestScore":98,"avg5Score":96.8,"nearestDist":0.188,"reachMin":2.3,"walkMin":2.3,"bikeMin":0.8,"driveMin":0.3},"geometry":{"type":"Polygon","coordinates":[[[-118.24999999999984,33.824999999999996],[-118.22499999999984,33.824999999999996],[-118.22499999999984,33.849999999999994],[-118.24999999999984,33.849999999999994],[-118.24999999999984,33.824999999999996]]]}},{"type":"Feature","properties":{"nearestScore":94,"avg5Score":94.8,"nearestDist":0.815,"reachMin":9.8,"walkMin":9.8,"bikeMin":3.3,"driveMin":1.2},"geometry":{"type":"Polygon","coordinates":[[[-118.22499999999984,33.824999999999996],[-118.19999999999983,33.824999999999996],[-118.19999999999983,33.849999999999994],[-118.22499999999984,33.849999999999994],[-118.22499999999984,33.824999999999996]]]}},{"type":"Feature","properties":{"nearestScore":96,"avg5Score":97.0,"nearestDist":2.045,"reachMin":24.5,"walkMin":24.5,"bikeMin":8.2,"driveMin":3.1},"geometry":{"type":"Polygon","coordinates":[[[-118.19999999999983,33.824999999999996],[-118.17499999999983,33.824999999999996],[-118.17499999999983,33.849999999999994],[-118.19999999999983,33.849999999999994],[-118.19999999999983,33.824999999999996]]]}},{"type":"Feature","properties":{"nearestScore":96,"avg5Score":93.6,"nearestDist":0.507,"reachMin":6.1,"walkMin":6.1,"bikeMin":2.0,"driveMin":0.8},"geometry":{"type":"Polygon","coordinates":[[[-118.17499999999983,33.824999999999996],[-118.14999999999982,33.824999999999996],[-118.14999999999982,33.849999999999994],[-118.17499999999983,33.849999999999994],[-118.17499999999983,33.824999999999996]]]}},{"type":"Feature","properties":{"nearestScore":92,"avg5Score":92.8,"nearestDist":1.086,"reachMin":13.0,"walkMin":13.0,"bikeMin":4.3,"driveMin":1.6},"geometry":{"type":"Polygon","coordinates":[[[-118.14999999999982,33.824999999999996],[-118.12499999999982,33.824999999999996],[-118.12499999999982,33.849999999999994],[-118.14999999999982,33.849999999999994],[-118.14999999999982,33.824999999999996]]]}},{"type":"Feature","properties":{"nearestScore":97,"avg5Score":94.8,"nearestDist":0.508,"reachMin":6.1,"walkMin":6.1,"bikeMin":2.0,"driveMin":0.8},"geometry":{"type":"Polygon","coordinates":[[[-118.12499999999982,33.824999999999996],[-118.09999999999981,33.824999999999996],[-118.09999999999981,33.849999999999994],[-118.12499999999982,33.849999999999994],[-118.12499999999982,33.824999999999996]]]}},{"type":"Feature","properties":{"nearestScore":97,"avg5Score":95.2,"nearestDist":0.538,"reachMin":6.5,"walkMin":6.5,"bikeMin":2.2,"driveMin":0.8},"geometry":{"type":"Polygon","coordinates":[[[-118.09999999999981,33.824999999999996],[-118.0749999999998,33.824999999999996],[-118.0749999999998,33.849999999999994],[-118.09999999999981,33.849999999999994],[-118.09999999999981,33.824999999999996]]]}},{"type":"Feature","properties":{"nearestScore":92,"avg5Score":94.4,"nearestDist":0.219,"reachMin":2.6,"walkMin":2.6,"bikeMin":0.9,"driveMin":0.3},"geometry":{"type":"Polygon","coordinates":[[[-118.0749999999998,33.824999999999996],[-118.0499999999998,33.824999999999996],[-118.0499999999998,33.849999999999994],[-118.0749999999998,33.849999999999994],[-118.0749999999998,33.824999999999996]]]}},{"type":"Feature","properties":{"nearestScore":92,"avg5Score":94.8,"nearestDist":2.487,"reachMin":29.8,"walkMin":29.8,"bikeMin":9.9,"driveMin":3.7},"geometry":{"type":"Polygon","coordinates":[[[-118.0499999999998,33.824999999999996],[-118.02499999999979,33.824999999999996],[-118.02499999999979,33.849999999999994],[-118.0499999999998,33.849999999999994],[-118.0499999999998,33.824999999999996]]]}},{"type":"Feature","properties":{"nearestScore":93,"avg5Score":95.2,"nearestDist":3.97,"reachMin":47.6,"walkMin":47.6,"bikeMin":15.9,"driveMin":6.0},"geometry":{"type":"Polygon","coordinates":[[[-118.02499999999979,33.824999999999996],[-117.99999999999979,33.824999999999996],[-117.99999999999979,33.849999999999994],[-118.02499999999979,33.849999999999994],[-118.02499999999979,33.824999999999996]]]}},{"type":"Feature","properties":{"nearestScore":97,"avg5Score":95.6,"nearestDist":4.831,"reachMin":58.0,"walkMin":58.0,"bikeMin":19.3,"driveMin":7.2},"geometry":{"type":"Polygon","coordinates":[[[-117.99999999999979,33.824999999999996],[-117.97499999999978,33.824999999999996],[-117.97499999999978,33.849999999999994],[-117.99999999999979,33.849999999999994],[-117.99999999999979,33.824999999999996]]]}},{"type":"Feature","properties":{"nearestScore":97,"avg5Score":92.4,"nearestDist":6.417,"reachMin":77.0,"walkMin":77.0,"bikeMin":25.7,"driveMin":9.6},"geometry":{"type":"Polygon","coordinates":[[[-117.97499999999978,33.824999999999996],[-117.94999999999978,33.824999999999996],[-117.94999999999978,33.849999999999994],[-117.97499999999978,33.849999999999994],[-117.97499999999978,33.824999999999996]]]}},{"type":"Feature","properties":{"nearestScore":95,"avg5Score":91.0,"nearestDist":7.992,"reachMin":95.9,"walkMin":95.9,"bikeMin":32.0,"driveMin":12.0},"geometry":{"type":"Polygon","coordinates":[[[-117.94999999999978,33.824999999999996],[-117.92499999999977,33.824999999999996],[-117.92499999999977,33.849999999999994],[-117.94999999999978,33.849999999999994],[-117.94999999999978,33.824999999999996]]]}},{"type":"Feature","properties":{"nearestScore":95,"avg5Score":91.0,"nearestDist":9.501,"reachMin":114.0,"walkMin":114.0,"bikeMin":38.0,"driveMin":14.3},"geometry":{"type":"Polygon","coordinates":[[[-117.92499999999977,33.824999999999996],[-117.89999999999976,33.824999999999996],[-117.89999999999976,33.849999999999994],[-117.92499999999977,33.849999999999994],[-117.92499999999977,33.824999999999996]]]}},{"type":"Feature","properties":{"nearestScore":95,"avg5Score":91.0,"nearestDist":11.283,"reachMin":135.4,"walkMin":135.4,"bikeMin":45.1,"driveMin":16.9},"geometry":{"type":"Polygon","coordinates":[[[-117.89999999999976,33.824999999999996],[-117.87499999999976,33.824999999999996],[-117.87499999999976,33.849999999999994],[-117.89999999999976,33.849999999999994],[-117.89999999999976,33.824999999999996]]]}},{"type":"Feature","properties":{"nearestScore":95,"avg5Score":91.0,"nearestDist":13.23,"reachMin":158.8,"walkMin":158.8,"bikeMin":52.9,"driveMin":19.8},"geometry":{"type":"Polygon","coordinates":[[[-117.87499999999976,33.824999999999996],[-117.84999999999975,33.824999999999996],[-117.84999999999975,33.849999999999994],[-117.87499999999976,33.849999999999994],[-117.87499999999976,33.824999999999996]]]}},{"type":"Feature","properties":{"nearestScore":97,"avg5Score":93.0,"nearestDist":14.867,"reachMin":178.4,"walkMin":178.4,"bikeMin":59.5,"driveMin":22.3},"geometry":{"type":"Polygon","coordinates":[[[-117.84999999999975,33.824999999999996],[-117.82499999999975,33.824999999999996],[-117.82499999999975,33.849999999999994],[-117.84999999999975,33.849999999999994],[-117.84999999999975,33.824999999999996]]]}},{"type":"Feature","properties":{"nearestScore":97,"avg5Score":93.0,"nearestDist":15.166,"reachMin":182.0,"walkMin":182.0,"bikeMin":60.7,"driveMin":22.7},"geometry":{"type":"Polygon","coordinates":[[[-117.82499999999975,33.824999999999996],[-117.79999999999974,33.824999999999996],[-117.79999999999974,33.849999999999994],[-117.82499999999975,33.849999999999994],[-117.82499999999975,33.824999999999996]]]}},{"type":"Feature","properties":{"nearestScore":97,"avg5Score":93.0,"nearestDist":15.8,"reachMin":189.6,"walkMin":189.6,"bikeMin":63.2,"driveMin":23.7},"geometry":{"type":"Polygon","coordinates":[[[-117.79999999999974,33.824999999999996],[-117.77499999999974,33.824999999999996],[-117.77499999999974,33.849999999999994],[-117.79999999999974,33.849999999999994],[-117.79999999999974,33.824999999999996]]]}},{"type":"Feature","properties":{"nearestScore":91,"avg5Score":91.6,"nearestDist":16.658,"reachMin":199.9,"walkMin":199.9,"bikeMin":66.6,"driveMin":25.0},"geometry":{"type":"Polygon","coordinates":[[[-117.77499999999974,33.824999999999996],[-117.74999999999973,33.824999999999996],[-117.74999999999973,33.849999999999994],[-117.77499999999974,33.849999999999994],[-117.77499999999974,33.824999999999996]]]}},{"type":"Feature","properties":{"nearestScore":91,"avg5Score":91.6,"nearestDist":17.753,"reachMin":213.0,"walkMin":213.0,"bikeMin":71.0,"driveMin":26.6},"geometry":{"type":"Polygon","coordinates":[[[-117.74999999999973,33.824999999999996],[-117.72499999999972,33.824999999999996],[-117.72499999999972,33.849999999999994],[-117.74999999999973,33.849999999999994],[-117.74999999999973,33.824999999999996]]]}},{"type":"Feature","properties":{"nearestScore":91,"avg5Score":91.6,"nearestDist":19.065,"reachMin":228.8,"walkMin":228.8,"bikeMin":76.3,"driveMin":28.6},"geometry":{"type":"Polygon","coordinates":[[[-117.72499999999972,33.824999999999996],[-117.69999999999972,33.824999999999996],[-117.69999999999972,33.849999999999994],[-117.72499999999972,33.849999999999994],[-117.72499999999972,33.824999999999996]]]}},{"type":"Feature","properties":{"nearestScore":91,"avg5Score":91.6,"nearestDist":20.553,"reachMin":246.6,"walkMin":246.6,"bikeMin":82.2,"driveMin":30.8},"geometry":{"type":"Polygon","coordinates":[[[-117.69999999999972,33.824999999999996],[-117.67499999999971,33.824999999999996],[-117.67499999999971,33.849999999999994],[-117.69999999999972,33.849999999999994],[-117.69999999999972,33.824999999999996]]]}},{"type":"Feature","properties":{"nearestScore":98,"avg5Score":93.4,"nearestDist":21.66,"reachMin":259.9,"walkMin":259.9,"bikeMin":86.6,"driveMin":32.5},"geometry":{"type":"Polygon","coordinates":[[[-117.67499999999971,33.824999999999996],[-117.64999999999971,33.824999999999996],[-117.64999999999971,33.849999999999994],[-117.67499999999971,33.849999999999994],[-117.67499999999971,33.824999999999996]]]}},{"type":"Feature","properties":{"nearestScore":95,"avg5Score":93.6,"nearestDist":19.968,"reachMin":239.6,"walkMin":239.6,"bikeMin":79.9,"driveMin":30.0},"geometry":{"type":"Polygon","coordinates":[[[-118.95,33.849999999999994],[-118.925,33.849999999999994],[-118.925,33.87499999999999],[-118.95,33.87499999999999],[-118.95,33.849999999999994]]]}},{"type":"Feature","properties":{"nearestScore":95,"avg5Score":92.0,"nearestDist":18.792,"reachMin":225.5,"walkMin":225.5,"bikeMin":75.2,"driveMin":28.2},"geometry":{"type":"Polygon","coordinates":[[[-118.925,33.849999999999994],[-118.89999999999999,33.849999999999994],[-118.89999999999999,33.87499999999999],[-118.925,33.87499999999999],[-118.925,33.849999999999994]]]}},{"type":"Feature","properties":{"nearestScore":95,"avg5Score":95.2,"nearestDist":17.837,"reachMin":214.0,"walkMin":214.0,"bikeMin":71.3,"driveMin":26.8},"geometry":{"type":"Polygon","coordinates":[[[-118.89999999999999,33.849999999999994],[-118.87499999999999,33.849999999999994],[-118.87499999999999,33.87499999999999],[-118.89999999999999,33.87499999999999],[-118.89999999999999,33.849999999999994]]]}},{"type":"Feature","properties":{"nearestScore":95,"avg5Score":95.2,"nearestDist":17.142,"reachMin":205.7,"walkMin":205.7,"bikeMin":68.6,"driveMin":25.7},"geometry":{"type":"Polygon","coordinates":[[[-118.87499999999999,33.849999999999994],[-118.84999999999998,33.849999999999994],[-118.84999999999998,33.87499999999999],[-118.87499999999999,33.87499999999999],[-118.87499999999999,33.849999999999994]]]}},{"type":"Feature","properties":{"nearestScore":95,"avg5Score":95.2,"nearestDist":16.737,"reachMin":200.8,"walkMin":200.8,"bikeMin":66.9,"driveMin":25.1},"geometry":{"type":"Polygon","coordinates":[[[-118.84999999999998,33.849999999999994],[-118.82499999999997,33.849999999999994],[-118.82499999999997,33.87499999999999],[-118.84999999999998,33.87499999999999],[-118.84999999999998,33.849999999999994]]]}},{"type":"Feature","properties":{"nearestScore":95,"avg5Score":95.2,"nearestDist":16.646,"reachMin":199.8,"walkMin":199.8,"bikeMin":66.6,"driveMin":25.0},"geometry":{"type":"Polygon","coordinates":[[[-118.82499999999997,33.849999999999994],[-118.79999999999997,33.849999999999994],[-118.79999999999997,33.87499999999999],[-118.82499999999997,33.87499999999999],[-118.82499999999997,33.849999999999994]]]}},{"type":"Feature","properties":{"nearestScore":95,"avg5Score":96.0,"nearestDist":16.872,"reachMin":202.5,"walkMin":202.5,"bikeMin":67.5,"driveMin":25.3},"geometry":{"type":"Polygon","coordinates":[[[-118.79999999999997,33.849999999999994],[-118.77499999999996,33.849999999999994],[-118.77499999999996,33.87499999999999],[-118.79999999999997,33.87499999999999],[-118.79999999999997,33.849999999999994]]]}},{"type":"Feature","properties":{"nearestScore":95,"avg5Score":96.0,"nearestDist":17.404,"reachMin":208.8,"walkMin":208.8,"bikeMin":69.6,"driveMin":26.1},"geometry":{"type":"Polygon","coordinates":[[[-118.77499999999996,33.849999999999994],[-118.74999999999996,33.849999999999994],[-118.74999999999996,33.87499999999999],[-118.77499999999996,33.87499999999999],[-118.77499999999996,33.849999999999994]]]}},{"type":"Feature","properties":{"nearestScore":95,"avg5Score":96.0,"nearestDist":18.214,"reachMin":218.6,"walkMin":218.6,"bikeMin":72.9,"driveMin":27.3},"geometry":{"type":"Polygon","coordinates":[[[-118.74999999999996,33.849999999999994],[-118.72499999999995,33.849999999999994],[-118.72499999999995,33.87499999999999],[-118.74999999999996,33.87499999999999],[-118.74999999999996,33.849999999999994]]]}},{"type":"Feature","properties":{"nearestScore":80,"avg5Score":94.4,"nearestDist":19.078,"reachMin":228.9,"walkMin":228.9,"bikeMin":76.3,"driveMin":28.6},"geometry":{"type":"Polygon","coordinates":[[[-118.72499999999995,33.849999999999994],[-118.69999999999995,33.849999999999994],[-118.69999999999995,33.87499999999999],[-118.72499999999995,33.87499999999999],[-118.72499999999995,33.849999999999994]]]}},{"type":"Feature","properties":{"nearestScore":80,"avg5Score":94.4,"nearestDist":19.023,"reachMin":228.3,"walkMin":228.3,"bikeMin":76.1,"driveMin":28.5},"geometry":{"type":"Polygon","coordinates":[[[-118.69999999999995,33.849999999999994],[-118.67499999999994,33.849999999999994],[-118.67499999999994,33.87499999999999],[-118.69999999999995,33.87499999999999],[-118.69999999999995,33.849999999999994]]]}},{"type":"Feature","properties":{"nearestScore":95,"avg5Score":97.4,"nearestDist":19.232,"reachMin":230.8,"walkMin":230.8,"bikeMin":76.9,"driveMin":28.8},"geometry":{"type":"Polygon","coordinates":[[[-118.67499999999994,33.849999999999994],[-118.64999999999993,33.849999999999994],[-118.64999999999993,33.87499999999999],[-118.67499999999994,33.87499999999999],[-118.67499999999994,33.849999999999994]]]}},{"type":"Feature","properties":{"nearestScore":98,"avg5Score":96.2,"nearestDist":19.39,"reachMin":232.7,"walkMin":232.7,"bikeMin":77.6,"driveMin":29.1},"geometry":{"type":"Polygon","coordinates":[[[-118.64999999999993,33.849999999999994],[-118.62499999999993,33.849999999999994],[-118.62499999999993,33.87499999999999],[-118.64999999999993,33.87499999999999],[-118.64999999999993,33.849999999999994]]]}},{"type":"Feature","properties":{"nearestScore":96,"avg5Score":94.6,"nearestDist":18.061,"reachMin":216.7,"walkMin":216.7,"bikeMin":72.2,"driveMin":27.1},"geometry":{"type":"Polygon","coordinates":[[[-118.62499999999993,33.849999999999994],[-118.59999999999992,33.849999999999994],[-118.59999999999992,33.87499999999999],[-118.62499999999993,33.87499999999999],[-118.62499999999993,33.849999999999994]]]}},{"type":"Feature","properties":{"nearestScore":96,"avg5Score":94.8,"nearestDist":15.996,"reachMin":192.0,"walkMin":192.0,"bikeMin":64.0,"driveMin":24.0},"geometry":{"type":"Polygon","coordinates":[[[-118.59999999999992,33.849999999999994],[-118.57499999999992,33.849999999999994],[-118.57499999999992,33.87499999999999],[-118.59999999999992,33.87499999999999],[-118.59999999999992,33.849999999999994]]]}},{"type":"Feature","properties":{"nearestScore":98,"avg5Score":94.8,"nearestDist":13.816,"reachMin":165.8,"walkMin":165.8,"bikeMin":55.3,"driveMin":20.7},"geometry":{"type":"Polygon","coordinates":[[[-118.57499999999992,33.849999999999994],[-118.54999999999991,33.849999999999994],[-118.54999999999991,33.87499999999999],[-118.57499999999992,33.87499999999999],[-118.57499999999992,33.849999999999994]]]}},{"type":"Feature","properties":{"nearestScore":98,"avg5Score":92.4,"nearestDist":11.663,"reachMin":140.0,"walkMin":140.0,"bikeMin":46.7,"driveMin":17.5},"geometry":{"type":"Polygon","coordinates":[[[-118.54999999999991,33.849999999999994],[-118.5249999999999,33.849999999999994],[-118.5249999999999,33.87499999999999],[-118.54999999999991,33.87499999999999],[-118.54999999999991,33.849999999999994]]]}},{"type":"Feature","properties":{"nearestScore":98,"avg5Score":94.2,"nearestDist":9.582,"reachMin":115.0,"walkMin":115.0,"bikeMin":38.3,"driveMin":14.4},"geometry":{"type":"Polygon","coordinates":[[[-118.5249999999999,33.849999999999994],[-118.4999999999999,33.849999999999994],[-118.4999999999999,33.87499999999999],[-118.5249999999999,33.87499999999999],[-118.5249999999999,33.849999999999994]]]}},{"type":"Feature","properties":{"nearestScore":93,"avg5Score":92.8,"nearestDist":7.458,"reachMin":89.5,"walkMin":89.5,"bikeMin":29.8,"driveMin":11.2},"geometry":{"type":"Polygon","coordinates":[[[-118.4999999999999,33.849999999999994],[-118.4749999999999,33.849999999999994],[-118.4749999999999,33.87499999999999],[-118.4999999999999,33.87499999999999],[-118.4999999999999,33.849999999999994]]]}},{"type":"Feature","properties":{"nearestScore":96,"avg5Score":92.8,"nearestDist":5.333,"reachMin":64.0,"walkMin":64.0,"bikeMin":21.3,"driveMin":8.0},"geometry":{"type":"Polygon","coordinates":[[[-118.4749999999999,33.849999999999994],[-118.44999999999989,33.849999999999994],[-118.44999999999989,33.87499999999999],[-118.4749999999999,33.87499999999999],[-118.4749999999999,33.849999999999994]]]}},{"type":"Feature","properties":{"nearestScore":96,"avg5Score":92.4,"nearestDist":3.166,"reachMin":38.0,"walkMin":38.0,"bikeMin":12.7,"driveMin":4.7},"geometry":{"type":"Polygon","coordinates":[[[-118.44999999999989,33.849999999999994],[-118.42499999999988,33.849999999999994],[-118.42499999999988,33.87499999999999],[-118.44999999999989,33.87499999999999],[-118.44999999999989,33.849999999999994]]]}},{"type":"Feature","properties":{"nearestScore":95,"avg5Score":91.0,"nearestDist":0.98,"reachMin":11.8,"walkMin":11.8,"bikeMin":3.9,"driveMin":1.5},"geometry":{"type":"Polygon","coordinates":[[[-118.42499999999988,33.849999999999994],[-118.39999999999988,33.849999999999994],[-118.39999999999988,33.87499999999999],[-118.42499999999988,33.87499999999999],[-118.42499999999988,33.849999999999994]]]}},{"type":"Feature","properties":{"nearestScore":83,"avg5Score":90.2,"nearestDist":0.227,"reachMin":2.7,"walkMin":2.7,"bikeMin":0.9,"driveMin":0.3},"geometry":{"type":"Polygon","coordinates":[[[-118.39999999999988,33.849999999999994],[-118.37499999999987,33.849999999999994],[-118.37499999999987,33.87499999999999],[-118.39999999999988,33.87499999999999],[-118.39999999999988,33.849999999999994]]]}},{"type":"Feature","properties":{"nearestScore":96,"avg5Score":94.2,"nearestDist":0.487,"reachMin":5.8,"walkMin":5.8,"bikeMin":1.9,"driveMin":0.7},"geometry":{"type":"Polygon","coordinates":[[[-118.37499999999987,33.849999999999994],[-118.34999999999987,33.849999999999994],[-118.34999999999987,33.87499999999999],[-118.37499999999987,33.87499999999999],[-118.37499999999987,33.849999999999994]]]}},{"type":"Feature","properties":{"nearestScore":90,"avg5Score":92.0,"nearestDist":0.459,"reachMin":5.5,"walkMin":5.5,"bikeMin":1.8,"driveMin":0.7},"geometry":{"type":"Polygon","coordinates":[[[-118.34999999999987,33.849999999999994],[-118.32499999999986,33.849999999999994],[-118.32499999999986,33.87499999999999],[-118.34999999999987,33.87499999999999],[-118.34999999999987,33.849999999999994]]]}},{"type":"Feature","properties":{"nearestScore":96,"avg5Score":96.4,"nearestDist":0.307,"reachMin":3.7,"walkMin":3.7,"bikeMin":1.2,"driveMin":0.5},"geometry":{"type":"Polygon","coordinates":[[[-118.32499999999986,33.849999999999994],[-118.29999999999986,33.849999999999994],[-118.29999999999986,33.87499999999999],[-118.32499999999986,33.87499999999999],[-118.32499999999986,33.849999999999994]]]}},{"type":"Feature","properties":{"nearestScore":97,"avg5Score":93.4,"nearestDist":0.509,"reachMin":6.1,"walkMin":6.1,"bikeMin":2.0,"driveMin":0.8},"geometry":{"type":"Polygon","coordinates":[[[-118.29999999999986,33.849999999999994],[-118.27499999999985,33.849999999999994],[-118.27499999999985,33.87499999999999],[-118.29999999999986,33.87499999999999],[-118.29999999999986,33.849999999999994]]]}},{"type":"Feature","properties":{"nearestScore":91,"avg5Score":93.6,"nearestDist":0.351,"reachMin":4.2,"walkMin":4.2,"bikeMin":1.4,"driveMin":0.5},"geometry":{"type":"Polygon","coordinates":[[[-118.27499999999985,33.849999999999994],[-118.24999999999984,33.849999999999994],[-118.24999999999984,33.87499999999999],[-118.27499999999985,33.87499999999999],[-118.27499999999985,33.849999999999994]]]}},{"type":"Feature","properties":{"nearestScore":90,"avg5Score":90.8,"nearestDist":0.607,"reachMin":7.3,"walkMin":7.3,"bikeMin":2.4,"driveMin":0.9},"geometry":{"type":"Polygon","coordinates":[[[-118.24999999999984,33.849999999999994],[-118.22499999999984,33.849999999999994],[-118.22499999999984,33.87499999999999],[-118.24999999999984,33.87499999999999],[-118.24999999999984,33.849999999999994]]]}},{"type":"Feature","properties":{"nearestScore":99,"avg5Score":95.8,"nearestDist":1.313,"reachMin":15.8,"walkMin":15.8,"bikeMin":5.3,"driveMin":2.0},"geometry":{"type":"Polygon","coordinates":[[[-118.22499999999984,33.849999999999994],[-118.19999999999983,33.849999999999994],[-118.19999999999983,33.87499999999999],[-118.22499999999984,33.87499999999999],[-118.22499999999984,33.849999999999994]]]}},{"type":"Feature","properties":{"nearestScore":92,"avg5Score":95.0,"nearestDist":2.045,"reachMin":24.5,"walkMin":24.5,"bikeMin":8.2,"driveMin":3.1},"geometry":{"type":"Polygon","coordinates":[[[-118.19999999999983,33.849999999999994],[-118.17499999999983,33.849999999999994],[-118.17499999999983,33.87499999999999],[-118.19999999999983,33.87499999999999],[-118.19999999999983,33.849999999999994]]]}},{"type":"Feature","properties":{"nearestScore":93,"avg5Score":93.2,"nearestDist":0.99,"reachMin":11.9,"walkMin":11.9,"bikeMin":4.0,"driveMin":1.5},"geometry":{"type":"Polygon","coordinates":[[[-118.17499999999983,33.849999999999994],[-118.14999999999982,33.849999999999994],[-118.14999999999982,33.87499999999999],[-118.17499999999983,33.87499999999999],[-118.17499999999983,33.849999999999994]]]}},{"type":"Feature","properties":{"nearestScore":96,"avg5Score":96.6,"nearestDist":0.413,"reachMin":5.0,"walkMin":5.0,"bikeMin":1.7,"driveMin":0.6},"geometry":{"type":"Polygon","coordinates":[[[-118.14999999999982,33.849999999999994],[-118.12499999999982,33.849999999999994],[-118.12499999999982,33.87499999999999],[-118.14999999999982,33.87499999999999],[-118.14999999999982,33.849999999999994]]]}},{"type":"Feature","properties":{"nearestScore":95,"avg5Score":92.0,"nearestDist":0.513,"reachMin":6.2,"walkMin":6.2,"bikeMin":2.1,"driveMin":0.8},"geometry":{"type":"Polygon","coordinates":[[[-118.12499999999982,33.849999999999994],[-118.09999999999981,33.849999999999994],[-118.09999999999981,33.87499999999999],[-118.12499999999982,33.87499999999999],[-118.12499999999982,33.849999999999994]]]}},{"type":"Feature","properties":{"nearestScore":95,"avg5Score":94.8,"nearestDist":0.315,"reachMin":3.8,"walkMin":3.8,"bikeMin":1.3,"driveMin":0.5},"geometry":{"type":"Polygon","coordinates":[[[-118.09999999999981,33.849999999999994],[-118.0749999999998,33.849999999999994],[-118.0749999999998,33.87499999999999],[-118.09999999999981,33.87499999999999],[-118.09999999999981,33.849999999999994]]]}},{"type":"Feature","properties":{"nearestScore":92,"avg5Score":93.2,"nearestDist":0.449,"reachMin":5.4,"walkMin":5.4,"bikeMin":1.8,"driveMin":0.7},"geometry":{"type":"Polygon","coordinates":[[[-118.0749999999998,33.849999999999994],[-118.0499999999998,33.849999999999994],[-118.0499999999998,33.87499999999999],[-118.0749999999998,33.87499999999999],[-118.0749999999998,33.849999999999994]]]}},{"type":"Feature","properties":{"nearestScore":93,"avg5Score":95.6,"nearestDist":0.977,"reachMin":11.7,"walkMin":11.7,"bikeMin":3.9,"driveMin":1.5},"geometry":{"type":"Polygon","coordinates":[[[-118.0499999999998,33.849999999999994],[-118.02499999999979,33.849999999999994],[-118.02499999999979,33.87499999999999],[-118.0499999999998,33.87499999999999],[-118.0499999999998,33.849999999999994]]]}},{"type":"Feature","properties":{"nearestScore":97,"avg5Score":97.4,"nearestDist":1.283,"reachMin":15.4,"walkMin":15.4,"bikeMin":5.1,"driveMin":1.9},"geometry":{"type":"Polygon","coordinates":[[[-118.02499999999979,33.849999999999994],[-117.99999999999979,33.849999999999994],[-117.99999999999979,33.87499999999999],[-118.02499999999979,33.87499999999999],[-118.02499999999979,33.849999999999994]]]}},{"type":"Feature","properties":{"nearestScore":97,"avg5Score":94.4,"nearestDist":2.972,"reachMin":35.7,"walkMin":35.7,"bikeMin":11.9,"driveMin":4.5},"geometry":{"type":"Polygon","coordinates":[[[-117.99999999999979,33.849999999999994],[-117.97499999999978,33.849999999999994],[-117.97499999999978,33.87499999999999],[-117.99999999999979,33.87499999999999],[-117.99999999999979,33.849999999999994]]]}},{"type":"Feature","properties":{"nearestScore":95,"avg5Score":91.0,"nearestDist":4.402,"reachMin":52.8,"walkMin":52.8,"bikeMin":17.6,"driveMin":6.6},"geometry":{"type":"Polygon","coordinates":[[[-117.97499999999978,33.849999999999994],[-117.94999999999978,33.849999999999994],[-117.94999999999978,33.87499999999999],[-117.97499999999978,33.87499999999999],[-117.97499999999978,33.849999999999994]]]}},{"type":"Feature","properties":{"nearestScore":95,"avg5Score":91.0,"nearestDist":5.926,"reachMin":71.1,"walkMin":71.1,"bikeMin":23.7,"driveMin":8.9},"geometry":{"type":"Polygon","coordinates":[[[-117.94999999999978,33.849999999999994],[-117.92499999999977,33.849999999999994],[-117.92499999999977,33.87499999999999],[-117.94999999999978,33.87499999999999],[-117.94999999999978,33.849999999999994]]]}},{"type":"Feature","properties":{"nearestScore":94,"avg5Score":91.0,"nearestDist":7.842,"reachMin":94.1,"walkMin":94.1,"bikeMin":31.4,"driveMin":11.8},"geometry":{"type":"Polygon","coordinates":[[[-117.92499999999977,33.849999999999994],[-117.89999999999976,33.849999999999994],[-117.89999999999976,33.87499999999999],[-117.92499999999977,33.87499999999999],[-117.92499999999977,33.849999999999994]]]}},{"type":"Feature","properties":{"nearestScore":95,"avg5Score":93.8,"nearestDist":9.795,"reachMin":117.5,"walkMin":117.5,"bikeMin":39.2,"driveMin":14.7},"geometry":{"type":"Polygon","coordinates":[[[-117.89999999999976,33.849999999999994],[-117.87499999999976,33.849999999999994],[-117.87499999999976,33.87499999999999],[-117.89999999999976,33.87499999999999],[-117.89999999999976,33.849999999999994]]]}},{"type":"Feature","properties":{"nearestScore":95,"avg5Score":93.8,"nearestDist":11.808,"reachMin":141.7,"walkMin":141.7,"bikeMin":47.2,"driveMin":17.7},"geometry":{"type":"Polygon","coordinates":[[[-117.87499999999976,33.849999999999994],[-117.84999999999975,33.849999999999994],[-117.84999999999975,33.87499999999999],[-117.87499999999976,33.87499999999999],[-117.87499999999976,33.849999999999994]]]}},{"type":"Feature","properties":{"nearestScore":97,"avg5Score":93.0,"nearestDist":12.092,"reachMin":145.1,"walkMin":145.1,"bikeMin":48.4,"driveMin":18.1},"geometry":{"type":"Polygon","coordinates":[[[-117.84999999999975,33.849999999999994],[-117.82499999999975,33.849999999999994],[-117.82499999999975,33.87499999999999],[-117.84999999999975,33.87499999999999],[-117.84999999999975,33.849999999999994]]]}},{"type":"Feature","properties":{"nearestScore":97,"avg5Score":93.0,"nearestDist":12.458,"reachMin":149.5,"walkMin":149.5,"bikeMin":49.8,"driveMin":18.7},"geometry":{"type":"Polygon","coordinates":[[[-117.82499999999975,33.849999999999994],[-117.79999999999974,33.849999999999994],[-117.79999999999974,33.87499999999999],[-117.82499999999975,33.87499999999999],[-117.82499999999975,33.849999999999994]]]}},{"type":"Feature","properties":{"nearestScore":91,"avg5Score":93.0,"nearestDist":13.198,"reachMin":158.4,"walkMin":158.4,"bikeMin":52.8,"driveMin":19.8},"geometry":{"type":"Polygon","coordinates":[[[-117.79999999999974,33.849999999999994],[-117.77499999999974,33.849999999999994],[-117.77499999999974,33.87499999999999],[-117.79999999999974,33.87499999999999],[-117.79999999999974,33.849999999999994]]]}},{"type":"Feature","properties":{"nearestScore":91,"avg5Score":91.6,"nearestDist":14.184,"reachMin":170.2,"walkMin":170.2,"bikeMin":56.7,"driveMin":21.3},"geometry":{"type":"Polygon","coordinates":[[[-117.77499999999974,33.849999999999994],[-117.74999999999973,33.849999999999994],[-117.74999999999973,33.87499999999999],[-117.77499999999974,33.87499999999999],[-117.77499999999974,33.849999999999994]]]}},{"type":"Feature","properties":{"nearestScore":91,"avg5Score":91.6,"nearestDist":15.454,"reachMin":185.4,"walkMin":185.4,"bikeMin":61.8,"driveMin":23.2},"geometry":{"type":"Polygon","coordinates":[[[-117.74999999999973,33.849999999999994],[-117.72499999999972,33.849999999999994],[-117.72499999999972,33.87499999999999],[-117.74999999999973,33.87499999999999],[-117.74999999999973,33.849999999999994]]]}},{"type":"Feature","properties":{"nearestScore":91,"avg5Score":91.6,"nearestDist":16.945,"reachMin":203.3,"walkMin":203.3,"bikeMin":67.8,"driveMin":25.4},"geometry":{"type":"Polygon","coordinates":[[[-117.72499999999972,33.849999999999994],[-117.69999999999972,33.849999999999994],[-117.69999999999972,33.87499999999999],[-117.72499999999972,33.87499999999999],[-117.72499999999972,33.849999999999994]]]}},{"type":"Feature","properties":{"nearestScore":98,"avg5Score":93.4,"nearestDist":18.377,"reachMin":220.5,"walkMin":220.5,"bikeMin":73.5,"driveMin":27.6},"geometry":{"type":"Polygon","coordinates":[[[-117.69999999999972,33.849999999999994],[-117.67499999999971,33.849999999999994],[-117.67499999999971,33.87499999999999],[-117.69999999999972,33.87499999999999],[-117.69999999999972,33.849999999999994]]]}},{"type":"Feature","properties":{"nearestScore":98,"avg5Score":97.0,"nearestDist":19.02,"reachMin":228.2,"walkMin":228.2,"bikeMin":76.1,"driveMin":28.5},"geometry":{"type":"Polygon","coordinates":[[[-117.67499999999971,33.849999999999994],[-117.64999999999971,33.849999999999994],[-117.64999999999971,33.87499999999999],[-117.67499999999971,33.87499999999999],[-117.67499999999971,33.849999999999994]]]}},{"type":"Feature","properties":{"nearestScore":98,"avg5Score":92.6,"nearestDist":17.551,"reachMin":210.6,"walkMin":210.6,"bikeMin":70.2,"driveMin":26.3},"geometry":{"type":"Polygon","coordinates":[[[-118.95,33.87499999999999],[-118.925,33.87499999999999],[-118.925,33.89999999999999],[-118.95,33.89999999999999],[-118.95,33.87499999999999]]]}},{"type":"Feature","properties":{"nearestScore":95,"avg5Score":92.0,"nearestDist":16.381,"reachMin":196.6,"walkMin":196.6,"bikeMin":65.5,"driveMin":24.6},"geometry":{"type":"Polygon","coordinates":[[[-118.925,33.87499999999999],[-118.89999999999999,33.87499999999999],[-118.89999999999999,33.89999999999999],[-118.925,33.89999999999999],[-118.925,33.87499999999999]]]}},{"type":"Feature","properties":{"nearestScore":95,"avg5Score":92.0,"nearestDist":15.277,"reachMin":183.3,"walkMin":183.3,"bikeMin":61.1,"driveMin":22.9},"geometry":{"type":"Polygon","coordinates":[[[-118.89999999999999,33.87499999999999],[-118.87499999999999,33.87499999999999],[-118.87499999999999,33.89999999999999],[-118.89999999999999,33.89999999999999],[-118.89999999999999,33.87499999999999]]]}},{"type":"Feature","properties":{"nearestScore":95,"avg5Score":95.2,"nearestDist":14.459,"reachMin":173.5,"walkMin":173.5,"bikeMin":57.8,"driveMin":21.7},"geometry":{"type":"Polygon","coordinates":[[[-118.87499999999999,33.87499999999999],[-118.84999999999998,33.87499999999999],[-118.84999999999998,33.89999999999999],[-118.87499999999999,33.89999999999999],[-118.87499999999999,33.87499999999999]]]}},{"type":"Feature","properties":{"nearestScore":95,"avg5Score":95.2,"nearestDist":13.977,"reachMin":167.7,"walkMin":167.7,"bikeMin":55.9,"driveMin":21.0},"geometry":{"type":"Polygon","coordinates":[[[-118.84999999999998,33.87499999999999],[-118.82499999999997,33.87499999999999],[-118.82499999999997,33.89999999999999],[-118.84999999999998,33.89999999999999],[-118.84999999999998,33.87499999999999]]]}},{"type":"Feature","properties":{"nearestScore":95,"avg5Score":95.2,"nearestDist":13.868,"reachMin":166.4,"walkMin":166.4,"bikeMin":55.5,"driveMin":20.8},"geometry":{"type":"Polygon","coordinates":[[[-118.82499999999997,33.87499999999999],[-118.79999999999997,33.87499999999999],[-118.79999999999997,33.89999999999999],[-118.82499999999997,33.89999999999999],[-118.82499999999997,33.87499999999999]]]}},{"type":"Feature","properties":{"nearestScore":95,"avg5Score":96.0,"nearestDist":14.138,"reachMin":169.7,"walkMin":169.7,"bikeMin":56.6,"driveMin":21.2},"geometry":{"type":"Polygon","coordinates":[[[-118.79999999999997,33.87499999999999],[-118.77499999999996,33.87499999999999],[-118.77499999999996,33.89999999999999],[-118.79999999999997,33.89999999999999],[-118.79999999999997,33.87499999999999]]]}},{"type":"Feature","properties":{"nearestScore":95,"avg5Score":96.0,"nearestDist":14.769,"reachMin":177.2,"walkMin":177.2,"bikeMin":59.1,"driveMin":22.2},"geometry":{"type":"Polygon","coordinates":[[[-118.77499999999996,33.87499999999999],[-118.74999999999996,33.87499999999999],[-118.74999999999996,33.89999999999999],[-118.77499999999996,33.89999999999999],[-118.77499999999996,33.87499999999999]]]}},{"type":"Feature","properties":{"nearestScore":95,"avg5Score":94.6,"nearestDist":15.715,"reachMin":188.6,"walkMin":188.6,"bikeMin":62.9,"driveMin":23.6},"geometry":{"type":"Polygon","coordinates":[[[-118.74999999999996,33.87499999999999],[-118.72499999999995,33.87499999999999],[-118.72499999999995,33.89999999999999],[-118.74999999999996,33.89999999999999],[-118.74999999999996,33.87499999999999]]]}},{"type":"Feature","properties":{"nearestScore":80,"avg5Score":94.0,"nearestDist":16.309,"reachMin":195.7,"walkMin":195.7,"bikeMin":65.2,"driveMin":24.5},"geometry":{"type":"Polygon","coordinates":[[[-118.72499999999995,33.87499999999999],[-118.69999999999995,33.87499999999999],[-118.69999999999995,33.89999999999999],[-118.72499999999995,33.89999999999999],[-118.72499999999995,33.87499999999999]]]}},{"type":"Feature","properties":{"nearestScore":80,"avg5Score":94.4,"nearestDist":16.245,"reachMin":194.9,"walkMin":194.9,"bikeMin":65.0,"driveMin":24.4},"geometry":{"type":"Polygon","coordinates":[[[-118.69999999999995,33.87499999999999],[-118.67499999999994,33.87499999999999],[-118.67499999999994,33.89999999999999],[-118.69999999999995,33.89999999999999],[-118.69999999999995,33.87499999999999]]]}},{"type":"Feature","properties":{"nearestScore":95,"avg5Score":97.4,"nearestDist":16.47,"reachMin":197.6,"walkMin":197.6,"bikeMin":65.9,"driveMin":24.7},"geometry":{"type":"Polygon","coordinates":[[[-118.67499999999994,33.87499999999999],[-118.64999999999993,33.87499999999999],[-118.64999999999993,33.89999999999999],[-118.67499999999994,33.89999999999999],[-118.67499999999994,33.87499999999999]]]}},{"type":"Feature","properties":{"nearestScore":98,"avg5Score":96.2,"nearestDist":16.61,"reachMin":199.3,"walkMin":199.3,"bikeMin":66.4,"driveMin":24.9},"geometry":{"type":"Polygon","coordinates":[[[-118.64999999999993,33.87499999999999],[-118.62499999999993,33.87499999999999],[-118.62499999999993,33.89999999999999],[-118.64999999999993,33.89999999999999],[-118.64999999999993,33.87499999999999]]]}},{"type":"Feature","properties":{"nearestScore":98,"avg5Score":93.0,"nearestDist":16.759,"reachMin":201.1,"walkMin":201.1,"bikeMin":67.0,"driveMin":25.1},"geometry":{"type":"Polygon","coordinates":[[[-118.62499999999993,33.87499999999999],[-118.59999999999992,33.87499999999999],[-118.59999999999992,33.89999999999999],[-118.62499999999993,33.89999999999999],[-118.62499999999993,33.87499999999999]]]}},{"type":"Feature","properties":{"nearestScore":96,"avg5Score":94.6,"nearestDist":14.88,"reachMin":178.6,"walkMin":178.6,"bikeMin":59.5,"driveMin":22.3},"geometry":{"type":"Polygon","coordinates":[[[-118.59999999999992,33.87499999999999],[-118.57499999999992,33.87499999999999],[-118.57499999999992,33.89999999999999],[-118.59999999999992,33.89999999999999],[-118.59999999999992,33.87499999999999]]]}},{"type":"Feature","properties":{"nearestScore":96,"avg5Score":94.6,"nearestDist":12.718,"reachMin":152.6,"walkMin":152.6,"bikeMin":50.9,"driveMin":19.1},"geometry":{"type":"Polygon","coordinates":[[[-118.57499999999992,33.87499999999999],[-118.54999999999991,33.87499999999999],[-118.54999999999991,33.89999999999999],[-118.57499999999992,33.89999999999999],[-118.57499999999992,33.87499999999999]]]}},{"type":"Feature","properties":{"nearestScore":96,"avg5Score":94.8,"nearestDist":10.617,"reachMin":127.4,"walkMin":127.4,"bikeMin":42.5,"driveMin":15.9},"geometry":{"type":"Polygon","coordinates":[[[-118.54999999999991,33.87499999999999],[-118.5249999999999,33.87499999999999],[-118.5249999999999,33.89999999999999],[-118.54999999999991,33.89999999999999],[-118.54999999999991,33.87499999999999]]]}},{"type":"Feature","properties":{"nearestScore":98,"avg5Score":94.8,"nearestDist":8.61,"reachMin":103.3,"walkMin":103.3,"bikeMin":34.4,"driveMin":12.9},"geometry":{"type":"Polygon","coordinates":[[[-118.5249999999999,33.87499999999999],[-118.4999999999999,33.87499999999999],[-118.4999999999999,33.89999999999999],[-118.5249999999999,33.89999999999999],[-118.5249999999999,33.87499999999999]]]}},{"type":"Feature","properties":{"nearestScore":98,"avg5Score":93.6,"nearestDist":6.371,"reachMin":76.5,"walkMin":76.5,"bikeMin":25.5,"driveMin":9.6},"geometry":{"type":"Polygon","coordinates":[[[-118.4999999999999,33.87499999999999],[-118.4749999999999,33.87499999999999],[-118.4749999999999,33.89999999999999],[-118.4999999999999,33.89999999999999],[-118.4999999999999,33.87499999999999]]]}},{"type":"Feature","properties":{"nearestScore":98,"avg5Score":93.6,"nearestDist":4.206,"reachMin":50.5,"walkMin":50.5,"bikeMin":16.8,"driveMin":6.3},"geometry":{"type":"Polygon","coordinates":[[[-118.4749999999999,33.87499999999999],[-118.44999999999989,33.87499999999999],[-118.44999999999989,33.89999999999999],[-118.4749999999999,33.89999999999999],[-118.4749999999999,33.87499999999999]]]}},{"type":"Feature","properties":{"nearestScore":91,"avg5Score":91.2,"nearestDist":2.253,"reachMin":27.0,"walkMin":27.0,"bikeMin":9.0,"driveMin":3.4},"geometry":{"type":"Polygon","coordinates":[[[-118.44999999999989,33.87499999999999],[-118.42499999999988,33.87499999999999],[-118.42499999999988,33.89999999999999],[-118.44999999999989,33.89999999999999],[-118.44999999999989,33.87499999999999]]]}},{"type":"Feature","properties":{"nearestScore":88,"avg5Score":92.0,"nearestDist":0.204,"reachMin":2.4,"walkMin":2.4,"bikeMin":0.8,"driveMin":0.3},"geometry":{"type":"Polygon","coordinates":[[[-118.42499999999988,33.87499999999999],[-118.39999999999988,33.87499999999999],[-118.39999999999988,33.89999999999999],[-118.42499999999988,33.89999999999999],[-118.42499999999988,33.87499999999999]]]}},{"type":"Feature","properties":{"nearestScore":97,"avg5Score":94.2,"nearestDist":0.222,"reachMin":2.7,"walkMin":2.7,"bikeMin":0.9,"driveMin":0.3},"geometry":{"type":"Polygon","coordinates":[[[-118.39999999999988,33.87499999999999],[-118.37499999999987,33.87499999999999],[-118.37499999999987,33.89999999999999],[-118.39999999999988,33.89999999999999],[-118.39999999999988,33.87499999999999]]]}},{"type":"Feature","properties":{"nearestScore":99,"avg5Score":95.6,"nearestDist":0.01,"reachMin":0.1,"walkMin":0.1,"bikeMin":0.0,"driveMin":0.0},"geometry":{"type":"Polygon","coordinates":[[[-118.37499999999987,33.87499999999999],[-118.34999999999987,33.87499999999999],[-118.34999999999987,33.89999999999999],[-118.37499999999987,33.89999999999999],[-118.37499999999987,33.87499999999999]]]}},{"type":"Feature","properties":{"nearestScore":98,"avg5Score":93.4,"nearestDist":0.788,"reachMin":9.5,"walkMin":9.5,"bikeMin":3.2,"driveMin":1.2},"geometry":{"type":"Polygon","coordinates":[[[-118.34999999999987,33.87499999999999],[-118.32499999999986,33.87499999999999],[-118.32499999999986,33.89999999999999],[-118.34999999999987,33.89999999999999],[-118.34999999999987,33.87499999999999]]]}},{"type":"Feature","properties":{"nearestScore":96,"avg5Score":94.4,"nearestDist":0.131,"reachMin":1.6,"walkMin":1.6,"bikeMin":0.5,"driveMin":0.2},"geometry":{"type":"Polygon","coordinates":[[[-118.32499999999986,33.87499999999999],[-118.29999999999986,33.87499999999999],[-118.29999999999986,33.89999999999999],[-118.32499999999986,33.89999999999999],[-118.32499999999986,33.87499999999999]]]}},{"type":"Feature","properties":{"nearestScore":92,"avg5Score":87.0,"nearestDist":0.432,"reachMin":5.2,"walkMin":5.2,"bikeMin":1.7,"driveMin":0.6},"geometry":{"type":"Polygon","coordinates":[[[-118.29999999999986,33.87499999999999],[-118.27499999999985,33.87499999999999],[-118.27499999999985,33.89999999999999],[-118.29999999999986,33.89999999999999],[-118.29999999999986,33.87499999999999]]]}},{"type":"Feature","properties":{"nearestScore":90,"avg5Score":90.4,"nearestDist":0.372,"reachMin":4.5,"walkMin":4.5,"bikeMin":1.5,"driveMin":0.6},"geometry":{"type":"Polygon","coordinates":[[[-118.27499999999985,33.87499999999999],[-118.24999999999984,33.87499999999999],[-118.24999999999984,33.89999999999999],[-118.27499999999985,33.89999999999999],[-118.27499999999985,33.87499999999999]]]}},{"type":"Feature","properties":{"nearestScore":95,"avg5Score":92.4,"nearestDist":0.15,"reachMin":1.8,"walkMin":1.8,"bikeMin":0.6,"driveMin":0.2},"geometry":{"type":"Polygon","coordinates":[[[-118.24999999999984,33.87499999999999],[-118.22499999999984,33.87499999999999],[-118.22499999999984,33.89999999999999],[-118.24999999999984,33.89999999999999],[-118.24999999999984,33.87499999999999]]]}},{"type":"Feature","properties":{"nearestScore":90,"avg5Score":92.4,"nearestDist":0.343,"reachMin":4.1,"walkMin":4.1,"bikeMin":1.4,"driveMin":0.5},"geometry":{"type":"Polygon","coordinates":[[[-118.22499999999984,33.87499999999999],[-118.19999999999983,33.87499999999999],[-118.19999999999983,33.89999999999999],[-118.22499999999984,33.89999999999999],[-118.22499999999984,33.87499999999999]]]}},{"type":"Feature","properties":{"nearestScore":91,"avg5Score":91.4,"nearestDist":0.363,"reachMin":4.4,"walkMin":4.4,"bikeMin":1.5,"driveMin":0.5},"geometry":{"type":"Polygon","coordinates":[[[-118.19999999999983,33.87499999999999],[-118.17499999999983,33.87499999999999],[-118.17499999999983,33.89999999999999],[-118.19999999999983,33.89999999999999],[-118.19999999999983,33.87499999999999]]]}},{"type":"Feature","properties":{"nearestScore":95,"avg5Score":92.4,"nearestDist":0.207,"reachMin":2.5,"walkMin":2.5,"bikeMin":0.8,"driveMin":0.3},"geometry":{"type":"Polygon","coordinates":[[[-118.17499999999983,33.87499999999999],[-118.14999999999982,33.87499999999999],[-118.14999999999982,33.89999999999999],[-118.17499999999983,33.89999999999999],[-118.17499999999983,33.87499999999999]]]}},{"type":"Feature","properties":{"nearestScore":99,"avg5Score":94.8,"nearestDist":0.197,"reachMin":2.4,"walkMin":2.4,"bikeMin":0.8,"driveMin":0.3},"geometry":{"type":"Polygon","coordinates":[[[-118.14999999999982,33.87499999999999],[-118.12499999999982,33.87499999999999],[-118.12499999999982,33.89999999999999],[-118.14999999999982,33.89999999999999],[-118.14999999999982,33.87499999999999]]]}},{"type":"Feature","properties":{"nearestScore":95,"avg5Score":94.0,"nearestDist":0.262,"reachMin":3.1,"walkMin":3.1,"bikeMin":1.0,"driveMin":0.4},"geometry":{"type":"Polygon","coordinates":[[[-118.12499999999982,33.87499999999999],[-118.09999999999981,33.87499999999999],[-118.09999999999981,33.89999999999999],[-118.12499999999982,33.89999999999999],[-118.12499999999982,33.87499999999999]]]}},{"type":"Feature","properties":{"nearestScore":92,"avg5Score":91.0,"nearestDist":0.134,"reachMin":1.6,"walkMin":1.6,"bikeMin":0.5,"driveMin":0.2},"geometry":{"type":"Polygon","coordinates":[[[-118.09999999999981,33.87499999999999],[-118.0749999999998,33.87499999999999],[-118.0749999999998,33.89999999999999],[-118.09999999999981,33.89999999999999],[-118.09999999999981,33.87499999999999]]]}},{"type":"Feature","properties":{"nearestScore":98,"avg5Score":96.6,"nearestDist":0.134,"reachMin":1.6,"walkMin":1.6,"bikeMin":0.5,"driveMin":0.2},"geometry":{"type":"Polygon","coordinates":[[[-118.0749999999998,33.87499999999999],[-118.0499999999998,33.87499999999999],[-118.0499999999998,33.89999999999999],[-118.0749999999998,33.89999999999999],[-118.0749999999998,33.87499999999999]]]}},{"type":"Feature","properties":{"nearestScore":95,"avg5Score":94.8,"nearestDist":0.615,"reachMin":7.4,"walkMin":7.4,"bikeMin":2.5,"driveMin":0.9},"geometry":{"type":"Polygon","coordinates":[[[-118.0499999999998,33.87499999999999],[-118.02499999999979,33.87499999999999],[-118.02499999999979,33.89999999999999],[-118.0499999999998,33.89999999999999],[-118.0499999999998,33.87499999999999]]]}},{"type":"Feature","properties":{"nearestScore":96,"avg5Score":91.8,"nearestDist":0.07,"reachMin":0.8,"walkMin":0.8,"bikeMin":0.3,"driveMin":0.1},"geometry":{"type":"Polygon","coordinates":[[[-118.02499999999979,33.87499999999999],[-117.99999999999979,33.87499999999999],[-117.99999999999979,33.89999999999999],[-118.02499999999979,33.89999999999999],[-118.02499999999979,33.87499999999999]]]}},{"type":"Feature","properties":{"nearestScore":95,"avg5Score":91.0,"nearestDist":1.002,"reachMin":12.0,"walkMin":12.0,"bikeMin":4.0,"driveMin":1.5},"geometry":{"type":"Polygon","coordinates":[[[-117.99999999999979,33.87499999999999],[-117.97499999999978,33.87499999999999],[-117.97499999999978,33.89999999999999],[-117.99999999999979,33.89999999999999],[-117.99999999999979,33.87499999999999]]]}},{"type":"Feature","properties":{"nearestScore":90,"avg5Score":90.0,"nearestDist":2.458,"reachMin":29.5,"walkMin":29.5,"bikeMin":9.8,"driveMin":3.7},"geometry":{"type":"Polygon","coordinates":[[[-117.97499999999978,33.87499999999999],[-117.94999999999978,33.87499999999999],[-117.94999999999978,33.89999999999999],[-117.97499999999978,33.89999999999999],[-117.97499999999978,33.87499999999999]]]}},{"type":"Feature","properties":{"nearestScore":95,"avg5Score":93.8,"nearestDist":4.41,"reachMin":52.9,"walkMin":52.9,"bikeMin":17.6,"driveMin":6.6},"geometry":{"type":"Polygon","coordinates":[[[-117.94999999999978,33.87499999999999],[-117.92499999999977,33.87499999999999],[-117.92499999999977,33.89999999999999],[-117.94999999999978,33.89999999999999],[-117.94999999999978,33.87499999999999]]]}},{"type":"Feature","properties":{"nearestScore":95,"avg5Score":93.8,"nearestDist":6.452,"reachMin":77.4,"walkMin":77.4,"bikeMin":25.8,"driveMin":9.7},"geometry":{"type":"Polygon","coordinates":[[[-117.92499999999977,33.87499999999999],[-117.89999999999976,33.87499999999999],[-117.89999999999976,33.89999999999999],[-117.92499999999977,33.89999999999999],[-117.92499999999977,33.87499999999999]]]}},{"type":"Feature","properties":{"nearestScore":95,"avg5Score":93.8,"nearestDist":8.629,"reachMin":103.5,"walkMin":103.5,"bikeMin":34.5,"driveMin":12.9},"geometry":{"type":"Polygon","coordinates":[[[-117.89999999999976,33.87499999999999],[-117.87499999999976,33.87499999999999],[-117.87499999999976,33.89999999999999],[-117.89999999999976,33.89999999999999],[-117.89999999999976,33.87499999999999]]]}},{"type":"Feature","properties":{"nearestScore":97,"avg5Score":93.0,"nearestDist":9.408,"reachMin":112.9,"walkMin":112.9,"bikeMin":37.6,"driveMin":14.1},"geometry":{"type":"Polygon","coordinates":[[[-117.87499999999976,33.87499999999999],[-117.84999999999975,33.87499999999999],[-117.84999999999975,33.89999999999999],[-117.87499999999976,33.89999999999999],[-117.87499999999976,33.87499999999999]]]}},{"type":"Feature","properties":{"nearestScore":97,"avg5Score":93.0,"nearestDist":9.32,"reachMin":111.8,"walkMin":111.8,"bikeMin":37.3,"driveMin":14.0},"geometry":{"type":"Polygon","coordinates":[[[-117.84999999999975,33.87499999999999],[-117.82499999999975,33.87499999999999],[-117.82499999999975,33.89999999999999],[-117.84999999999975,33.89999999999999],[-117.84999999999975,33.87499999999999]]]}},{"type":"Feature","properties":{"nearestScore":97,"avg5Score":93.0,"nearestDist":9.79,"reachMin":117.5,"walkMin":117.5,"bikeMin":39.2,"driveMin":14.7},"geometry":{"type":"Polygon","coordinates":[[[-117.82499999999975,33.87499999999999],[-117.79999999999974,33.87499999999999],[-117.79999999999974,33.89999999999999],[-117.82499999999975,33.89999999999999],[-117.82499999999975,33.87499999999999]]]}},{"type":"Feature","properties":{"nearestScore":91,"avg5Score":91.6,"nearestDist":10.646,"reachMin":127.8,"walkMin":127.8,"bikeMin":42.6,"driveMin":16.0},"geometry":{"type":"Polygon","coordinates":[[[-117.79999999999974,33.87499999999999],[-117.77499999999974,33.87499999999999],[-117.77499999999974,33.89999999999999],[-117.79999999999974,33.89999999999999],[-117.79999999999974,33.87499999999999]]]}},{"type":"Feature","properties":{"nearestScore":91,"avg5Score":91.6,"nearestDist":11.846,"reachMin":142.2,"walkMin":142.2,"bikeMin":47.4,"driveMin":17.8},"geometry":{"type":"Polygon","coordinates":[[[-117.77499999999974,33.87499999999999],[-117.74999999999973,33.87499999999999],[-117.74999999999973,33.89999999999999],[-117.77499999999974,33.89999999999999],[-117.77499999999974,33.87499999999999]]]}},{"type":"Feature","properties":{"nearestScore":91,"avg5Score":91.6,"nearestDist":13.341,"reachMin":160.1,"walkMin":160.1,"bikeMin":53.4,"driveMin":20.0},"geometry":{"type":"Polygon","coordinates":[[[-117.74999999999973,33.87499999999999],[-117.72499999999972,33.87499999999999],[-117.72499999999972,33.89999999999999],[-117.74999999999973,33.89999999999999],[-117.74999999999973,33.87499999999999]]]}},{"type":"Feature","properties":{"nearestScore":91,"avg5Score":91.6,"nearestDist":15.042,"reachMin":180.5,"walkMin":180.5,"bikeMin":60.2,"driveMin":22.6},"geometry":{"type":"Polygon","coordinates":[[[-117.72499999999972,33.87499999999999],[-117.69999999999972,33.87499999999999],[-117.69999999999972,33.89999999999999],[-117.72499999999972,33.89999999999999],[-117.72499999999972,33.87499999999999]]]}},{"type":"Feature","properties":{"nearestScore":98,"avg5Score":97.0,"nearestDist":15.678,"reachMin":188.1,"walkMin":188.1,"bikeMin":62.7,"driveMin":23.5},"geometry":{"type":"Polygon","coordinates":[[[-117.69999999999972,33.87499999999999],[-117.67499999999971,33.87499999999999],[-117.67499999999971,33.89999999999999],[-117.69999999999972,33.89999999999999],[-117.69999999999972,33.87499999999999]]]}},{"type":"Feature","properties":{"nearestScore":98,"avg5Score":97.0,"nearestDist":16.426,"reachMin":197.1,"walkMin":197.1,"bikeMin":65.7,"driveMin":24.6},"geometry":{"type":"Polygon","coordinates":[[[-117.67499999999971,33.87499999999999],[-117.64999999999971,33.87499999999999],[-117.64999999999971,33.89999999999999],[-117.67499999999971,33.89999999999999],[-117.67499999999971,33.87499999999999]]]}},{"type":"Feature","properties":{"nearestScore":98,"avg5Score":92.6,"nearestDist":14.802,"reachMin":177.6,"walkMin":177.6,"bikeMin":59.2,"driveMin":22.2},"geometry":{"type":"Polygon","coordinates":[[[-118.95,33.89999999999999],[-118.925,33.89999999999999],[-118.925,33.92499999999999],[-118.95,33.92499999999999],[-118.95,33.89999999999999]]]}},{"type":"Feature","properties":{"nearestScore":95,"avg5Score":93.6,"nearestDist":14.106,"reachMin":169.3,"walkMin":169.3,"bikeMin":56.4,"driveMin":21.2},"geometry":{"type":"Polygon","coordinates":[[[-118.925,33.89999999999999],[-118.89999999999999,33.89999999999999],[-118.89999999999999,33.92499999999999],[-118.925,33.92499999999999],[-118.925,33.89999999999999]]]}},{"type":"Feature","properties":{"nearestScore":95,"avg5Score":92.0,"nearestDist":12.808,"reachMin":153.7,"walkMin":153.7,"bikeMin":51.2,"driveMin":19.2},"geometry":{"type":"Polygon","coordinates":[[[-118.89999999999999,33.89999999999999],[-118.87499999999999,33.89999999999999],[-118.87499999999999,33.92499999999999],[-118.89999999999999,33.92499999999999],[-118.89999999999999,33.89999999999999]]]}},{"type":"Feature","properties":{"nearestScore":95,"avg5Score":95.2,"nearestDist":11.82,"reachMin":141.8,"walkMin":141.8,"bikeMin":47.3,"driveMin":17.7},"geometry":{"type":"Polygon","coordinates":[[[-118.87499999999999,33.89999999999999],[-118.84999999999998,33.89999999999999],[-118.84999999999998,33.92499999999999],[-118.87499999999999,33.92499999999999],[-118.87499999999999,33.89999999999999]]]}},{"type":"Feature","properties":{"nearestScore":95,"avg5Score":95.2,"nearestDist":11.227,"reachMin":134.7,"walkMin":134.7,"bikeMin":44.9,"driveMin":16.8},"geometry":{"type":"Polygon","coordinates":[[[-118.84999999999998,33.89999999999999],[-118.82499999999997,33.89999999999999],[-118.82499999999997,33.92499999999999],[-118.84999999999998,33.92499999999999],[-118.84999999999998,33.89999999999999]]]}},{"type":"Feature","properties":{"nearestScore":95,"avg5Score":95.2,"nearestDist":11.09,"reachMin":133.1,"walkMin":133.1,"bikeMin":44.4,"driveMin":16.6},"geometry":{"type":"Polygon","coordinates":[[[-118.82499999999997,33.89999999999999],[-118.79999999999997,33.89999999999999],[-118.79999999999997,33.92499999999999],[-118.82499999999997,33.92499999999999],[-118.82499999999997,33.89999999999999]]]}},{"type":"Feature","properties":{"nearestScore":95,"avg5Score":96.0,"nearestDist":11.427,"reachMin":137.1,"walkMin":137.1,"bikeMin":45.7,"driveMin":17.1},"geometry":{"type":"Polygon","coordinates":[[[-118.79999999999997,33.89999999999999],[-118.77499999999996,33.89999999999999],[-118.77499999999996,33.92499999999999],[-118.79999999999997,33.92499999999999],[-118.79999999999997,33.89999999999999]]]}},{"type":"Feature","properties":{"nearestScore":95,"avg5Score":96.0,"nearestDist":12.198,"reachMin":146.4,"walkMin":146.4,"bikeMin":48.8,"driveMin":18.3},"geometry":{"type":"Polygon","coordinates":[[[-118.77499999999996,33.89999999999999],[-118.74999999999996,33.89999999999999],[-118.74999999999996,33.92499999999999],[-118.77499999999996,33.92499999999999],[-118.77499999999996,33.89999999999999]]]}},{"type":"Feature","properties":{"nearestScore":95,"avg5Score":94.6,"nearestDist":13.328,"reachMin":159.9,"walkMin":159.9,"bikeMin":53.3,"driveMin":20.0},"geometry":{"type":"Polygon","coordinates":[[[-118.74999999999996,33.89999999999999],[-118.72499999999995,33.89999999999999],[-118.72499999999995,33.92499999999999],[-118.74999999999996,33.92499999999999],[-118.74999999999996,33.89999999999999]]]}},{"type":"Feature","properties":{"nearestScore":80,"avg5Score":94.0,"nearestDist":13.546,"reachMin":162.6,"walkMin":162.6,"bikeMin":54.2,"driveMin":20.3},"geometry":{"type":"Polygon","coordinates":[[[-118.72499999999995,33.89999999999999],[-118.69999999999995,33.89999999999999],[-118.69999999999995,33.92499999999999],[-118.72499999999995,33.92499999999999],[-118.72499999999995,33.89999999999999]]]}},{"type":"Feature","properties":{"nearestScore":80,"avg5Score":94.4,"nearestDist":13.468,"reachMin":161.6,"walkMin":161.6,"bikeMin":53.9,"driveMin":20.2},"geometry":{"type":"Polygon","coordinates":[[[-118.69999999999995,33.89999999999999],[-118.67499999999994,33.89999999999999],[-118.67499999999994,33.92499999999999],[-118.69999999999995,33.92499999999999],[-118.69999999999995,33.89999999999999]]]}},{"type":"Feature","properties":{"nearestScore":95,"avg5Score":97.4,"nearestDist":13.715,"reachMin":164.6,"walkMin":164.6,"bikeMin":54.9,"driveMin":20.6},"geometry":{"type":"Polygon","coordinates":[[[-118.67499999999994,33.89999999999999],[-118.64999999999993,33.89999999999999],[-118.64999999999993,33.92499999999999],[-118.67499999999994,33.92499999999999],[-118.67499999999994,33.89999999999999]]]}},{"type":"Feature","properties":{"nearestScore":98,"avg5Score":94.2,"nearestDist":13.831,"reachMin":166.0,"walkMin":166.0,"bikeMin":55.3,"driveMin":20.7},"geometry":{"type":"Polygon","coordinates":[[[-118.64999999999993,33.89999999999999],[-118.62499999999993,33.89999999999999],[-118.62499999999993,33.92499999999999],[-118.64999999999993,33.92499999999999],[-118.64999999999993,33.89999999999999]]]}},{"type":"Feature","properties":{"nearestScore":98,"avg5Score":96.2,"nearestDist":14.008,"reachMin":168.1,"walkMin":168.1,"bikeMin":56.0,"driveMin":21.0},"geometry":{"type":"Polygon","coordinates":[[[-118.62499999999993,33.89999999999999],[-118.59999999999992,33.89999999999999],[-118.59999999999992,33.92499999999999],[-118.62499999999993,33.92499999999999],[-118.62499999999993,33.89999999999999]]]}},{"type":"Feature","properties":{"nearestScore":83,"avg5Score":91.6,"nearestDist":13.365,"reachMin":160.4,"walkMin":160.4,"bikeMin":53.5,"driveMin":20.0},"geometry":{"type":"Polygon","coordinates":[[[-118.59999999999992,33.89999999999999],[-118.57499999999992,33.89999999999999],[-118.57499999999992,33.92499999999999],[-118.59999999999992,33.92499999999999],[-118.59999999999992,33.89999999999999]]]}},{"type":"Feature","properties":{"nearestScore":90,"avg5Score":91.8,"nearestDist":11.517,"reachMin":138.2,"walkMin":138.2,"bikeMin":46.1,"driveMin":17.3},"geometry":{"type":"Polygon","coordinates":[[[-118.57499999999992,33.89999999999999],[-118.54999999999991,33.89999999999999],[-118.54999999999991,33.92499999999999],[-118.57499999999992,33.92499999999999],[-118.57499999999992,33.89999999999999]]]}},{"type":"Feature","properties":{"nearestScore":90,"avg5Score":94.2,"nearestDist":9.498,"reachMin":114.0,"walkMin":114.0,"bikeMin":38.0,"driveMin":14.2},"geometry":{"type":"Polygon","coordinates":[[[-118.54999999999991,33.89999999999999],[-118.5249999999999,33.89999999999999],[-118.5249999999999,33.92499999999999],[-118.54999999999991,33.92499999999999],[-118.54999999999991,33.89999999999999]]]}},{"type":"Feature","properties":{"nearestScore":96,"avg5Score":94.6,"nearestDist":7.441,"reachMin":89.3,"walkMin":89.3,"bikeMin":29.8,"driveMin":11.2},"geometry":{"type":"Polygon","coordinates":[[[-118.5249999999999,33.89999999999999],[-118.4999999999999,33.89999999999999],[-118.4999999999999,33.92499999999999],[-118.5249999999999,33.92499999999999],[-118.5249999999999,33.89999999999999]]]}},{"type":"Feature","properties":{"nearestScore":96,"avg5Score":94.6,"nearestDist":5.259,"reachMin":63.1,"walkMin":63.1,"bikeMin":21.0,"driveMin":7.9},"geometry":{"type":"Polygon","coordinates":[[[-118.4999999999999,33.89999999999999],[-118.4749999999999,33.89999999999999],[-118.4749999999999,33.92499999999999],[-118.4999999999999,33.92499999999999],[-118.4999999999999,33.89999999999999]]]}},{"type":"Feature","properties":{"nearestScore":96,"avg5Score":91.0,"nearestDist":3.252,"reachMin":39.0,"walkMin":39.0,"bikeMin":13.0,"driveMin":4.9},"geometry":{"type":"Polygon","coordinates":[[[-118.4749999999999,33.89999999999999],[-118.44999999999989,33.89999999999999],[-118.44999999999989,33.92499999999999],[-118.4749999999999,33.92499999999999],[-118.4749999999999,33.89999999999999]]]}},{"type":"Feature","properties":{"nearestScore":98,"avg5Score":90.0,"nearestDist":1.799,"reachMin":21.6,"walkMin":21.6,"bikeMin":7.2,"driveMin":2.7},"geometry":{"type":"Polygon","coordinates":[[[-118.44999999999989,33.89999999999999],[-118.42499999999988,33.89999999999999],[-118.42499999999988,33.92499999999999],[-118.44999999999989,33.92499999999999],[-118.44999999999989,33.89999999999999]]]}},{"type":"Feature","properties":{"nearestScore":97,"avg5Score":93.0,"nearestDist":0.519,"reachMin":6.2,"walkMin":6.2,"bikeMin":2.1,"driveMin":0.8},"geometry":{"type":"Polygon","coordinates":[[[-118.42499999999988,33.89999999999999],[-118.39999999999988,33.89999999999999],[-118.39999999999988,33.92499999999999],[-118.42499999999988,33.92499999999999],[-118.42499999999988,33.89999999999999]]]}},{"type":"Feature","properties":{"nearestScore":97,"avg5Score":96.4,"nearestDist":0.424,"reachMin":5.1,"walkMin":5.1,"bikeMin":1.7,"driveMin":0.6},"geometry":{"type":"Polygon","coordinates":[[[-118.39999999999988,33.89999999999999],[-118.37499999999987,33.89999999999999],[-118.37499999999987,33.92499999999999],[-118.39999999999988,33.92499999999999],[-118.39999999999988,33.89999999999999]]]}},{"type":"Feature","properties":{"nearestScore":93,"avg5Score":93.0,"nearestDist":0.121,"reachMin":1.5,"walkMin":1.5,"bikeMin":0.5,"driveMin":0.2},"geometry":{"type":"Polygon","coordinates":[[[-118.37499999999987,33.89999999999999],[-118.34999999999987,33.89999999999999],[-118.34999999999987,33.92499999999999],[-118.37499999999987,33.92499999999999],[-118.37499999999987,33.89999999999999]]]}},{"type":"Feature","properties":{"nearestScore":98,"avg5Score":95.2,"nearestDist":0.5,"reachMin":6.0,"walkMin":6.0,"bikeMin":2.0,"driveMin":0.8},"geometry":{"type":"Polygon","coordinates":[[[-118.34999999999987,33.89999999999999],[-118.32499999999986,33.89999999999999],[-118.32499999999986,33.92499999999999],[-118.34999999999987,33.92499999999999],[-118.34999999999987,33.89999999999999]]]}},{"type":"Feature","properties":{"nearestScore":97,"avg5Score":92.2,"nearestDist":0.505,"reachMin":6.1,"walkMin":6.1,"bikeMin":2.0,"driveMin":0.8},"geometry":{"type":"Polygon","coordinates":[[[-118.32499999999986,33.89999999999999],[-118.29999999999986,33.89999999999999],[-118.29999999999986,33.92499999999999],[-118.32499999999986,33.92499999999999],[-118.32499999999986,33.89999999999999]]]}},{"type":"Feature","properties":{"nearestScore":90,"avg5Score":93.0,"nearestDist":0.452,"reachMin":5.4,"walkMin":5.4,"bikeMin":1.8,"driveMin":0.7},"geometry":{"type":"Polygon","coordinates":[[[-118.29999999999986,33.89999999999999],[-118.27499999999985,33.89999999999999],[-118.27499999999985,33.92499999999999],[-118.29999999999986,33.92499999999999],[-118.29999999999986,33.89999999999999]]]}},{"type":"Feature","properties":{"nearestScore":90,"avg5Score":90.6,"nearestDist":0.464,"reachMin":5.6,"walkMin":5.6,"bikeMin":1.9,"driveMin":0.7},"geometry":{"type":"Polygon","coordinates":[[[-118.27499999999985,33.89999999999999],[-118.24999999999984,33.89999999999999],[-118.24999999999984,33.92499999999999],[-118.27499999999985,33.92499999999999],[-118.27499999999985,33.89999999999999]]]}},{"type":"Feature","properties":{"nearestScore":97,"avg5Score":89.6,"nearestDist":0.427,"reachMin":5.1,"walkMin":5.1,"bikeMin":1.7,"driveMin":0.6},"geometry":{"type":"Polygon","coordinates":[[[-118.24999999999984,33.89999999999999],[-118.22499999999984,33.89999999999999],[-118.22499999999984,33.92499999999999],[-118.24999999999984,33.92499999999999],[-118.24999999999984,33.89999999999999]]]}},{"type":"Feature","properties":{"nearestScore":90,"avg5Score":90.2,"nearestDist":0.331,"reachMin":4.0,"walkMin":4.0,"bikeMin":1.3,"driveMin":0.5},"geometry":{"type":"Polygon","coordinates":[[[-118.22499999999984,33.89999999999999],[-118.19999999999983,33.89999999999999],[-118.19999999999983,33.92499999999999],[-118.22499999999984,33.92499999999999],[-118.22499999999984,33.89999999999999]]]}},{"type":"Feature","properties":{"nearestScore":90,"avg5Score":89.2,"nearestDist":0.376,"reachMin":4.5,"walkMin":4.5,"bikeMin":1.5,"driveMin":0.6},"geometry":{"type":"Polygon","coordinates":[[[-118.19999999999983,33.89999999999999],[-118.17499999999983,33.89999999999999],[-118.17499999999983,33.92499999999999],[-118.19999999999983,33.92499999999999],[-118.19999999999983,33.89999999999999]]]}},{"type":"Feature","properties":{"nearestScore":95,"avg5Score":91.0,"nearestDist":0.367,"reachMin":4.4,"walkMin":4.4,"bikeMin":1.5,"driveMin":0.6},"geometry":{"type":"Polygon","coordinates":[[[-118.17499999999983,33.89999999999999],[-118.14999999999982,33.89999999999999],[-118.14999999999982,33.92499999999999],[-118.17499999999983,33.92499999999999],[-118.17499999999983,33.89999999999999]]]}},{"type":"Feature","properties":{"nearestScore":98,"avg5Score":95.8,"nearestDist":0.495,"reachMin":5.9,"walkMin":5.9,"bikeMin":2.0,"driveMin":0.7},"geometry":{"type":"Polygon","coordinates":[[[-118.14999999999982,33.89999999999999],[-118.12499999999982,33.89999999999999],[-118.12499999999982,33.92499999999999],[-118.14999999999982,33.92499999999999],[-118.14999999999982,33.89999999999999]]]}},{"type":"Feature","properties":{"nearestScore":92,"avg5Score":92.4,"nearestDist":0.423,"reachMin":5.1,"walkMin":5.1,"bikeMin":1.7,"driveMin":0.6},"geometry":{"type":"Polygon","coordinates":[[[-118.12499999999982,33.89999999999999],[-118.09999999999981,33.89999999999999],[-118.09999999999981,33.92499999999999],[-118.12499999999982,33.92499999999999],[-118.12499999999982,33.89999999999999]]]}},{"type":"Feature","properties":{"nearestScore":97,"avg5Score":95.0,"nearestDist":0.32,"reachMin":3.8,"walkMin":3.8,"bikeMin":1.3,"driveMin":0.5},"geometry":{"type":"Polygon","coordinates":[[[-118.09999999999981,33.89999999999999],[-118.0749999999998,33.89999999999999],[-118.0749999999998,33.92499999999999],[-118.09999999999981,33.92499999999999],[-118.09999999999981,33.89999999999999]]]}},{"type":"Feature","properties":{"nearestScore":97,"avg5Score":96.0,"nearestDist":0.534,"reachMin":6.4,"walkMin":6.4,"bikeMin":2.1,"driveMin":0.8},"geometry":{"type":"Polygon","coordinates":[[[-118.0749999999998,33.89999999999999],[-118.0499999999998,33.89999999999999],[-118.0499999999998,33.92499999999999],[-118.0749999999998,33.92499999999999],[-118.0749999999998,33.89999999999999]]]}},{"type":"Feature","properties":{"nearestScore":92,"avg5Score":94.6,"nearestDist":0.503,"reachMin":6.0,"walkMin":6.0,"bikeMin":2.0,"driveMin":0.8},"geometry":{"type":"Polygon","coordinates":[[[-118.0499999999998,33.89999999999999],[-118.02499999999979,33.89999999999999],[-118.02499999999979,33.92499999999999],[-118.0499999999998,33.92499999999999],[-118.0499999999998,33.89999999999999]]]}},{"type":"Feature","properties":{"nearestScore":96,"avg5Score":91.2,"nearestDist":0.052,"reachMin":0.6,"walkMin":0.6,"bikeMin":0.2,"driveMin":0.1},"geometry":{"type":"Polygon","coordinates":[[[-118.02499999999979,33.89999999999999],[-117.99999999999979,33.89999999999999],[-117.99999999999979,33.92499999999999],[-118.02499999999979,33.92499999999999],[-118.02499999999979,33.89999999999999]]]}},{"type":"Feature","properties":{"nearestScore":94,"avg5Score":94.4,"nearestDist":0.736,"reachMin":8.8,"walkMin":8.8,"bikeMin":2.9,"driveMin":1.1},"geometry":{"type":"Polygon","coordinates":[[[-117.99999999999979,33.89999999999999],[-117.97499999999978,33.89999999999999],[-117.97499999999978,33.92499999999999],[-117.99999999999979,33.92499999999999],[-117.99999999999979,33.89999999999999]]]}},{"type":"Feature","properties":{"nearestScore":95,"avg5Score":95.8,"nearestDist":1.381,"reachMin":16.6,"walkMin":16.6,"bikeMin":5.5,"driveMin":2.1},"geometry":{"type":"Polygon","coordinates":[[[-117.97499999999978,33.89999999999999],[-117.94999999999978,33.89999999999999],[-117.94999999999978,33.92499999999999],[-117.97499999999978,33.92499999999999],[-117.97499999999978,33.89999999999999]]]}},{"type":"Feature","properties":{"nearestScore":95,"avg5Score":95.8,"nearestDist":3.666,"reachMin":44.0,"walkMin":44.0,"bikeMin":14.7,"driveMin":5.5},"geometry":{"type":"Polygon","coordinates":[[[-117.94999999999978,33.89999999999999],[-117.92499999999977,33.89999999999999],[-117.92499999999977,33.92499999999999],[-117.94999999999978,33.92499999999999],[-117.94999999999978,33.89999999999999]]]}},{"type":"Feature","properties":{"nearestScore":95,"avg5Score":95.4,"nearestDist":5.968,"reachMin":71.6,"walkMin":71.6,"bikeMin":23.9,"driveMin":9.0},"geometry":{"type":"Polygon","coordinates":[[[-117.92499999999977,33.89999999999999],[-117.89999999999976,33.89999999999999],[-117.89999999999976,33.92499999999999],[-117.92499999999977,33.92499999999999],[-117.92499999999977,33.89999999999999]]]}},{"type":"Feature","properties":{"nearestScore":82,"avg5Score":92.6,"nearestDist":7.332,"reachMin":88.0,"walkMin":88.0,"bikeMin":29.3,"driveMin":11.0},"geometry":{"type":"Polygon","coordinates":[[[-117.89999999999976,33.89999999999999],[-117.87499999999976,33.89999999999999],[-117.87499999999976,33.92499999999999],[-117.89999999999976,33.92499999999999],[-117.89999999999976,33.89999999999999]]]}},{"type":"Feature","properties":{"nearestScore":97,"avg5Score":93.0,"nearestDist":6.679,"reachMin":80.1,"walkMin":80.1,"bikeMin":26.7,"driveMin":10.0},"geometry":{"type":"Polygon","coordinates":[[[-117.87499999999976,33.89999999999999],[-117.84999999999975,33.89999999999999],[-117.84999999999975,33.92499999999999],[-117.87499999999976,33.92499999999999],[-117.87499999999976,33.89999999999999]]]}},{"type":"Feature","properties":{"nearestScore":97,"avg5Score":93.0,"nearestDist":6.554,"reachMin":78.6,"walkMin":78.6,"bikeMin":26.2,"driveMin":9.8},"geometry":{"type":"Polygon","coordinates":[[[-117.84999999999975,33.89999999999999],[-117.82499999999975,33.89999999999999],[-117.82499999999975,33.92499999999999],[-117.84999999999975,33.92499999999999],[-117.84999999999975,33.89999999999999]]]}},{"type":"Feature","properties":{"nearestScore":91,"avg5Score":93.0,"nearestDist":7.183,"reachMin":86.2,"walkMin":86.2,"bikeMin":28.7,"driveMin":10.8},"geometry":{"type":"Polygon","coordinates":[[[-117.82499999999975,33.89999999999999],[-117.79999999999974,33.89999999999999],[-117.79999999999974,33.92499999999999],[-117.82499999999975,33.92499999999999],[-117.82499999999975,33.89999999999999]]]}},{"type":"Feature","properties":{"nearestScore":91,"avg5Score":91.6,"nearestDist":8.243,"reachMin":98.9,"walkMin":98.9,"bikeMin":33.0,"driveMin":12.4},"geometry":{"type":"Polygon","coordinates":[[[-117.79999999999974,33.89999999999999],[-117.77499999999974,33.89999999999999],[-117.77499999999974,33.92499999999999],[-117.79999999999974,33.92499999999999],[-117.79999999999974,33.89999999999999]]]}},{"type":"Feature","properties":{"nearestScore":91,"avg5Score":91.6,"nearestDist":9.744,"reachMin":116.9,"walkMin":116.9,"bikeMin":39.0,"driveMin":14.6},"geometry":{"type":"Polygon","coordinates":[[[-117.77499999999974,33.89999999999999],[-117.74999999999973,33.89999999999999],[-117.74999999999973,33.92499999999999],[-117.77499999999974,33.92499999999999],[-117.77499999999974,33.89999999999999]]]}},{"type":"Feature","properties":{"nearestScore":96,"avg5Score":92.4,"nearestDist":11.513,"reachMin":138.2,"walkMin":138.2,"bikeMin":46.1,"driveMin":17.3},"geometry":{"type":"Polygon","coordinates":[[[-117.74999999999973,33.89999999999999],[-117.72499999999972,33.89999999999999],[-117.72499999999972,33.92499999999999],[-117.74999999999973,33.92499999999999],[-117.74999999999973,33.89999999999999]]]}},{"type":"Feature","properties":{"nearestScore":98,"avg5Score":94.0,"nearestDist":12.487,"reachMin":149.8,"walkMin":149.8,"bikeMin":49.9,"driveMin":18.7},"geometry":{"type":"Polygon","coordinates":[[[-117.72499999999972,33.89999999999999],[-117.69999999999972,33.89999999999999],[-117.69999999999972,33.92499999999999],[-117.72499999999972,33.92499999999999],[-117.72499999999972,33.89999999999999]]]}},{"type":"Feature","properties":{"nearestScore":98,"avg5Score":97.0,"nearestDist":13.012,"reachMin":156.1,"walkMin":156.1,"bikeMin":52.0,"driveMin":19.5},"geometry":{"type":"Polygon","coordinates":[[[-117.69999999999972,33.89999999999999],[-117.67499999999971,33.89999999999999],[-117.67499999999971,33.92499999999999],[-117.69999999999972,33.92499999999999],[-117.69999999999972,33.89999999999999]]]}},{"type":"Feature","properties":{"nearestScore":98,"avg5Score":97.0,"nearestDist":13.905,"reachMin":166.9,"walkMin":166.9,"bikeMin":55.6,"driveMin":20.9},"geometry":{"type":"Polygon","coordinates":[[[-117.67499999999971,33.89999999999999],[-117.64999999999971,33.89999999999999],[-117.64999999999971,33.92499999999999],[-117.67499999999971,33.92499999999999],[-117.67499999999971,33.89999999999999]]]}},{"type":"Feature","properties":{"nearestScore":98,"avg5Score":92.4,"nearestDist":12.068,"reachMin":144.8,"walkMin":144.8,"bikeMin":48.3,"driveMin":18.1},"geometry":{"type":"Polygon","coordinates":[[[-118.95,33.92499999999999],[-118.925,33.92499999999999],[-118.925,33.94999999999999],[-118.95,33.94999999999999],[-118.95,33.92499999999999]]]}},{"type":"Feature","properties":{"nearestScore":98,"avg5Score":92.6,"nearestDist":11.823,"reachMin":141.9,"walkMin":141.9,"bikeMin":47.3,"driveMin":17.7},"geometry":{"type":"Polygon","coordinates":[[[-118.925,33.92499999999999],[-118.89999999999999,33.92499999999999],[-118.89999999999999,33.94999999999999],[-118.925,33.94999999999999],[-118.925,33.92499999999999]]]}},{"type":"Feature","properties":{"nearestScore":95,"avg5Score":92.0,"nearestDist":10.495,"reachMin":125.9,"walkMin":125.9,"bikeMin":42.0,"driveMin":15.7},"geometry":{"type":"Polygon","coordinates":[[[-118.89999999999999,33.92499999999999],[-118.87499999999999,33.92499999999999],[-118.87499999999999,33.94999999999999],[-118.89999999999999,33.94999999999999],[-118.89999999999999,33.92499999999999]]]}},{"type":"Feature","properties":{"nearestScore":95,"avg5Score":93.0,"nearestDist":9.265,"reachMin":111.2,"walkMin":111.2,"bikeMin":37.1,"driveMin":13.9},"geometry":{"type":"Polygon","coordinates":[[[-118.87499999999999,33.92499999999999],[-118.84999999999998,33.92499999999999],[-118.84999999999998,33.94999999999999],[-118.87499999999999,33.94999999999999],[-118.87499999999999,33.92499999999999]]]}},{"type":"Feature","properties":{"nearestScore":95,"avg5Score":95.2,"nearestDist":8.495,"reachMin":101.9,"walkMin":101.9,"bikeMin":34.0,"driveMin":12.7},"geometry":{"type":"Polygon","coordinates":[[[-118.84999999999998,33.92499999999999],[-118.82499999999997,33.92499999999999],[-118.82499999999997,33.94999999999999],[-118.84999999999998,33.94999999999999],[-118.84999999999998,33.92499999999999]]]}},{"type":"Feature","properties":{"nearestScore":95,"avg5Score":95.2,"nearestDist":8.314,"reachMin":99.8,"walkMin":99.8,"bikeMin":33.3,"driveMin":12.5},"geometry":{"type":"Polygon","coordinates":[[[-118.82499999999997,33.92499999999999],[-118.79999999999997,33.92499999999999],[-118.79999999999997,33.94999999999999],[-118.82499999999997,33.94999999999999],[-118.82499999999997,33.92499999999999]]]}},{"type":"Feature","properties":{"nearestScore":95,"avg5Score":96.0,"nearestDist":8.758,"reachMin":105.1,"walkMin":105.1,"bikeMin":35.0,"driveMin":13.1},"geometry":{"type":"Polygon","coordinates":[[[-118.79999999999997,33.92499999999999],[-118.77499999999996,33.92499999999999],[-118.77499999999996,33.94999999999999],[-118.79999999999997,33.94999999999999],[-118.79999999999997,33.92499999999999]]]}},{"type":"Feature","properties":{"nearestScore":95,"avg5Score":96.0,"nearestDist":9.742,"reachMin":116.9,"walkMin":116.9,"bikeMin":39.0,"driveMin":14.6},"geometry":{"type":"Polygon","coordinates":[[[-118.77499999999996,33.92499999999999],[-118.74999999999996,33.92499999999999],[-118.74999999999996,33.94999999999999],[-118.77499999999996,33.94999999999999],[-118.77499999999996,33.92499999999999]]]}},{"type":"Feature","properties":{"nearestScore":91,"avg5Score":96.4,"nearestDist":10.668,"reachMin":128.0,"walkMin":128.0,"bikeMin":42.7,"driveMin":16.0},"geometry":{"type":"Polygon","coordinates":[[[-118.74999999999996,33.92499999999999],[-118.72499999999995,33.92499999999999],[-118.72499999999995,33.94999999999999],[-118.74999999999996,33.94999999999999],[-118.74999999999996,33.92499999999999]]]}},{"type":"Feature","properties":{"nearestScore":98,"avg5Score":94.0,"nearestDist":10.78,"reachMin":129.4,"walkMin":129.4,"bikeMin":43.1,"driveMin":16.2},"geometry":{"type":"Polygon","coordinates":[[[-118.72499999999995,33.92499999999999],[-118.69999999999995,33.92499999999999],[-118.69999999999995,33.94999999999999],[-118.72499999999995,33.94999999999999],[-118.72499999999995,33.92499999999999]]]}},{"type":"Feature","properties":{"nearestScore":80,"avg5Score":94.4,"nearestDist":10.693,"reachMin":128.3,"walkMin":128.3,"bikeMin":42.8,"driveMin":16.0},"geometry":{"type":"Polygon","coordinates":[[[-118.69999999999995,33.92499999999999],[-118.67499999999994,33.92499999999999],[-118.67499999999994,33.94999999999999],[-118.69999999999995,33.94999999999999],[-118.69999999999995,33.92499999999999]]]}},{"type":"Feature","properties":{"nearestScore":95,"avg5Score":95.8,"nearestDist":10.973,"reachMin":131.7,"walkMin":131.7,"bikeMin":43.9,"driveMin":16.5},"geometry":{"type":"Polygon","coordinates":[[[-118.67499999999994,33.92499999999999],[-118.64999999999993,33.92499999999999],[-118.64999999999993,33.94999999999999],[-118.67499999999994,33.94999999999999],[-118.67499999999994,33.92499999999999]]]}},{"type":"Feature","properties":{"nearestScore":98,"avg5Score":94.2,"nearestDist":11.051,"reachMin":132.6,"walkMin":132.6,"bikeMin":44.2,"driveMin":16.6},"geometry":{"type":"Polygon","coordinates":[[[-118.64999999999993,33.92499999999999],[-118.62499999999993,33.92499999999999],[-118.62499999999993,33.94999999999999],[-118.64999999999993,33.94999999999999],[-118.64999999999993,33.92499999999999]]]}},{"type":"Feature","properties":{"nearestScore":98,"avg5Score":97.0,"nearestDist":11.272,"reachMin":135.3,"walkMin":135.3,"bikeMin":45.1,"driveMin":16.9},"geometry":{"type":"Polygon","coordinates":[[[-118.62499999999993,33.92499999999999],[-118.59999999999992,33.92499999999999],[-118.59999999999992,33.94999999999999],[-118.62499999999993,33.94999999999999],[-118.62499999999993,33.92499999999999]]]}},{"type":"Feature","properties":{"nearestScore":97,"avg5Score":94.6,"nearestDist":11.453,"reachMin":137.4,"walkMin":137.4,"bikeMin":45.8,"driveMin":17.2},"geometry":{"type":"Polygon","coordinates":[[[-118.59999999999992,33.92499999999999],[-118.57499999999992,33.92499999999999],[-118.57499999999992,33.94999999999999],[-118.59999999999992,33.94999999999999],[-118.59999999999992,33.92499999999999]]]}},{"type":"Feature","properties":{"nearestScore":91,"avg5Score":93.4,"nearestDist":9.863,"reachMin":118.4,"walkMin":118.4,"bikeMin":39.5,"driveMin":14.8},"geometry":{"type":"Polygon","coordinates":[[[-118.57499999999992,33.92499999999999],[-118.54999999999991,33.92499999999999],[-118.54999999999991,33.94999999999999],[-118.57499999999992,33.94999999999999],[-118.57499999999992,33.92499999999999]]]}},{"type":"Feature","properties":{"nearestScore":90,"avg5Score":90.4,"nearestDist":8.015,"reachMin":96.2,"walkMin":96.2,"bikeMin":32.1,"driveMin":12.0},"geometry":{"type":"Polygon","coordinates":[[[-118.54999999999991,33.92499999999999],[-118.5249999999999,33.92499999999999],[-118.5249999999999,33.94999999999999],[-118.54999999999991,33.94999999999999],[-118.54999999999991,33.92499999999999]]]}},{"type":"Feature","properties":{"nearestScore":90,"avg5Score":92.4,"nearestDist":6.17,"reachMin":74.0,"walkMin":74.0,"bikeMin":24.7,"driveMin":9.3},"geometry":{"type":"Polygon","coordinates":[[[-118.5249999999999,33.92499999999999],[-118.4999999999999,33.92499999999999],[-118.4999999999999,33.94999999999999],[-118.5249999999999,33.94999999999999],[-118.5249999999999,33.92499999999999]]]}},{"type":"Feature","properties":{"nearestScore":90,"avg5Score":94.2,"nearestDist":4.114,"reachMin":49.4,"walkMin":49.4,"bikeMin":16.5,"driveMin":6.2},"geometry":{"type":"Polygon","coordinates":[[[-118.4999999999999,33.92499999999999],[-118.4749999999999,33.92499999999999],[-118.4749999999999,33.94999999999999],[-118.4999999999999,33.94999999999999],[-118.4999999999999,33.92499999999999]]]}},{"type":"Feature","properties":{"nearestScore":90,"avg5Score":94.6,"nearestDist":2.531,"reachMin":30.4,"walkMin":30.4,"bikeMin":10.1,"driveMin":3.8},"geometry":{"type":"Polygon","coordinates":[[[-118.4749999999999,33.92499999999999],[-118.44999999999989,33.92499999999999],[-118.44999999999989,33.94999999999999],[-118.4749999999999,33.94999999999999],[-118.4749999999999,33.92499999999999]]]}},{"type":"Feature","properties":{"nearestScore":96,"avg5Score":95.8,"nearestDist":0.797,"reachMin":9.6,"walkMin":9.6,"bikeMin":3.2,"driveMin":1.2},"geometry":{"type":"Polygon","coordinates":[[[-118.44999999999989,33.92499999999999],[-118.42499999999988,33.92499999999999],[-118.42499999999988,33.94999999999999],[-118.44999999999989,33.94999999999999],[-118.44999999999989,33.92499999999999]]]}},{"type":"Feature","properties":{"nearestScore":98,"avg5Score":96.4,"nearestDist":0.768,"reachMin":9.2,"walkMin":9.2,"bikeMin":3.1,"driveMin":1.2},"geometry":{"type":"Polygon","coordinates":[[[-118.42499999999988,33.92499999999999],[-118.39999999999988,33.92499999999999],[-118.39999999999988,33.94999999999999],[-118.42499999999988,33.94999999999999],[-118.42499999999988,33.92499999999999]]]}},{"type":"Feature","properties":{"nearestScore":98,"avg5Score":97.4,"nearestDist":0.802,"reachMin":9.6,"walkMin":9.6,"bikeMin":3.2,"driveMin":1.2},"geometry":{"type":"Polygon","coordinates":[[[-118.39999999999988,33.92499999999999],[-118.37499999999987,33.92499999999999],[-118.37499999999987,33.94999999999999],[-118.39999999999988,33.94999999999999],[-118.39999999999988,33.92499999999999]]]}},{"type":"Feature","properties":{"nearestScore":95,"avg5Score":97.2,"nearestDist":0.121,"reachMin":1.5,"walkMin":1.5,"bikeMin":0.5,"driveMin":0.2},"geometry":{"type":"Polygon","coordinates":[[[-118.37499999999987,33.92499999999999],[-118.34999999999987,33.92499999999999],[-118.34999999999987,33.94999999999999],[-118.37499999999987,33.94999999999999],[-118.37499999999987,33.92499999999999]]]}},{"type":"Feature","properties":{"nearestScore":93,"avg5Score":93.6,"nearestDist":0.583,"reachMin":7.0,"walkMin":7.0,"bikeMin":2.3,"driveMin":0.9},"geometry":{"type":"Polygon","coordinates":[[[-118.34999999999987,33.92499999999999],[-118.32499999999986,33.92499999999999],[-118.32499999999986,33.94999999999999],[-118.34999999999987,33.94999999999999],[-118.34999999999987,33.92499999999999]]]}},{"type":"Feature","properties":{"nearestScore":94,"avg5Score":97.2,"nearestDist":0.365,"reachMin":4.4,"walkMin":4.4,"bikeMin":1.5,"driveMin":0.5},"geometry":{"type":"Polygon","coordinates":[[[-118.32499999999986,33.92499999999999],[-118.29999999999986,33.92499999999999],[-118.29999999999986,33.94999999999999],[-118.32499999999986,33.94999999999999],[-118.32499999999986,33.92499999999999]]]}},{"type":"Feature","properties":{"nearestScore":83,"avg5Score":91.0,"nearestDist":0.377,"reachMin":4.5,"walkMin":4.5,"bikeMin":1.5,"driveMin":0.6},"geometry":{"type":"Polygon","coordinates":[[[-118.29999999999986,33.92499999999999],[-118.27499999999985,33.92499999999999],[-118.27499999999985,33.94999999999999],[-118.29999999999986,33.94999999999999],[-118.29999999999986,33.92499999999999]]]}},{"type":"Feature","properties":{"nearestScore":84,"avg5Score":89.6,"nearestDist":0.474,"reachMin":5.7,"walkMin":5.7,"bikeMin":1.9,"driveMin":0.7},"geometry":{"type":"Polygon","coordinates":[[[-118.27499999999985,33.92499999999999],[-118.24999999999984,33.92499999999999],[-118.24999999999984,33.94999999999999],[-118.27499999999985,33.94999999999999],[-118.27499999999985,33.92499999999999]]]}},{"type":"Feature","properties":{"nearestScore":90,"avg5Score":88.2,"nearestDist":0.39,"reachMin":4.7,"walkMin":4.7,"bikeMin":1.6,"driveMin":0.6},"geometry":{"type":"Polygon","coordinates":[[[-118.24999999999984,33.92499999999999],[-118.22499999999984,33.92499999999999],[-118.22499999999984,33.94999999999999],[-118.24999999999984,33.94999999999999],[-118.24999999999984,33.92499999999999]]]}},{"type":"Feature","properties":{"nearestScore":96,"avg5Score":93.6,"nearestDist":0.124,"reachMin":1.5,"walkMin":1.5,"bikeMin":0.5,"driveMin":0.2},"geometry":{"type":"Polygon","coordinates":[[[-118.22499999999984,33.92499999999999],[-118.19999999999983,33.92499999999999],[-118.19999999999983,33.94999999999999],[-118.22499999999984,33.94999999999999],[-118.22499999999984,33.92499999999999]]]}},{"type":"Feature","properties":{"nearestScore":90,"avg5Score":88.2,"nearestDist":0.51,"reachMin":6.1,"walkMin":6.1,"bikeMin":2.0,"driveMin":0.8},"geometry":{"type":"Polygon","coordinates":[[[-118.19999999999983,33.92499999999999],[-118.17499999999983,33.92499999999999],[-118.17499999999983,33.94999999999999],[-118.19999999999983,33.94999999999999],[-118.19999999999983,33.92499999999999]]]}},{"type":"Feature","properties":{"nearestScore":91,"avg5Score":93.8,"nearestDist":0.482,"reachMin":5.8,"walkMin":5.8,"bikeMin":1.9,"driveMin":0.7},"geometry":{"type":"Polygon","coordinates":[[[-118.17499999999983,33.92499999999999],[-118.14999999999982,33.92499999999999],[-118.14999999999982,33.94999999999999],[-118.17499999999983,33.94999999999999],[-118.17499999999983,33.92499999999999]]]}},{"type":"Feature","properties":{"nearestScore":90,"avg5Score":93.8,"nearestDist":0.439,"reachMin":5.3,"walkMin":5.3,"bikeMin":1.8,"driveMin":0.7},"geometry":{"type":"Polygon","coordinates":[[[-118.14999999999982,33.92499999999999],[-118.12499999999982,33.92499999999999],[-118.12499999999982,33.94999999999999],[-118.14999999999982,33.94999999999999],[-118.14999999999982,33.92499999999999]]]}},{"type":"Feature","properties":{"nearestScore":99,"avg5Score":94.6,"nearestDist":0.713,"reachMin":8.6,"walkMin":8.6,"bikeMin":2.9,"driveMin":1.1},"geometry":{"type":"Polygon","coordinates":[[[-118.12499999999982,33.92499999999999],[-118.09999999999981,33.92499999999999],[-118.09999999999981,33.94999999999999],[-118.12499999999982,33.94999999999999],[-118.12499999999982,33.92499999999999]]]}},{"type":"Feature","properties":{"nearestScore":97,"avg5Score":97.0,"nearestDist":0.287,"reachMin":3.4,"walkMin":3.4,"bikeMin":1.1,"driveMin":0.4},"geometry":{"type":"Polygon","coordinates":[[[-118.09999999999981,33.92499999999999],[-118.0749999999998,33.92499999999999],[-118.0749999999998,33.94999999999999],[-118.09999999999981,33.94999999999999],[-118.09999999999981,33.92499999999999]]]}},{"type":"Feature","properties":{"nearestScore":93,"avg5Score":95.4,"nearestDist":0.896,"reachMin":10.8,"walkMin":10.8,"bikeMin":3.6,"driveMin":1.3},"geometry":{"type":"Polygon","coordinates":[[[-118.0749999999998,33.92499999999999],[-118.0499999999998,33.92499999999999],[-118.0499999999998,33.94999999999999],[-118.0749999999998,33.94999999999999],[-118.0749999999998,33.92499999999999]]]}},{"type":"Feature","properties":{"nearestScore":84,"avg5Score":92.8,"nearestDist":0.307,"reachMin":3.7,"walkMin":3.7,"bikeMin":1.2,"driveMin":0.5},"geometry":{"type":"Polygon","coordinates":[[[-118.0499999999998,33.92499999999999],[-118.02499999999979,33.92499999999999],[-118.02499999999979,33.94999999999999],[-118.0499999999998,33.94999999999999],[-118.0499999999998,33.92499999999999]]]}},{"type":"Feature","properties":{"nearestScore":85,"avg5Score":88.8,"nearestDist":0.199,"reachMin":2.4,"walkMin":2.4,"bikeMin":0.8,"driveMin":0.3},"geometry":{"type":"Polygon","coordinates":[[[-118.02499999999979,33.92499999999999],[-117.99999999999979,33.92499999999999],[-117.99999999999979,33.94999999999999],[-118.02499999999979,33.94999999999999],[-118.02499999999979,33.92499999999999]]]}},{"type":"Feature","properties":{"nearestScore":93,"avg5Score":94.8,"nearestDist":0.457,"reachMin":5.5,"walkMin":5.5,"bikeMin":1.8,"driveMin":0.7},"geometry":{"type":"Polygon","coordinates":[[[-117.99999999999979,33.92499999999999],[-117.97499999999978,33.92499999999999],[-117.97499999999978,33.94999999999999],[-117.99999999999979,33.94999999999999],[-117.99999999999979,33.92499999999999]]]}},{"type":"Feature","properties":{"nearestScore":96,"avg5Score":93.2,"nearestDist":1.438,"reachMin":17.3,"walkMin":17.3,"bikeMin":5.8,"driveMin":2.2},"geometry":{"type":"Polygon","coordinates":[[[-117.97499999999978,33.92499999999999],[-117.94999999999978,33.92499999999999],[-117.94999999999978,33.94999999999999],[-117.97499999999978,33.94999999999999],[-117.97499999999978,33.92499999999999]]]}},{"type":"Feature","properties":{"nearestScore":96,"avg5Score":94.4,"nearestDist":2.682,"reachMin":32.2,"walkMin":32.2,"bikeMin":10.7,"driveMin":4.0},"geometry":{"type":"Polygon","coordinates":[[[-117.94999999999978,33.92499999999999],[-117.92499999999977,33.92499999999999],[-117.92499999999977,33.94999999999999],[-117.94999999999978,33.94999999999999],[-117.94999999999978,33.92499999999999]]]}},{"type":"Feature","properties":{"nearestScore":96,"avg5Score":92.4,"nearestDist":4.084,"reachMin":49.0,"walkMin":49.0,"bikeMin":16.3,"driveMin":6.1},"geometry":{"type":"Polygon","coordinates":[[[-117.92499999999977,33.92499999999999],[-117.89999999999976,33.92499999999999],[-117.89999999999976,33.94999999999999],[-117.92499999999977,33.94999999999999],[-117.92499999999977,33.92499999999999]]]}},{"type":"Feature","properties":{"nearestScore":82,"avg5Score":92.6,"nearestDist":4.728,"reachMin":56.7,"walkMin":56.7,"bikeMin":18.9,"driveMin":7.1},"geometry":{"type":"Polygon","coordinates":[[[-117.89999999999976,33.92499999999999],[-117.87499999999976,33.92499999999999],[-117.87499999999976,33.94999999999999],[-117.89999999999976,33.94999999999999],[-117.89999999999976,33.92499999999999]]]}},{"type":"Feature","properties":{"nearestScore":97,"avg5Score":93.0,"nearestDist":4.02,"reachMin":48.2,"walkMin":48.2,"bikeMin":16.1,"driveMin":6.0},"geometry":{"type":"Polygon","coordinates":[[[-117.87499999999976,33.92499999999999],[-117.84999999999975,33.92499999999999],[-117.84999999999975,33.94999999999999],[-117.87499999999976,33.94999999999999],[-117.87499999999976,33.92499999999999]]]}},{"type":"Feature","properties":{"nearestScore":97,"avg5Score":93.0,"nearestDist":3.81,"reachMin":45.7,"walkMin":45.7,"bikeMin":15.2,"driveMin":5.7},"geometry":{"type":"Polygon","coordinates":[[[-117.84999999999975,33.92499999999999],[-117.82499999999975,33.92499999999999],[-117.82499999999975,33.94999999999999],[-117.84999999999975,33.94999999999999],[-117.84999999999975,33.92499999999999]]]}},{"type":"Feature","properties":{"nearestScore":91,"avg5Score":91.6,"nearestDist":4.655,"reachMin":55.9,"walkMin":55.9,"bikeMin":18.6,"driveMin":7.0},"geometry":{"type":"Polygon","coordinates":[[[-117.82499999999975,33.92499999999999],[-117.79999999999974,33.92499999999999],[-117.79999999999974,33.94999999999999],[-117.82499999999975,33.94999999999999],[-117.82499999999975,33.92499999999999]]]}},{"type":"Feature","properties":{"nearestScore":91,"avg5Score":91.6,"nearestDist":6.166,"reachMin":74.0,"walkMin":74.0,"bikeMin":24.7,"driveMin":9.2},"geometry":{"type":"Polygon","coordinates":[[[-117.79999999999974,33.92499999999999],[-117.77499999999974,33.92499999999999],[-117.77499999999974,33.94999999999999],[-117.79999999999974,33.94999999999999],[-117.79999999999974,33.92499999999999]]]}},{"type":"Feature","properties":{"nearestScore":96,"avg5Score":92.4,"nearestDist":8.038,"reachMin":96.5,"walkMin":96.5,"bikeMin":32.2,"driveMin":12.1},"geometry":{"type":"Polygon","coordinates":[[[-117.77499999999974,33.92499999999999],[-117.74999999999973,33.92499999999999],[-117.74999999999973,33.94999999999999],[-117.77499999999974,33.94999999999999],[-117.77499999999974,33.92499999999999]]]}},{"type":"Feature","properties":{"nearestScore":98,"avg5Score":93.6,"nearestDist":9.6,"reachMin":115.2,"walkMin":115.2,"bikeMin":38.4,"driveMin":14.4},"geometry":{"type":"Polygon","coordinates":[[[-117.74999999999973,33.92499999999999],[-117.72499999999972,33.92499999999999],[-117.72499999999972,33.94999999999999],[-117.74999999999973,33.94999999999999],[-117.74999999999973,33.92499999999999]]]}},{"type":"Feature","properties":{"nearestScore":98,"avg5Score":96.0,"nearestDist":9.743,"reachMin":116.9,"walkMin":116.9,"bikeMin":39.0,"driveMin":14.6},"geometry":{"type":"Polygon","coordinates":[[[-117.72499999999972,33.92499999999999],[-117.69999999999972,33.92499999999999],[-117.69999999999972,33.94999999999999],[-117.72499999999972,33.94999999999999],[-117.72499999999972,33.92499999999999]]]}},{"type":"Feature","properties":{"nearestScore":98,"avg5Score":97.0,"nearestDist":10.407,"reachMin":124.9,"walkMin":124.9,"bikeMin":41.6,"driveMin":15.6},"geometry":{"type":"Polygon","coordinates":[[[-117.69999999999972,33.92499999999999],[-117.67499999999971,33.92499999999999],[-117.67499999999971,33.94999999999999],[-117.69999999999972,33.94999999999999],[-117.69999999999972,33.92499999999999]]]}},{"type":"Feature","properties":{"nearestScore":98,"avg5Score":97.0,"nearestDist":11.503,"reachMin":138.0,"walkMin":138.0,"bikeMin":46.0,"driveMin":17.3},"geometry":{"type":"Polygon","coordinates":[[[-117.67499999999971,33.92499999999999],[-117.64999999999971,33.92499999999999],[-117.64999999999971,33.94999999999999],[-117.67499999999971,33.94999999999999],[-117.67499999999971,33.92499999999999]]]}},{"type":"Feature","properties":{"nearestScore":98,"avg5Score":92.4,"nearestDist":9.362,"reachMin":112.3,"walkMin":112.3,"bikeMin":37.4,"driveMin":14.0},"geometry":{"type":"Polygon","coordinates":[[[-118.95,33.94999999999999],[-118.925,33.94999999999999],[-118.925,33.97499999999999],[-118.95,33.97499999999999],[-118.95,33.94999999999999]]]}},{"type":"Feature","properties":{"nearestScore":98,"avg5Score":92.4,"nearestDist":9.044,"reachMin":108.5,"walkMin":108.5,"bikeMin":36.2,"driveMin":13.6},"geometry":{"type":"Polygon","coordinates":[[[-118.925,33.94999999999999],[-118.89999999999999,33.94999999999999],[-118.89999999999999,33.97499999999999],[-118.925,33.97499999999999],[-118.925,33.94999999999999]]]}},{"type":"Feature","properties":{"nearestScore":95,"avg5Score":91.8,"nearestDist":8.469,"reachMin":101.6,"walkMin":101.6,"bikeMin":33.9,"driveMin":12.7},"geometry":{"type":"Polygon","coordinates":[[[-118.89999999999999,33.94999999999999],[-118.87499999999999,33.94999999999999],[-118.87499999999999,33.97499999999999],[-118.89999999999999,33.97499999999999],[-118.89999999999999,33.94999999999999]]]}},{"type":"Feature","properties":{"nearestScore":95,"avg5Score":92.0,"nearestDist":6.887,"reachMin":82.6,"walkMin":82.6,"bikeMin":27.5,"driveMin":10.3},"geometry":{"type":"Polygon","coordinates":[[[-118.87499999999999,33.94999999999999],[-118.84999999999998,33.94999999999999],[-118.84999999999998,33.97499999999999],[-118.87499999999999,33.97499999999999],[-118.87499999999999,33.94999999999999]]]}},{"type":"Feature","properties":{"nearestScore":95,"avg5Score":95.2,"nearestDist":5.81,"reachMin":69.7,"walkMin":69.7,"bikeMin":23.2,"driveMin":8.7},"geometry":{"type":"Polygon","coordinates":[[[-118.84999999999998,33.94999999999999],[-118.82499999999997,33.94999999999999],[-118.82499999999997,33.97499999999999],[-118.84999999999998,33.97499999999999],[-118.84999999999998,33.94999999999999]]]}},{"type":"Feature","properties":{"nearestScore":95,"avg5Score":95.2,"nearestDist":5.541,"reachMin":66.5,"walkMin":66.5,"bikeMin":22.2,"driveMin":8.3},"geometry":{"type":"Polygon","coordinates":[[[-118.82499999999997,33.94999999999999],[-118.79999999999997,33.94999999999999],[-118.79999999999997,33.97499999999999],[-118.82499999999997,33.97499999999999],[-118.82499999999997,33.94999999999999]]]}},{"type":"Feature","properties":{"nearestScore":95,"avg5Score":96.0,"nearestDist":6.187,"reachMin":74.2,"walkMin":74.2,"bikeMin":24.7,"driveMin":9.3},"geometry":{"type":"Polygon","coordinates":[[[-118.79999999999997,33.94999999999999],[-118.77499999999996,33.94999999999999],[-118.77499999999996,33.97499999999999],[-118.79999999999997,33.97499999999999],[-118.79999999999997,33.94999999999999]]]}},{"type":"Feature","properties":{"nearestScore":97,"avg5Score":95.6,"nearestDist":7.456,"reachMin":89.5,"walkMin":89.5,"bikeMin":29.8,"driveMin":11.2},"geometry":{"type":"Polygon","coordinates":[[[-118.77499999999996,33.94999999999999],[-118.74999999999996,33.94999999999999],[-118.74999999999996,33.97499999999999],[-118.77499999999996,33.97499999999999],[-118.77499999999996,33.94999999999999]]]}},{"type":"Feature","properties":{"nearestScore":91,"avg5Score":96.4,"nearestDist":7.889,"reachMin":94.7,"walkMin":94.7,"bikeMin":31.6,"driveMin":11.8},"geometry":{"type":"Polygon","coordinates":[[[-118.74999999999996,33.94999999999999],[-118.72499999999995,33.94999999999999],[-118.72499999999995,33.97499999999999],[-118.74999999999996,33.97499999999999],[-118.74999999999996,33.94999999999999]]]}},{"type":"Feature","properties":{"nearestScore":98,"avg5Score":94.0,"nearestDist":8.002,"reachMin":96.0,"walkMin":96.0,"bikeMin":32.0,"driveMin":12.0},"geometry":{"type":"Polygon","coordinates":[[[-118.72499999999995,33.94999999999999],[-118.69999999999995,33.94999999999999],[-118.69999999999995,33.97499999999999],[-118.72499999999995,33.97499999999999],[-118.72499999999995,33.94999999999999]]]}},{"type":"Feature","properties":{"nearestScore":80,"avg5Score":94.4,"nearestDist":7.921,"reachMin":95.1,"walkMin":95.1,"bikeMin":31.7,"driveMin":11.9},"geometry":{"type":"Polygon","coordinates":[[[-118.69999999999995,33.94999999999999],[-118.67499999999994,33.94999999999999],[-118.67499999999994,33.97499999999999],[-118.69999999999995,33.97499999999999],[-118.69999999999995,33.94999999999999]]]}},{"type":"Feature","properties":{"nearestScore":95,"avg5Score":96.4,"nearestDist":8.255,"reachMin":99.1,"walkMin":99.1,"bikeMin":33.0,"driveMin":12.4},"geometry":{"type":"Polygon","coordinates":[[[-118.67499999999994,33.94999999999999],[-118.64999999999993,33.94999999999999],[-118.64999999999993,33.97499999999999],[-118.67499999999994,33.97499999999999],[-118.67499999999994,33.94999999999999]]]}},{"type":"Feature","properties":{"nearestScore":98,"avg5Score":94.2,"nearestDist":8.271,"reachMin":99.3,"walkMin":99.3,"bikeMin":33.1,"driveMin":12.4},"geometry":{"type":"Polygon","coordinates":[[[-118.64999999999993,33.94999999999999],[-118.62499999999993,33.94999999999999],[-118.62499999999993,33.97499999999999],[-118.64999999999993,33.97499999999999],[-118.64999999999993,33.94999999999999]]]}},{"type":"Feature","properties":{"nearestScore":98,"avg5Score":97.0,"nearestDist":8.564,"reachMin":102.8,"walkMin":102.8,"bikeMin":34.3,"driveMin":12.8},"geometry":{"type":"Polygon","coordinates":[[[-118.62499999999993,33.94999999999999],[-118.59999999999992,33.94999999999999],[-118.59999999999992,33.97499999999999],[-118.62499999999993,33.97499999999999],[-118.62499999999993,33.94999999999999]]]}},{"type":"Feature","properties":{"nearestScore":97,"avg5Score":96.2,"nearestDist":8.69,"reachMin":104.3,"walkMin":104.3,"bikeMin":34.8,"driveMin":13.0},"geometry":{"type":"Polygon","coordinates":[[[-118.59999999999992,33.94999999999999],[-118.57499999999992,33.94999999999999],[-118.57499999999992,33.97499999999999],[-118.59999999999992,33.97499999999999],[-118.59999999999992,33.94999999999999]]]}},{"type":"Feature","properties":{"nearestScore":96,"avg5Score":94.8,"nearestDist":8.19,"reachMin":98.3,"walkMin":98.3,"bikeMin":32.8,"driveMin":12.3},"geometry":{"type":"Polygon","coordinates":[[[-118.57499999999992,33.94999999999999],[-118.54999999999991,33.94999999999999],[-118.54999999999991,33.97499999999999],[-118.57499999999992,33.97499999999999],[-118.57499999999992,33.94999999999999]]]}},{"type":"Feature","properties":{"nearestScore":90,"avg5Score":89.0,"nearestDist":6.361,"reachMin":76.3,"walkMin":76.3,"bikeMin":25.4,"driveMin":9.5},"geometry":{"type":"Polygon","coordinates":[[[-118.54999999999991,33.94999999999999],[-118.5249999999999,33.94999999999999],[-118.5249999999999,33.97499999999999],[-118.54999999999991,33.97499999999999],[-118.54999999999991,33.94999999999999]]]}},{"type":"Feature","properties":{"nearestScore":98,"avg5Score":92.0,"nearestDist":4.493,"reachMin":53.9,"walkMin":53.9,"bikeMin":18.0,"driveMin":6.7},"geometry":{"type":"Polygon","coordinates":[[[-118.5249999999999,33.94999999999999],[-118.4999999999999,33.94999999999999],[-118.4999999999999,33.97499999999999],[-118.5249999999999,33.97499999999999],[-118.5249999999999,33.94999999999999]]]}},{"type":"Feature","properties":{"nearestScore":90,"avg5Score":92.0,"nearestDist":2.674,"reachMin":32.1,"walkMin":32.1,"bikeMin":10.7,"driveMin":4.0},"geometry":{"type":"Polygon","coordinates":[[[-118.4999999999999,33.94999999999999],[-118.4749999999999,33.94999999999999],[-118.4749999999999,33.97499999999999],[-118.4999999999999,33.97499999999999],[-118.4999999999999,33.94999999999999]]]}},{"type":"Feature","properties":{"nearestScore":91,"avg5Score":93.6,"nearestDist":1.181,"reachMin":14.2,"walkMin":14.2,"bikeMin":4.7,"driveMin":1.8},"geometry":{"type":"Polygon","coordinates":[[[-118.4749999999999,33.94999999999999],[-118.44999999999989,33.94999999999999],[-118.44999999999989,33.97499999999999],[-118.4749999999999,33.97499999999999],[-118.4749999999999,33.94999999999999]]]}},{"type":"Feature","properties":{"nearestScore":97,"avg5Score":93.6,"nearestDist":0.354,"reachMin":4.2,"walkMin":4.2,"bikeMin":1.4,"driveMin":0.5},"geometry":{"type":"Polygon","coordinates":[[[-118.44999999999989,33.94999999999999],[-118.42499999999988,33.94999999999999],[-118.42499999999988,33.97499999999999],[-118.44999999999989,33.97499999999999],[-118.44999999999989,33.94999999999999]]]}},{"type":"Feature","properties":{"nearestScore":94,"avg5Score":93.6,"nearestDist":0.322,"reachMin":3.9,"walkMin":3.9,"bikeMin":1.3,"driveMin":0.5},"geometry":{"type":"Polygon","coordinates":[[[-118.42499999999988,33.94999999999999],[-118.39999999999988,33.94999999999999],[-118.39999999999988,33.97499999999999],[-118.42499999999988,33.97499999999999],[-118.42499999999988,33.94999999999999]]]}},{"type":"Feature","properties":{"nearestScore":98,"avg5Score":96.4,"nearestDist":0.347,"reachMin":4.2,"walkMin":4.2,"bikeMin":1.4,"driveMin":0.5},"geometry":{"type":"Polygon","coordinates":[[[-118.39999999999988,33.94999999999999],[-118.37499999999987,33.94999999999999],[-118.37499999999987,33.97499999999999],[-118.39999999999988,33.97499999999999],[-118.39999999999988,33.94999999999999]]]}},{"type":"Feature","properties":{"nearestScore":97,"avg5Score":95.6,"nearestDist":0.109,"reachMin":1.3,"walkMin":1.3,"bikeMin":0.4,"driveMin":0.2},"geometry":{"type":"Polygon","coordinates":[[[-118.37499999999987,33.94999999999999],[-118.34999999999987,33.94999999999999],[-118.34999999999987,33.97499999999999],[-118.37499999999987,33.97499999999999],[-118.37499999999987,33.94999999999999]]]}},{"type":"Feature","properties":{"nearestScore":99,"avg5Score":94.4,"nearestDist":0.587,"reachMin":7.0,"walkMin":7.0,"bikeMin":2.3,"driveMin":0.9},"geometry":{"type":"Polygon","coordinates":[[[-118.34999999999987,33.94999999999999],[-118.32499999999986,33.94999999999999],[-118.32499999999986,33.97499999999999],[-118.34999999999987,33.97499999999999],[-118.34999999999987,33.94999999999999]]]}},{"type":"Feature","properties":{"nearestScore":96,"avg5Score":94.6,"nearestDist":0.301,"reachMin":3.6,"walkMin":3.6,"bikeMin":1.2,"driveMin":0.5},"geometry":{"type":"Polygon","coordinates":[[[-118.32499999999986,33.94999999999999],[-118.29999999999986,33.94999999999999],[-118.29999999999986,33.97499999999999],[-118.32499999999986,33.97499999999999],[-118.32499999999986,33.94999999999999]]]}},{"type":"Feature","properties":{"nearestScore":94,"avg5Score":94.8,"nearestDist":0.266,"reachMin":3.2,"walkMin":3.2,"bikeMin":1.1,"driveMin":0.4},"geometry":{"type":"Polygon","coordinates":[[[-118.29999999999986,33.94999999999999],[-118.27499999999985,33.94999999999999],[-118.27499999999985,33.97499999999999],[-118.29999999999986,33.97499999999999],[-118.29999999999986,33.94999999999999]]]}},{"type":"Feature","properties":{"nearestScore":96,"avg5Score":93.6,"nearestDist":0.287,"reachMin":3.4,"walkMin":3.4,"bikeMin":1.1,"driveMin":0.4},"geometry":{"type":"Polygon","coordinates":[[[-118.27499999999985,33.94999999999999],[-118.24999999999984,33.94999999999999],[-118.24999999999984,33.97499999999999],[-118.27499999999985,33.97499999999999],[-118.27499999999985,33.94999999999999]]]}},{"type":"Feature","properties":{"nearestScore":72,"avg5Score":88.0,"nearestDist":0.363,"reachMin":4.4,"walkMin":4.4,"bikeMin":1.5,"driveMin":0.5},"geometry":{"type":"Polygon","coordinates":[[[-118.24999999999984,33.94999999999999],[-118.22499999999984,33.94999999999999],[-118.22499999999984,33.97499999999999],[-118.24999999999984,33.97499999999999],[-118.24999999999984,33.94999999999999]]]}},{"type":"Feature","properties":{"nearestScore":96,"avg5Score":91.4,"nearestDist":0.144,"reachMin":1.7,"walkMin":1.7,"bikeMin":0.6,"driveMin":0.2},"geometry":{"type":"Polygon","coordinates":[[[-118.22499999999984,33.94999999999999],[-118.19999999999983,33.94999999999999],[-118.19999999999983,33.97499999999999],[-118.22499999999984,33.97499999999999],[-118.22499999999984,33.94999999999999]]]}},{"type":"Feature","properties":{"nearestScore":97,"avg5Score":94.2,"nearestDist":0.117,"reachMin":1.4,"walkMin":1.4,"bikeMin":0.5,"driveMin":0.2},"geometry":{"type":"Polygon","coordinates":[[[-118.19999999999983,33.94999999999999],[-118.17499999999983,33.94999999999999],[-118.17499999999983,33.97499999999999],[-118.19999999999983,33.97499999999999],[-118.19999999999983,33.94999999999999]]]}},{"type":"Feature","properties":{"nearestScore":93,"avg5Score":86.2,"nearestDist":0.044,"reachMin":0.5,"walkMin":0.5,"bikeMin":0.2,"driveMin":0.1},"geometry":{"type":"Polygon","coordinates":[[[-118.17499999999983,33.94999999999999],[-118.14999999999982,33.94999999999999],[-118.14999999999982,33.97499999999999],[-118.17499999999983,33.97499999999999],[-118.17499999999983,33.94999999999999]]]}},{"type":"Feature","properties":{"nearestScore":90,"avg5Score":92.6,"nearestDist":0.484,"reachMin":5.8,"walkMin":5.8,"bikeMin":1.9,"driveMin":0.7},"geometry":{"type":"Polygon","coordinates":[[[-118.14999999999982,33.94999999999999],[-118.12499999999982,33.94999999999999],[-118.12499999999982,33.97499999999999],[-118.14999999999982,33.97499999999999],[-118.14999999999982,33.94999999999999]]]}},{"type":"Feature","properties":{"nearestScore":90,"avg5Score":90.0,"nearestDist":0.187,"reachMin":2.2,"walkMin":2.2,"bikeMin":0.7,"driveMin":0.3},"geometry":{"type":"Polygon","coordinates":[[[-118.12499999999982,33.94999999999999],[-118.09999999999981,33.94999999999999],[-118.09999999999981,33.97499999999999],[-118.12499999999982,33.97499999999999],[-118.12499999999982,33.94999999999999]]]}},{"type":"Feature","properties":{"nearestScore":83,"avg5Score":93.0,"nearestDist":0.494,"reachMin":5.9,"walkMin":5.9,"bikeMin":2.0,"driveMin":0.7},"geometry":{"type":"Polygon","coordinates":[[[-118.09999999999981,33.94999999999999],[-118.0749999999998,33.94999999999999],[-118.0749999999998,33.97499999999999],[-118.09999999999981,33.97499999999999],[-118.09999999999981,33.94999999999999]]]}},{"type":"Feature","properties":{"nearestScore":94,"avg5Score":92.2,"nearestDist":0.293,"reachMin":3.5,"walkMin":3.5,"bikeMin":1.2,"driveMin":0.4},"geometry":{"type":"Polygon","coordinates":[[[-118.0749999999998,33.94999999999999],[-118.0499999999998,33.94999999999999],[-118.0499999999998,33.97499999999999],[-118.0749999999998,33.97499999999999],[-118.0749999999998,33.94999999999999]]]}},{"type":"Feature","properties":{"nearestScore":96,"avg5Score":94.0,"nearestDist":0.298,"reachMin":3.6,"walkMin":3.6,"bikeMin":1.2,"driveMin":0.4},"geometry":{"type":"Polygon","coordinates":[[[-118.0499999999998,33.94999999999999],[-118.02499999999979,33.94999999999999],[-118.02499999999979,33.97499999999999],[-118.0499999999998,33.97499999999999],[-118.0499999999998,33.94999999999999]]]}},{"type":"Feature","properties":{"nearestScore":92,"avg5Score":95.2,"nearestDist":0.981,"reachMin":11.8,"walkMin":11.8,"bikeMin":3.9,"driveMin":1.5},"geometry":{"type":"Polygon","coordinates":[[[-118.02499999999979,33.94999999999999],[-117.99999999999979,33.94999999999999],[-117.99999999999979,33.97499999999999],[-118.02499999999979,33.97499999999999],[-118.02499999999979,33.94999999999999]]]}},{"type":"Feature","properties":{"nearestScore":95,"avg5Score":91.6,"nearestDist":1.115,"reachMin":13.4,"walkMin":13.4,"bikeMin":4.5,"driveMin":1.7},"geometry":{"type":"Polygon","coordinates":[[[-117.99999999999979,33.94999999999999],[-117.97499999999978,33.94999999999999],[-117.97499999999978,33.97499999999999],[-117.99999999999979,33.97499999999999],[-117.99999999999979,33.94999999999999]]]}},{"type":"Feature","properties":{"nearestScore":96,"avg5Score":96.2,"nearestDist":1.425,"reachMin":17.1,"walkMin":17.1,"bikeMin":5.7,"driveMin":2.1},"geometry":{"type":"Polygon","coordinates":[[[-117.97499999999978,33.94999999999999],[-117.94999999999978,33.94999999999999],[-117.94999999999978,33.97499999999999],[-117.97499999999978,33.97499999999999],[-117.97499999999978,33.94999999999999]]]}},{"type":"Feature","properties":{"nearestScore":96,"avg5Score":92.6,"nearestDist":0.939,"reachMin":11.3,"walkMin":11.3,"bikeMin":3.8,"driveMin":1.4},"geometry":{"type":"Polygon","coordinates":[[[-117.94999999999978,33.94999999999999],[-117.92499999999977,33.94999999999999],[-117.92499999999977,33.97499999999999],[-117.94999999999978,33.97499999999999],[-117.94999999999978,33.94999999999999]]]}},{"type":"Feature","properties":{"nearestScore":82,"avg5Score":91.2,"nearestDist":1.5,"reachMin":18.0,"walkMin":18.0,"bikeMin":6.0,"driveMin":2.2},"geometry":{"type":"Polygon","coordinates":[[[-117.92499999999977,33.94999999999999],[-117.89999999999976,33.94999999999999],[-117.89999999999976,33.97499999999999],[-117.92499999999977,33.97499999999999],[-117.92499999999977,33.94999999999999]]]}},{"type":"Feature","properties":{"nearestScore":99,"avg5Score":92.8,"nearestDist":2.427,"reachMin":29.1,"walkMin":29.1,"bikeMin":9.7,"driveMin":3.6},"geometry":{"type":"Polygon","coordinates":[[[-117.89999999999976,33.94999999999999],[-117.87499999999976,33.94999999999999],[-117.87499999999976,33.97499999999999],[-117.89999999999976,33.97499999999999],[-117.89999999999976,33.94999999999999]]]}},{"type":"Feature","properties":{"nearestScore":97,"avg5Score":92.8,"nearestDist":1.782,"reachMin":21.4,"walkMin":21.4,"bikeMin":7.1,"driveMin":2.7},"geometry":{"type":"Polygon","coordinates":[[[-117.87499999999976,33.94999999999999],[-117.84999999999975,33.94999999999999],[-117.84999999999975,33.97499999999999],[-117.87499999999976,33.97499999999999],[-117.87499999999976,33.94999999999999]]]}},{"type":"Feature","properties":{"nearestScore":91,"avg5Score":93.0,"nearestDist":1.216,"reachMin":14.6,"walkMin":14.6,"bikeMin":4.9,"driveMin":1.8},"geometry":{"type":"Polygon","coordinates":[[[-117.84999999999975,33.94999999999999],[-117.82499999999975,33.94999999999999],[-117.82499999999975,33.97499999999999],[-117.84999999999975,33.97499999999999],[-117.84999999999975,33.94999999999999]]]}},{"type":"Feature","properties":{"nearestScore":96,"avg5Score":92.4,"nearestDist":2.653,"reachMin":31.8,"walkMin":31.8,"bikeMin":10.6,"driveMin":4.0},"geometry":{"type":"Polygon","coordinates":[[[-117.82499999999975,33.94999999999999],[-117.79999999999974,33.94999999999999],[-117.79999999999974,33.97499999999999],[-117.82499999999975,33.97499999999999],[-117.82499999999975,33.94999999999999]]]}},{"type":"Feature","properties":{"nearestScore":93,"avg5Score":92.6,"nearestDist":4.521,"reachMin":54.3,"walkMin":54.3,"bikeMin":18.1,"driveMin":6.8},"geometry":{"type":"Polygon","coordinates":[[[-117.79999999999974,33.94999999999999],[-117.77499999999974,33.94999999999999],[-117.77499999999974,33.97499999999999],[-117.79999999999974,33.97499999999999],[-117.79999999999974,33.94999999999999]]]}},{"type":"Feature","properties":{"nearestScore":93,"avg5Score":92.6,"nearestDist":6.069,"reachMin":72.8,"walkMin":72.8,"bikeMin":24.3,"driveMin":9.1},"geometry":{"type":"Polygon","coordinates":[[[-117.77499999999974,33.94999999999999],[-117.74999999999973,33.94999999999999],[-117.74999999999973,33.97499999999999],[-117.77499999999974,33.97499999999999],[-117.77499999999974,33.94999999999999]]]}},{"type":"Feature","properties":{"nearestScore":98,"avg5Score":96.0,"nearestDist":6.827,"reachMin":81.9,"walkMin":81.9,"bikeMin":27.3,"driveMin":10.2},"geometry":{"type":"Polygon","coordinates":[[[-117.74999999999973,33.94999999999999],[-117.72499999999972,33.94999999999999],[-117.72499999999972,33.97499999999999],[-117.74999999999973,33.97499999999999],[-117.74999999999973,33.94999999999999]]]}},{"type":"Feature","properties":{"nearestScore":98,"avg5Score":97.0,"nearestDist":7.026,"reachMin":84.3,"walkMin":84.3,"bikeMin":28.1,"driveMin":10.5},"geometry":{"type":"Polygon","coordinates":[[[-117.72499999999972,33.94999999999999],[-117.69999999999972,33.94999999999999],[-117.69999999999972,33.97499999999999],[-117.72499999999972,33.97499999999999],[-117.72499999999972,33.94999999999999]]]}},{"type":"Feature","properties":{"nearestScore":98,"avg5Score":97.0,"nearestDist":7.921,"reachMin":95.1,"walkMin":95.1,"bikeMin":31.7,"driveMin":11.9},"geometry":{"type":"Polygon","coordinates":[[[-117.69999999999972,33.94999999999999],[-117.67499999999971,33.94999999999999],[-117.67499999999971,33.97499999999999],[-117.69999999999972,33.97499999999999],[-117.69999999999972,33.94999999999999]]]}},{"type":"Feature","properties":{"nearestScore":98,"avg5Score":96.8,"nearestDist":9.314,"reachMin":111.8,"walkMin":111.8,"bikeMin":37.3,"driveMin":14.0},"geometry":{"type":"Polygon","coordinates":[[[-117.67499999999971,33.94999999999999],[-117.64999999999971,33.94999999999999],[-117.64999999999971,33.97499999999999],[-117.67499999999971,33.97499999999999],[-117.67499999999971,33.94999999999999]]]}},{"type":"Feature","properties":{"nearestScore":98,"avg5Score":92.4,"nearestDist":6.715,"reachMin":80.6,"walkMin":80.6,"bikeMin":26.9,"driveMin":10.1},"geometry":{"type":"Polygon","coordinates":[[[-118.95,33.97499999999999],[-118.925,33.97499999999999],[-118.925,33.999999999999986],[-118.95,33.999999999999986],[-118.95,33.97499999999999]]]}},{"type":"Feature","properties":{"nearestScore":98,"avg5Score":92.4,"nearestDist":6.264,"reachMin":75.2,"walkMin":75.2,"bikeMin":25.1,"driveMin":9.4},"geometry":{"type":"Polygon","coordinates":[[[-118.925,33.97499999999999],[-118.89999999999999,33.97499999999999],[-118.89999999999999,33.999999999999986],[-118.925,33.999999999999986],[-118.925,33.97499999999999]]]}},{"type":"Feature","properties":{"nearestScore":90,"avg5Score":92.4,"nearestDist":6.325,"reachMin":75.9,"walkMin":75.9,"bikeMin":25.3,"driveMin":9.5},"geometry":{"type":"Polygon","coordinates":[[[-118.89999999999999,33.97499999999999],[-118.87499999999999,33.97499999999999],[-118.87499999999999,33.999999999999986],[-118.89999999999999,33.999999999999986],[-118.89999999999999,33.97499999999999]]]}},{"type":"Feature","properties":{"nearestScore":95,"avg5Score":91.8,"nearestDist":4.946,"reachMin":59.4,"walkMin":59.4,"bikeMin":19.8,"driveMin":7.4},"geometry":{"type":"Polygon","coordinates":[[[-118.87499999999999,33.97499999999999],[-118.84999999999998,33.97499999999999],[-118.84999999999998,33.999999999999986],[-118.87499999999999,33.999999999999986],[-118.87499999999999,33.97499999999999]]]}},{"type":"Feature","properties":{"nearestScore":95,"avg5Score":95.2,"nearestDist":3.285,"reachMin":39.4,"walkMin":39.4,"bikeMin":13.1,"driveMin":4.9},"geometry":{"type":"Polygon","coordinates":[[[-118.84999999999998,33.97499999999999],[-118.82499999999997,33.97499999999999],[-118.82499999999997,33.999999999999986],[-118.84999999999998,33.999999999999986],[-118.84999999999998,33.97499999999999]]]}},{"type":"Feature","properties":{"nearestScore":95,"avg5Score":95.2,"nearestDist":2.783,"reachMin":33.4,"walkMin":33.4,"bikeMin":11.1,"driveMin":4.2},"geometry":{"type":"Polygon","coordinates":[[[-118.82499999999997,33.97499999999999],[-118.79999999999997,33.97499999999999],[-118.79999999999997,33.999999999999986],[-118.82499999999997,33.999999999999986],[-118.82499999999997,33.97499999999999]]]}},{"type":"Feature","properties":{"nearestScore":95,"avg5Score":95.6,"nearestDist":3.914,"reachMin":47.0,"walkMin":47.0,"bikeMin":15.7,"driveMin":5.9},"geometry":{"type":"Polygon","coordinates":[[[-118.79999999999997,33.97499999999999],[-118.77499999999996,33.97499999999999],[-118.77499999999996,33.999999999999986],[-118.79999999999997,33.999999999999986],[-118.79999999999997,33.97499999999999]]]}},{"type":"Feature","properties":{"nearestScore":97,"avg5Score":94.8,"nearestDist":5.195,"reachMin":62.3,"walkMin":62.3,"bikeMin":20.8,"driveMin":7.8},"geometry":{"type":"Polygon","coordinates":[[[-118.77499999999996,33.97499999999999],[-118.74999999999996,33.97499999999999],[-118.74999999999996,33.999999999999986],[-118.77499999999996,33.999999999999986],[-118.77499999999996,33.97499999999999]]]}},{"type":"Feature","properties":{"nearestScore":91,"avg5Score":93.0,"nearestDist":5.112,"reachMin":61.3,"walkMin":61.3,"bikeMin":20.4,"driveMin":7.7},"geometry":{"type":"Polygon","coordinates":[[[-118.74999999999996,33.97499999999999],[-118.72499999999995,33.97499999999999],[-118.72499999999995,33.999999999999986],[-118.74999999999996,33.999999999999986],[-118.74999999999996,33.97499999999999]]]}},{"type":"Feature","properties":{"nearestScore":98,"avg5Score":94.0,"nearestDist":5.225,"reachMin":62.7,"walkMin":62.7,"bikeMin":20.9,"driveMin":7.8},"geometry":{"type":"Polygon","coordinates":[[[-118.72499999999995,33.97499999999999],[-118.69999999999995,33.97499999999999],[-118.69999999999995,33.999999999999986],[-118.72499999999995,33.999999999999986],[-118.72499999999995,33.97499999999999]]]}},{"type":"Feature","properties":{"nearestScore":97,"avg5Score":94.4,"nearestDist":5.156,"reachMin":61.9,"walkMin":61.9,"bikeMin":20.6,"driveMin":7.7},"geometry":{"type":"Polygon","coordinates":[[[-118.69999999999995,33.97499999999999],[-118.67499999999994,33.97499999999999],[-118.67499999999994,33.999999999999986],[-118.69999999999995,33.999999999999986],[-118.69999999999995,33.97499999999999]]]}},{"type":"Feature","properties":{"nearestScore":95,"avg5Score":93.6,"nearestDist":5.599,"reachMin":67.2,"walkMin":67.2,"bikeMin":22.4,"driveMin":8.4},"geometry":{"type":"Polygon","coordinates":[[[-118.67499999999994,33.97499999999999],[-118.64999999999993,33.97499999999999],[-118.64999999999993,33.999999999999986],[-118.67499999999994,33.999999999999986],[-118.67499999999994,33.97499999999999]]]}},{"type":"Feature","properties":{"nearestScore":98,"avg5Score":96.8,"nearestDist":5.491,"reachMin":65.9,"walkMin":65.9,"bikeMin":22.0,"driveMin":8.2},"geometry":{"type":"Polygon","coordinates":[[[-118.64999999999993,33.97499999999999],[-118.62499999999993,33.97499999999999],[-118.62499999999993,33.999999999999986],[-118.64999999999993,33.999999999999986],[-118.64999999999993,33.97499999999999]]]}},{"type":"Feature","properties":{"nearestScore":98,"avg5Score":97.0,"nearestDist":5.924,"reachMin":71.1,"walkMin":71.1,"bikeMin":23.7,"driveMin":8.9},"geometry":{"type":"Polygon","coordinates":[[[-118.62499999999993,33.97499999999999],[-118.59999999999992,33.97499999999999],[-118.59999999999992,33.999999999999986],[-118.62499999999993,33.999999999999986],[-118.62499999999993,33.97499999999999]]]}},{"type":"Feature","properties":{"nearestScore":97,"avg5Score":96.2,"nearestDist":5.943,"reachMin":71.3,"walkMin":71.3,"bikeMin":23.8,"driveMin":8.9},"geometry":{"type":"Polygon","coordinates":[[[-118.59999999999992,33.97499999999999],[-118.57499999999992,33.97499999999999],[-118.57499999999992,33.999999999999986],[-118.59999999999992,33.999999999999986],[-118.59999999999992,33.97499999999999]]]}},{"type":"Feature","properties":{"nearestScore":97,"avg5Score":95.4,"nearestDist":5.702,"reachMin":68.4,"walkMin":68.4,"bikeMin":22.8,"driveMin":8.6},"geometry":{"type":"Polygon","coordinates":[[[-118.57499999999992,33.97499999999999],[-118.54999999999991,33.97499999999999],[-118.54999999999991,33.999999999999986],[-118.57499999999992,33.999999999999986],[-118.57499999999992,33.97499999999999]]]}},{"type":"Feature","properties":{"nearestScore":96,"avg5Score":94.8,"nearestDist":4.59,"reachMin":55.1,"walkMin":55.1,"bikeMin":18.4,"driveMin":6.9},"geometry":{"type":"Polygon","coordinates":[[[-118.54999999999991,33.97499999999999],[-118.5249999999999,33.97499999999999],[-118.5249999999999,33.999999999999986],[-118.54999999999991,33.999999999999986],[-118.54999999999991,33.97499999999999]]]}},{"type":"Feature","properties":{"nearestScore":95,"avg5Score":94.6,"nearestDist":2.892,"reachMin":34.7,"walkMin":34.7,"bikeMin":11.6,"driveMin":4.3},"geometry":{"type":"Polygon","coordinates":[[[-118.5249999999999,33.97499999999999],[-118.4999999999999,33.97499999999999],[-118.4999999999999,33.999999999999986],[-118.5249999999999,33.999999999999986],[-118.5249999999999,33.97499999999999]]]}},{"type":"Feature","properties":{"nearestScore":91,"avg5Score":91.8,"nearestDist":0.998,"reachMin":12.0,"walkMin":12.0,"bikeMin":4.0,"driveMin":1.5},"geometry":{"type":"Polygon","coordinates":[[[-118.4999999999999,33.97499999999999],[-118.4749999999999,33.97499999999999],[-118.4749999999999,33.999999999999986],[-118.4999999999999,33.999999999999986],[-118.4999999999999,33.97499999999999]]]}},{"type":"Feature","properties":{"nearestScore":97,"avg5Score":96.6,"nearestDist":0.147,"reachMin":1.8,"walkMin":1.8,"bikeMin":0.6,"driveMin":0.2},"geometry":{"type":"Polygon","coordinates":[[[-118.4749999999999,33.97499999999999],[-118.44999999999989,33.97499999999999],[-118.44999999999989,33.999999999999986],[-118.4749999999999,33.999999999999986],[-118.4749999999999,33.97499999999999]]]}},{"type":"Feature","properties":{"nearestScore":97,"avg5Score":96.2,"nearestDist":0.22,"reachMin":2.6,"walkMin":2.6,"bikeMin":0.9,"driveMin":0.3},"geometry":{"type":"Polygon","coordinates":[[[-118.44999999999989,33.97499999999999],[-118.42499999999988,33.97499999999999],[-118.42499999999988,33.999999999999986],[-118.44999999999989,33.999999999999986],[-118.44999999999989,33.97499999999999]]]}},{"type":"Feature","properties":{"nearestScore":95,"avg5Score":95.8,"nearestDist":0.506,"reachMin":6.1,"walkMin":6.1,"bikeMin":2.0,"driveMin":0.8},"geometry":{"type":"Polygon","coordinates":[[[-118.42499999999988,33.97499999999999],[-118.39999999999988,33.97499999999999],[-118.39999999999988,33.999999999999986],[-118.42499999999988,33.999999999999986],[-118.42499999999988,33.97499999999999]]]}},{"type":"Feature","properties":{"nearestScore":90,"avg5Score":94.8,"nearestDist":0.069,"reachMin":0.8,"walkMin":0.8,"bikeMin":0.3,"driveMin":0.1},"geometry":{"type":"Polygon","coordinates":[[[-118.39999999999988,33.97499999999999],[-118.37499999999987,33.97499999999999],[-118.37499999999987,33.999999999999986],[-118.39999999999988,33.999999999999986],[-118.39999999999988,33.97499999999999]]]}},{"type":"Feature","properties":{"nearestScore":98,"avg5Score":93.4,"nearestDist":0.069,"reachMin":0.8,"walkMin":0.8,"bikeMin":0.3,"driveMin":0.1},"geometry":{"type":"Polygon","coordinates":[[[-118.37499999999987,33.97499999999999],[-118.34999999999987,33.97499999999999],[-118.34999999999987,33.999999999999986],[-118.37499999999987,33.999999999999986],[-118.37499999999987,33.97499999999999]]]}},{"type":"Feature","properties":{"nearestScore":80,"avg5Score":90.2,"nearestDist":0.225,"reachMin":2.7,"walkMin":2.7,"bikeMin":0.9,"driveMin":0.3},"geometry":{"type":"Polygon","coordinates":[[[-118.34999999999987,33.97499999999999],[-118.32499999999986,33.97499999999999],[-118.32499999999986,33.999999999999986],[-118.34999999999987,33.999999999999986],[-118.34999999999987,33.97499999999999]]]}},{"type":"Feature","properties":{"nearestScore":96,"avg5Score":95.4,"nearestDist":0.176,"reachMin":2.1,"walkMin":2.1,"bikeMin":0.7,"driveMin":0.3},"geometry":{"type":"Polygon","coordinates":[[[-118.32499999999986,33.97499999999999],[-118.29999999999986,33.97499999999999],[-118.29999999999986,33.999999999999986],[-118.32499999999986,33.999999999999986],[-118.32499999999986,33.97499999999999]]]}},{"type":"Feature","properties":{"nearestScore":96,"avg5Score":95.6,"nearestDist":0.361,"reachMin":4.3,"walkMin":4.3,"bikeMin":1.4,"driveMin":0.5},"geometry":{"type":"Polygon","coordinates":[[[-118.29999999999986,33.97499999999999],[-118.27499999999985,33.97499999999999],[-118.27499999999985,33.999999999999986],[-118.29999999999986,33.999999999999986],[-118.29999999999986,33.97499999999999]]]}},{"type":"Feature","properties":{"nearestScore":90,"avg5Score":94.6,"nearestDist":0.233,"reachMin":2.8,"walkMin":2.8,"bikeMin":0.9,"driveMin":0.3},"geometry":{"type":"Polygon","coordinates":[[[-118.27499999999985,33.97499999999999],[-118.24999999999984,33.97499999999999],[-118.24999999999984,33.999999999999986],[-118.27499999999985,33.999999999999986],[-118.27499999999985,33.97499999999999]]]}},{"type":"Feature","properties":{"nearestScore":90,"avg5Score":91.6,"nearestDist":0.378,"reachMin":4.5,"walkMin":4.5,"bikeMin":1.5,"driveMin":0.6},"geometry":{"type":"Polygon","coordinates":[[[-118.24999999999984,33.97499999999999],[-118.22499999999984,33.97499999999999],[-118.22499999999984,33.999999999999986],[-118.24999999999984,33.999999999999986],[-118.24999999999984,33.97499999999999]]]}},{"type":"Feature","properties":{"nearestScore":86,"avg5Score":91.2,"nearestDist":0.105,"reachMin":1.3,"walkMin":1.3,"bikeMin":0.4,"driveMin":0.2},"geometry":{"type":"Polygon","coordinates":[[[-118.22499999999984,33.97499999999999],[-118.19999999999983,33.97499999999999],[-118.19999999999983,33.999999999999986],[-118.22499999999984,33.999999999999986],[-118.22499999999984,33.97499999999999]]]}},{"type":"Feature","properties":{"nearestScore":95,"avg5Score":86.6,"nearestDist":0.012,"reachMin":0.1,"walkMin":0.1,"bikeMin":0.0,"driveMin":0.0},"geometry":{"type":"Polygon","coordinates":[[[-118.19999999999983,33.97499999999999],[-118.17499999999983,33.97499999999999],[-118.17499999999983,33.999999999999986],[-118.19999999999983,33.999999999999986],[-118.19999999999983,33.97499999999999]]]}},{"type":"Feature","properties":{"nearestScore":93,"avg5Score":93.8,"nearestDist":0.128,"reachMin":1.5,"walkMin":1.5,"bikeMin":0.5,"driveMin":0.2},"geometry":{"type":"Polygon","coordinates":[[[-118.17499999999983,33.97499999999999],[-118.14999999999982,33.97499999999999],[-118.14999999999982,33.999999999999986],[-118.17499999999983,33.999999999999986],[-118.17499999999983,33.97499999999999]]]}},{"type":"Feature","properties":{"nearestScore":72,"avg5Score":86.6,"nearestDist":0.886,"reachMin":10.6,"walkMin":10.6,"bikeMin":3.5,"driveMin":1.3},"geometry":{"type":"Polygon","coordinates":[[[-118.14999999999982,33.97499999999999],[-118.12499999999982,33.97499999999999],[-118.12499999999982,33.999999999999986],[-118.14999999999982,33.999999999999986],[-118.14999999999982,33.97499999999999]]]}},{"type":"Feature","properties":{"nearestScore":80,"avg5Score":91.2,"nearestDist":0.535,"reachMin":6.4,"walkMin":6.4,"bikeMin":2.1,"driveMin":0.8},"geometry":{"type":"Polygon","coordinates":[[[-118.12499999999982,33.97499999999999],[-118.09999999999981,33.97499999999999],[-118.09999999999981,33.999999999999986],[-118.12499999999982,33.999999999999986],[-118.12499999999982,33.97499999999999]]]}},{"type":"Feature","properties":{"nearestScore":96,"avg5Score":93.8,"nearestDist":0.304,"reachMin":3.6,"walkMin":3.6,"bikeMin":1.2,"driveMin":0.5},"geometry":{"type":"Polygon","coordinates":[[[-118.09999999999981,33.97499999999999],[-118.0749999999998,33.97499999999999],[-118.0749999999998,33.999999999999986],[-118.09999999999981,33.999999999999986],[-118.09999999999981,33.97499999999999]]]}},{"type":"Feature","properties":{"nearestScore":93,"avg5Score":93.6,"nearestDist":0.208,"reachMin":2.5,"walkMin":2.5,"bikeMin":0.8,"driveMin":0.3},"geometry":{"type":"Polygon","coordinates":[[[-118.0749999999998,33.97499999999999],[-118.0499999999998,33.97499999999999],[-118.0499999999998,33.999999999999986],[-118.0749999999998,33.999999999999986],[-118.0749999999998,33.97499999999999]]]}},{"type":"Feature","properties":{"nearestScore":90,"avg5Score":89.0,"nearestDist":0.539,"reachMin":6.5,"walkMin":6.5,"bikeMin":2.2,"driveMin":0.8},"geometry":{"type":"Polygon","coordinates":[[[-118.0499999999998,33.97499999999999],[-118.02499999999979,33.97499999999999],[-118.02499999999979,33.999999999999986],[-118.0499999999998,33.999999999999986],[-118.0499999999998,33.97499999999999]]]}},{"type":"Feature","properties":{"nearestScore":95,"avg5Score":92.4,"nearestDist":2.039,"reachMin":24.5,"walkMin":24.5,"bikeMin":8.2,"driveMin":3.1},"geometry":{"type":"Polygon","coordinates":[[[-118.02499999999979,33.97499999999999],[-117.99999999999979,33.97499999999999],[-117.99999999999979,33.999999999999986],[-118.02499999999979,33.999999999999986],[-118.02499999999979,33.97499999999999]]]}},{"type":"Feature","properties":{"nearestScore":97,"avg5Score":96.6,"nearestDist":1.23,"reachMin":14.8,"walkMin":14.8,"bikeMin":4.9,"driveMin":1.8},"geometry":{"type":"Polygon","coordinates":[[[-117.99999999999979,33.97499999999999],[-117.97499999999978,33.97499999999999],[-117.97499999999978,33.999999999999986],[-117.99999999999979,33.999999999999986],[-117.99999999999979,33.97499999999999]]]}},{"type":"Feature","properties":{"nearestScore":93,"avg5Score":93.0,"nearestDist":0.75,"reachMin":9.0,"walkMin":9.0,"bikeMin":3.0,"driveMin":1.1},"geometry":{"type":"Polygon","coordinates":[[[-117.97499999999978,33.97499999999999],[-117.94999999999978,33.97499999999999],[-117.94999999999978,33.999999999999986],[-117.97499999999978,33.999999999999986],[-117.97499999999978,33.97499999999999]]]}},{"type":"Feature","properties":{"nearestScore":100,"avg5Score":92.0,"nearestDist":0.33,"reachMin":4.0,"walkMin":4.0,"bikeMin":1.3,"driveMin":0.5},"geometry":{"type":"Polygon","coordinates":[[[-117.94999999999978,33.97499999999999],[-117.92499999999977,33.97499999999999],[-117.92499999999977,33.999999999999986],[-117.94999999999978,33.999999999999986],[-117.94999999999978,33.97499999999999]]]}},{"type":"Feature","properties":{"nearestScore":86,"avg5Score":87.0,"nearestDist":0.326,"reachMin":3.9,"walkMin":3.9,"bikeMin":1.3,"driveMin":0.5},"geometry":{"type":"Polygon","coordinates":[[[-117.92499999999977,33.97499999999999],[-117.89999999999976,33.97499999999999],[-117.89999999999976,33.999999999999986],[-117.92499999999977,33.999999999999986],[-117.92499999999977,33.97499999999999]]]}},{"type":"Feature","properties":{"nearestScore":90,"avg5Score":93.6,"nearestDist":0.022,"reachMin":0.3,"walkMin":0.3,"bikeMin":0.1,"driveMin":0.0},"geometry":{"type":"Polygon","coordinates":[[[-117.89999999999976,33.97499999999999],[-117.87499999999976,33.97499999999999],[-117.87499999999976,33.999999999999986],[-117.89999999999976,33.999999999999986],[-117.89999999999976,33.97499999999999]]]}},{"type":"Feature","properties":{"nearestScore":96,"avg5Score":94.8,"nearestDist":0.316,"reachMin":3.8,"walkMin":3.8,"bikeMin":1.3,"driveMin":0.5},"geometry":{"type":"Polygon","coordinates":[[[-117.87499999999976,33.97499999999999],[-117.84999999999975,33.97499999999999],[-117.84999999999975,33.999999999999986],[-117.87499999999976,33.999999999999986],[-117.87499999999976,33.97499999999999]]]}},{"type":"Feature","properties":{"nearestScore":95,"avg5Score":94.6,"nearestDist":0.675,"reachMin":8.1,"walkMin":8.1,"bikeMin":2.7,"driveMin":1.0},"geometry":{"type":"Polygon","coordinates":[[[-117.84999999999975,33.97499999999999],[-117.82499999999975,33.97499999999999],[-117.82499999999975,33.999999999999986],[-117.84999999999975,33.999999999999986],[-117.84999999999975,33.97499999999999]]]}},{"type":"Feature","properties":{"nearestScore":93,"avg5Score":92.6,"nearestDist":1.054,"reachMin":12.6,"walkMin":12.6,"bikeMin":4.2,"driveMin":1.6},"geometry":{"type":"Polygon","coordinates":[[[-117.82499999999975,33.97499999999999],[-117.79999999999974,33.97499999999999],[-117.79999999999974,33.999999999999986],[-117.82499999999975,33.999999999999986],[-117.82499999999975,33.97499999999999]]]}},{"type":"Feature","properties":{"nearestScore":93,"avg5Score":94.8,"nearestDist":2.541,"reachMin":30.5,"walkMin":30.5,"bikeMin":10.2,"driveMin":3.8},"geometry":{"type":"Polygon","coordinates":[[[-117.79999999999974,33.97499999999999],[-117.77499999999974,33.97499999999999],[-117.77499999999974,33.999999999999986],[-117.79999999999974,33.999999999999986],[-117.79999999999974,33.97499999999999]]]}},{"type":"Feature","properties":{"nearestScore":98,"avg5Score":93.2,"nearestDist":4.452,"reachMin":53.4,"walkMin":53.4,"bikeMin":17.8,"driveMin":6.7},"geometry":{"type":"Polygon","coordinates":[[[-117.77499999999974,33.97499999999999],[-117.74999999999973,33.97499999999999],[-117.74999999999973,33.999999999999986],[-117.77499999999974,33.999999999999986],[-117.77499999999974,33.97499999999999]]]}},{"type":"Feature","properties":{"nearestScore":98,"avg5Score":96.0,"nearestDist":4.062,"reachMin":48.7,"walkMin":48.7,"bikeMin":16.2,"driveMin":6.1},"geometry":{"type":"Polygon","coordinates":[[[-117.74999999999973,33.97499999999999],[-117.72499999999972,33.97499999999999],[-117.72499999999972,33.999999999999986],[-117.74999999999973,33.999999999999986],[-117.74999999999973,33.97499999999999]]]}},{"type":"Feature","properties":{"nearestScore":98,"avg5Score":97.0,"nearestDist":4.389,"reachMin":52.7,"walkMin":52.7,"bikeMin":17.6,"driveMin":6.6},"geometry":{"type":"Polygon","coordinates":[[[-117.72499999999972,33.97499999999999],[-117.69999999999972,33.97499999999999],[-117.69999999999972,33.999999999999986],[-117.72499999999972,33.999999999999986],[-117.72499999999972,33.97499999999999]]]}},{"type":"Feature","properties":{"nearestScore":98,"avg5Score":96.8,"nearestDist":5.713,"reachMin":68.6,"walkMin":68.6,"bikeMin":22.9,"driveMin":8.6},"geometry":{"type":"Polygon","coordinates":[[[-117.69999999999972,33.97499999999999],[-117.67499999999971,33.97499999999999],[-117.67499999999971,33.999999999999986],[-117.69999999999972,33.999999999999986],[-117.69999999999972,33.97499999999999]]]}},{"type":"Feature","properties":{"nearestScore":98,"avg5Score":96.8,"nearestDist":7.526,"reachMin":90.3,"walkMin":90.3,"bikeMin":30.1,"driveMin":11.3},"geometry":{"type":"Polygon","coordinates":[[[-117.67499999999971,33.97499999999999],[-117.64999999999971,33.97499999999999],[-117.64999999999971,33.999999999999986],[-117.67499999999971,33.999999999999986],[-117.67499999999971,33.97499999999999]]]}},{"type":"Feature","properties":{"nearestScore":98,"avg5Score":92.4,"nearestDist":4.242,"reachMin":50.9,"walkMin":50.9,"bikeMin":17.0,"driveMin":6.4},"geometry":{"type":"Polygon","coordinates":[[[-118.95,33.999999999999986],[-118.925,33.999999999999986],[-118.925,34.024999999999984],[-118.95,34.024999999999984],[-118.95,33.999999999999986]]]}},{"type":"Feature","properties":{"nearestScore":98,"avg5Score":92.4,"nearestDist":3.485,"reachMin":41.8,"walkMin":41.8,"bikeMin":13.9,"driveMin":5.2},"geometry":{"type":"Polygon","coordinates":[[[-118.925,33.999999999999986],[-118.89999999999999,33.999999999999986],[-118.89999999999999,34.024999999999984],[-118.925,34.024999999999984],[-118.925,33.999999999999986]]]}},{"type":"Feature","properties":{"nearestScore":98,"avg5Score":92.4,"nearestDist":4.113,"reachMin":49.4,"walkMin":49.4,"bikeMin":16.5,"driveMin":6.2},"geometry":{"type":"Polygon","coordinates":[[[-118.89999999999999,33.999999999999986],[-118.87499999999999,33.999999999999986],[-118.87499999999999,34.024999999999984],[-118.89999999999999,34.024999999999984],[-118.89999999999999,33.999999999999986]]]}},{"type":"Feature","properties":{"nearestScore":94,"avg5Score":91.8,"nearestDist":2.718,"reachMin":32.6,"walkMin":32.6,"bikeMin":10.9,"driveMin":4.1},"geometry":{"type":"Polygon","coordinates":[[[-118.87499999999999,33.999999999999986],[-118.84999999999998,33.999999999999986],[-118.84999999999998,34.024999999999984],[-118.87499999999999,34.024999999999984],[-118.87499999999999,33.999999999999986]]]}},{"type":"Feature","properties":{"nearestScore":95,"avg5Score":92.0,"nearestDist":1.814,"reachMin":21.8,"walkMin":21.8,"bikeMin":7.3,"driveMin":2.7},"geometry":{"type":"Polygon","coordinates":[[[-118.84999999999998,33.999999999999986],[-118.82499999999997,33.999999999999986],[-118.82499999999997,34.024999999999984],[-118.84999999999998,34.024999999999984],[-118.84999999999998,33.999999999999986]]]}},{"type":"Feature","properties":{"nearestScore":95,"avg5Score":95.2,"nearestDist":0.493,"reachMin":5.9,"walkMin":5.9,"bikeMin":2.0,"driveMin":0.7},"geometry":{"type":"Polygon","coordinates":[[[-118.82499999999997,33.999999999999986],[-118.79999999999997,33.999999999999986],[-118.79999999999997,34.024999999999984],[-118.82499999999997,34.024999999999984],[-118.82499999999997,33.999999999999986]]]}},{"type":"Feature","properties":{"nearestScore":97,"avg5Score":92.4,"nearestDist":1.613,"reachMin":19.4,"walkMin":19.4,"bikeMin":6.5,"driveMin":2.4},"geometry":{"type":"Polygon","coordinates":[[[-118.79999999999997,33.999999999999986],[-118.77499999999996,33.999999999999986],[-118.77499999999996,34.024999999999984],[-118.79999999999997,34.024999999999984],[-118.79999999999997,33.999999999999986]]]}},{"type":"Feature","properties":{"nearestScore":91,"avg5Score":91.8,"nearestDist":3.079,"reachMin":36.9,"walkMin":36.9,"bikeMin":12.3,"driveMin":4.6},"geometry":{"type":"Polygon","coordinates":[[[-118.77499999999996,33.999999999999986],[-118.74999999999996,33.999999999999986],[-118.74999999999996,34.024999999999984],[-118.77499999999996,34.024999999999984],[-118.77499999999996,33.999999999999986]]]}},{"type":"Feature","properties":{"nearestScore":91,"avg5Score":93.0,"nearestDist":2.342,"reachMin":28.1,"walkMin":28.1,"bikeMin":9.4,"driveMin":3.5},"geometry":{"type":"Polygon","coordinates":[[[-118.74999999999996,33.999999999999986],[-118.72499999999995,33.999999999999986],[-118.72499999999995,34.024999999999984],[-118.74999999999996,34.024999999999984],[-118.74999999999996,33.999999999999986]]]}},{"type":"Feature","properties":{"nearestScore":98,"avg5Score":94.0,"nearestDist":2.456,"reachMin":29.5,"walkMin":29.5,"bikeMin":9.8,"driveMin":3.7},"geometry":{"type":"Polygon","coordinates":[[[-118.72499999999995,33.999999999999986],[-118.69999999999995,33.999999999999986],[-118.69999999999995,34.024999999999984],[-118.72499999999995,34.024999999999984],[-118.72499999999995,33.999999999999986]]]}},{"type":"Feature","properties":{"nearestScore":99,"avg5Score":98.2,"nearestDist":2.401,"reachMin":28.8,"walkMin":28.8,"bikeMin":9.6,"driveMin":3.6},"geometry":{"type":"Polygon","coordinates":[[[-118.69999999999995,33.999999999999986],[-118.67499999999994,33.999999999999986],[-118.67499999999994,34.024999999999984],[-118.69999999999995,34.024999999999984],[-118.69999999999995,33.999999999999986]]]}},{"type":"Feature","properties":{"nearestScore":91,"avg5Score":94.2,"nearestDist":3.063,"reachMin":36.8,"walkMin":36.8,"bikeMin":12.3,"driveMin":4.6},"geometry":{"type":"Polygon","coordinates":[[[-118.67499999999994,33.999999999999986],[-118.64999999999993,33.999999999999986],[-118.64999999999993,34.024999999999984],[-118.67499999999994,34.024999999999984],[-118.67499999999994,33.999999999999986]]]}},{"type":"Feature","properties":{"nearestScore":98,"avg5Score":96.8,"nearestDist":2.712,"reachMin":32.5,"walkMin":32.5,"bikeMin":10.8,"driveMin":4.1},"geometry":{"type":"Polygon","coordinates":[[[-118.64999999999993,33.999999999999986],[-118.62499999999993,33.999999999999986],[-118.62499999999993,34.024999999999984],[-118.64999999999993,34.024999999999984],[-118.64999999999993,33.999999999999986]]]}},{"type":"Feature","properties":{"nearestScore":98,"avg5Score":97.0,"nearestDist":3.506,"reachMin":42.1,"walkMin":42.1,"bikeMin":14.0,"driveMin":5.3},"geometry":{"type":"Polygon","coordinates":[[[-118.62499999999993,33.999999999999986],[-118.59999999999992,33.999999999999986],[-118.59999999999992,34.024999999999984],[-118.62499999999993,34.024999999999984],[-118.62499999999993,33.999999999999986]]]}},{"type":"Feature","properties":{"nearestScore":97,"avg5Score":96.2,"nearestDist":3.251,"reachMin":39.0,"walkMin":39.0,"bikeMin":13.0,"driveMin":4.9},"geometry":{"type":"Polygon","coordinates":[[[-118.59999999999992,33.999999999999986],[-118.57499999999992,33.999999999999986],[-118.57499999999992,34.024999999999984],[-118.59999999999992,34.024999999999984],[-118.59999999999992,33.999999999999986]]]}},{"type":"Feature","properties":{"nearestScore":97,"avg5Score":96.2,"nearestDist":2.955,"reachMin":35.5,"walkMin":35.5,"bikeMin":11.8,"driveMin":4.4},"geometry":{"type":"Polygon","coordinates":[[[-118.57499999999992,33.999999999999986],[-118.54999999999991,33.999999999999986],[-118.54999999999991,34.024999999999984],[-118.57499999999992,34.024999999999984],[-118.57499999999992,33.999999999999986]]]}},{"type":"Feature","properties":{"nearestScore":96,"avg5Score":93.8,"nearestDist":2.438,"reachMin":29.3,"walkMin":29.3,"bikeMin":9.8,"driveMin":3.7},"geometry":{"type":"Polygon","coordinates":[[[-118.54999999999991,33.999999999999986],[-118.5249999999999,33.999999999999986],[-118.5249999999999,34.024999999999984],[-118.54999999999991,34.024999999999984],[-118.54999999999991,33.999999999999986]]]}},{"type":"Feature","properties":{"nearestScore":94,"avg5Score":95.4,"nearestDist":0.993,"reachMin":11.9,"walkMin":11.9,"bikeMin":4.0,"driveMin":1.5},"geometry":{"type":"Polygon","coordinates":[[[-118.5249999999999,33.999999999999986],[-118.4999999999999,33.999999999999986],[-118.4999999999999,34.024999999999984],[-118.5249999999999,34.024999999999984],[-118.5249999999999,33.999999999999986]]]}},{"type":"Feature","properties":{"nearestScore":98,"avg5Score":96.4,"nearestDist":0.222,"reachMin":2.7,"walkMin":2.7,"bikeMin":0.9,"driveMin":0.3},"geometry":{"type":"Polygon","coordinates":[[[-118.4999999999999,33.999999999999986],[-118.4749999999999,33.999999999999986],[-118.4749999999999,34.024999999999984],[-118.4999999999999,34.024999999999984],[-118.4999999999999,33.999999999999986]]]}},{"type":"Feature","properties":{"nearestScore":93,"avg5Score":91.6,"nearestDist":0.313,"reachMin":3.8,"walkMin":3.8,"bikeMin":1.3,"driveMin":0.5},"geometry":{"type":"Polygon","coordinates":[[[-118.4749999999999,33.999999999999986],[-118.44999999999989,33.999999999999986],[-118.44999999999989,34.024999999999984],[-118.4749999999999,34.024999999999984],[-118.4749999999999,33.999999999999986]]]}},{"type":"Feature","properties":{"nearestScore":96,"avg5Score":92.0,"nearestDist":0.152,"reachMin":1.8,"walkMin":1.8,"bikeMin":0.6,"driveMin":0.2},"geometry":{"type":"Polygon","coordinates":[[[-118.44999999999989,33.999999999999986],[-118.42499999999988,33.999999999999986],[-118.42499999999988,34.024999999999984],[-118.44999999999989,34.024999999999984],[-118.44999999999989,33.999999999999986]]]}},{"type":"Feature","properties":{"nearestScore":95,"avg5Score":90.6,"nearestDist":0.255,"reachMin":3.1,"walkMin":3.1,"bikeMin":1.0,"driveMin":0.4},"geometry":{"type":"Polygon","coordinates":[[[-118.42499999999988,33.999999999999986],[-118.39999999999988,33.999999999999986],[-118.39999999999988,34.024999999999984],[-118.42499999999988,34.024999999999984],[-118.42499999999988,33.999999999999986]]]}},{"type":"Feature","properties":{"nearestScore":97,"avg5Score":94.0,"nearestDist":1.031,"reachMin":12.4,"walkMin":12.4,"bikeMin":4.1,"driveMin":1.5},"geometry":{"type":"Polygon","coordinates":[[[-118.39999999999988,33.999999999999986],[-118.37499999999987,33.999999999999986],[-118.37499999999987,34.024999999999984],[-118.39999999999988,34.024999999999984],[-118.39999999999988,33.999999999999986]]]}},{"type":"Feature","properties":{"nearestScore":97,"avg5Score":91.4,"nearestDist":0.702,"reachMin":8.4,"walkMin":8.4,"bikeMin":2.8,"driveMin":1.1},"geometry":{"type":"Polygon","coordinates":[[[-118.37499999999987,33.999999999999986],[-118.34999999999987,33.999999999999986],[-118.34999999999987,34.024999999999984],[-118.37499999999987,34.024999999999984],[-118.37499999999987,33.999999999999986]]]}},{"type":"Feature","properties":{"nearestScore":99,"avg5Score":92.2,"nearestDist":0.093,"reachMin":1.1,"walkMin":1.1,"bikeMin":0.4,"driveMin":0.1},"geometry":{"type":"Polygon","coordinates":[[[-118.34999999999987,33.999999999999986],[-118.32499999999986,33.999999999999986],[-118.32499999999986,34.024999999999984],[-118.34999999999987,34.024999999999984],[-118.34999999999987,33.999999999999986]]]}},{"type":"Feature","properties":{"nearestScore":97,"avg5Score":94.6,"nearestDist":0.325,"reachMin":3.9,"walkMin":3.9,"bikeMin":1.3,"driveMin":0.5},"geometry":{"type":"Polygon","coordinates":[[[-118.32499999999986,33.999999999999986],[-118.29999999999986,33.999999999999986],[-118.29999999999986,34.024999999999984],[-118.32499999999986,34.024999999999984],[-118.32499999999986,33.999999999999986]]]}},{"type":"Feature","properties":{"nearestScore":97,"avg5Score":95.4,"nearestDist":0.412,"reachMin":4.9,"walkMin":4.9,"bikeMin":1.6,"driveMin":0.6},"geometry":{"type":"Polygon","coordinates":[[[-118.29999999999986,33.999999999999986],[-118.27499999999985,33.999999999999986],[-118.27499999999985,34.024999999999984],[-118.29999999999986,34.024999999999984],[-118.29999999999986,33.999999999999986]]]}},{"type":"Feature","properties":{"nearestScore":90,"avg5Score":92.6,"nearestDist":0.384,"reachMin":4.6,"walkMin":4.6,"bikeMin":1.5,"driveMin":0.6},"geometry":{"type":"Polygon","coordinates":[[[-118.27499999999985,33.999999999999986],[-118.24999999999984,33.999999999999986],[-118.24999999999984,34.024999999999984],[-118.27499999999985,34.024999999999984],[-118.27499999999985,33.999999999999986]]]}},{"type":"Feature","properties":{"nearestScore":93,"avg5Score":92.6,"nearestDist":0.759,"reachMin":9.1,"walkMin":9.1,"bikeMin":3.0,"driveMin":1.1},"geometry":{"type":"Polygon","coordinates":[[[-118.24999999999984,33.999999999999986],[-118.22499999999984,33.999999999999986],[-118.22499999999984,34.024999999999984],[-118.24999999999984,34.024999999999984],[-118.24999999999984,33.999999999999986]]]}},{"type":"Feature","properties":{"nearestScore":84,"avg5Score":89.0,"nearestDist":0.594,"reachMin":7.1,"walkMin":7.1,"bikeMin":2.4,"driveMin":0.9},"geometry":{"type":"Polygon","coordinates":[[[-118.22499999999984,33.999999999999986],[-118.19999999999983,33.999999999999986],[-118.19999999999983,34.024999999999984],[-118.22499999999984,34.024999999999984],[-118.22499999999984,33.999999999999986]]]}},{"type":"Feature","properties":{"nearestScore":96,"avg5Score":90.8,"nearestDist":0.706,"reachMin":8.5,"walkMin":8.5,"bikeMin":2.8,"driveMin":1.1},"geometry":{"type":"Polygon","coordinates":[[[-118.19999999999983,33.999999999999986],[-118.17499999999983,33.999999999999986],[-118.17499999999983,34.024999999999984],[-118.19999999999983,34.024999999999984],[-118.19999999999983,33.999999999999986]]]}},{"type":"Feature","properties":{"nearestScore":90,"avg5Score":93.8,"nearestDist":0.177,"reachMin":2.1,"walkMin":2.1,"bikeMin":0.7,"driveMin":0.3},"geometry":{"type":"Polygon","coordinates":[[[-118.17499999999983,33.999999999999986],[-118.14999999999982,33.999999999999986],[-118.14999999999982,34.024999999999984],[-118.17499999999983,34.024999999999984],[-118.17499999999983,33.999999999999986]]]}},{"type":"Feature","properties":{"nearestScore":96,"avg5Score":94.4,"nearestDist":0.415,"reachMin":5.0,"walkMin":5.0,"bikeMin":1.7,"driveMin":0.6},"geometry":{"type":"Polygon","coordinates":[[[-118.14999999999982,33.999999999999986],[-118.12499999999982,33.999999999999986],[-118.12499999999982,34.024999999999984],[-118.14999999999982,34.024999999999984],[-118.14999999999982,33.999999999999986]]]}},{"type":"Feature","properties":{"nearestScore":90,"avg5Score":91.6,"nearestDist":0.176,"reachMin":2.1,"walkMin":2.1,"bikeMin":0.7,"driveMin":0.3},"geometry":{"type":"Polygon","coordinates":[[[-118.12499999999982,33.999999999999986],[-118.09999999999981,33.999999999999986],[-118.09999999999981,34.024999999999984],[-118.12499999999982,34.024999999999984],[-118.12499999999982,33.999999999999986]]]}},{"type":"Feature","properties":{"nearestScore":93,"avg5Score":89.6,"nearestDist":0.05,"reachMin":0.6,"walkMin":0.6,"bikeMin":0.2,"driveMin":0.1},"geometry":{"type":"Polygon","coordinates":[[[-118.09999999999981,33.999999999999986],[-118.0749999999998,33.999999999999986],[-118.0749999999998,34.024999999999984],[-118.09999999999981,34.024999999999984],[-118.09999999999981,33.999999999999986]]]}},{"type":"Feature","properties":{"nearestScore":95,"avg5Score":93.6,"nearestDist":0.25,"reachMin":3.0,"walkMin":3.0,"bikeMin":1.0,"driveMin":0.4},"geometry":{"type":"Polygon","coordinates":[[[-118.0749999999998,33.999999999999986],[-118.0499999999998,33.999999999999986],[-118.0499999999998,34.024999999999984],[-118.0749999999998,34.024999999999984],[-118.0749999999998,33.999999999999986]]]}},{"type":"Feature","properties":{"nearestScore":90,"avg5Score":95.8,"nearestDist":1.518,"reachMin":18.2,"walkMin":18.2,"bikeMin":6.1,"driveMin":2.3},"geometry":{"type":"Polygon","coordinates":[[[-118.0499999999998,33.999999999999986],[-118.02499999999979,33.999999999999986],[-118.02499999999979,34.024999999999984],[-118.0499999999998,34.024999999999984],[-118.0499999999998,33.999999999999986]]]}},{"type":"Feature","properties":{"nearestScore":94,"avg5Score":95.0,"nearestDist":1.917,"reachMin":23.0,"walkMin":23.0,"bikeMin":7.7,"driveMin":2.9},"geometry":{"type":"Polygon","coordinates":[[[-118.02499999999979,33.999999999999986],[-117.99999999999979,33.999999999999986],[-117.99999999999979,34.024999999999984],[-118.02499999999979,34.024999999999984],[-118.02499999999979,33.999999999999986]]]}},{"type":"Feature","properties":{"nearestScore":95,"avg5Score":93.6,"nearestDist":0.653,"reachMin":7.8,"walkMin":7.8,"bikeMin":2.6,"driveMin":1.0},"geometry":{"type":"Polygon","coordinates":[[[-117.99999999999979,33.999999999999986],[-117.97499999999978,33.999999999999986],[-117.97499999999978,34.024999999999984],[-117.99999999999979,34.024999999999984],[-117.99999999999979,33.999999999999986]]]}},{"type":"Feature","properties":{"nearestScore":97,"avg5Score":92.8,"nearestDist":0.07,"reachMin":0.8,"walkMin":0.8,"bikeMin":0.3,"driveMin":0.1},"geometry":{"type":"Polygon","coordinates":[[[-117.97499999999978,33.999999999999986],[-117.94999999999978,33.999999999999986],[-117.94999999999978,34.024999999999984],[-117.97499999999978,34.024999999999984],[-117.97499999999978,33.999999999999986]]]}},{"type":"Feature","properties":{"nearestScore":90,"avg5Score":91.4,"nearestDist":0.83,"reachMin":10.0,"walkMin":10.0,"bikeMin":3.3,"driveMin":1.2},"geometry":{"type":"Polygon","coordinates":[[[-117.94999999999978,33.999999999999986],[-117.92499999999977,33.999999999999986],[-117.92499999999977,34.024999999999984],[-117.94999999999978,34.024999999999984],[-117.94999999999978,33.999999999999986]]]}},{"type":"Feature","properties":{"nearestScore":99,"avg5Score":95.6,"nearestDist":0.669,"reachMin":8.0,"walkMin":8.0,"bikeMin":2.7,"driveMin":1.0},"geometry":{"type":"Polygon","coordinates":[[[-117.92499999999977,33.999999999999986],[-117.89999999999976,33.999999999999986],[-117.89999999999976,34.024999999999984],[-117.92499999999977,34.024999999999984],[-117.92499999999977,33.999999999999986]]]}},{"type":"Feature","properties":{"nearestScore":100,"avg5Score":95.6,"nearestDist":0.104,"reachMin":1.2,"walkMin":1.2,"bikeMin":0.4,"driveMin":0.2},"geometry":{"type":"Polygon","coordinates":[[[-117.89999999999976,33.999999999999986],[-117.87499999999976,33.999999999999986],[-117.87499999999976,34.024999999999984],[-117.89999999999976,34.024999999999984],[-117.89999999999976,33.999999999999986]]]}},{"type":"Feature","properties":{"nearestScore":97,"avg5Score":95.0,"nearestDist":0.228,"reachMin":2.7,"walkMin":2.7,"bikeMin":0.9,"driveMin":0.3},"geometry":{"type":"Polygon","coordinates":[[[-117.87499999999976,33.999999999999986],[-117.84999999999975,33.999999999999986],[-117.84999999999975,34.024999999999984],[-117.87499999999976,34.024999999999984],[-117.87499999999976,33.999999999999986]]]}},{"type":"Feature","properties":{"nearestScore":97,"avg5Score":94.4,"nearestDist":1.081,"reachMin":13.0,"walkMin":13.0,"bikeMin":4.3,"driveMin":1.6},"geometry":{"type":"Polygon","coordinates":[[[-117.84999999999975,33.999999999999986],[-117.82499999999975,33.999999999999986],[-117.82499999999975,34.024999999999984],[-117.84999999999975,34.024999999999984],[-117.84999999999975,33.999999999999986]]]}},{"type":"Feature","properties":{"nearestScore":76,"avg5Score":90.0,"nearestDist":0.556,"reachMin":6.7,"walkMin":6.7,"bikeMin":2.2,"driveMin":0.8},"geometry":{"type":"Polygon","coordinates":[[[-117.82499999999975,33.999999999999986],[-117.79999999999974,33.999999999999986],[-117.79999999999974,34.024999999999984],[-117.82499999999975,34.024999999999984],[-117.82499999999975,33.999999999999986]]]}},{"type":"Feature","properties":{"nearestScore":81,"avg5Score":89.2,"nearestDist":2.161,"reachMin":25.9,"walkMin":25.9,"bikeMin":8.6,"driveMin":3.2},"geometry":{"type":"Polygon","coordinates":[[[-117.79999999999974,33.999999999999986],[-117.77499999999974,33.999999999999986],[-117.77499999999974,34.024999999999984],[-117.79999999999974,34.024999999999984],[-117.79999999999974,33.999999999999986]]]}},{"type":"Feature","properties":{"nearestScore":90,"avg5Score":93.0,"nearestDist":1.723,"reachMin":20.7,"walkMin":20.7,"bikeMin":6.9,"driveMin":2.6},"geometry":{"type":"Polygon","coordinates":[[[-117.77499999999974,33.999999999999986],[-117.74999999999973,33.999999999999986],[-117.74999999999973,34.024999999999984],[-117.77499999999974,34.024999999999984],[-117.77499999999974,33.999999999999986]]]}},{"type":"Feature","properties":{"nearestScore":98,"avg5Score":96.0,"nearestDist":1.362,"reachMin":16.3,"walkMin":16.3,"bikeMin":5.4,"driveMin":2.0},"geometry":{"type":"Polygon","coordinates":[[[-117.74999999999973,33.999999999999986],[-117.72499999999972,33.999999999999986],[-117.72499999999972,34.024999999999984],[-117.74999999999973,34.024999999999984],[-117.74999999999973,33.999999999999986]]]}},{"type":"Feature","properties":{"nearestScore":98,"avg5Score":96.8,"nearestDist":2.147,"reachMin":25.8,"walkMin":25.8,"bikeMin":8.6,"driveMin":3.2},"geometry":{"type":"Polygon","coordinates":[[[-117.72499999999972,33.999999999999986],[-117.69999999999972,33.999999999999986],[-117.69999999999972,34.024999999999984],[-117.72499999999972,34.024999999999984],[-117.72499999999972,33.999999999999986]]]}},{"type":"Feature","properties":{"nearestScore":98,"avg5Score":96.8,"nearestDist":4.241,"reachMin":50.9,"walkMin":50.9,"bikeMin":17.0,"driveMin":6.4},"geometry":{"type":"Polygon","coordinates":[[[-117.69999999999972,33.999999999999986],[-117.67499999999971,33.999999999999986],[-117.67499999999971,34.024999999999984],[-117.69999999999972,34.024999999999984],[-117.69999999999972,33.999999999999986]]]}},{"type":"Feature","properties":{"nearestScore":98,"avg5Score":95.8,"nearestDist":6.479,"reachMin":77.7,"walkMin":77.7,"bikeMin":25.9,"driveMin":9.7},"geometry":{"type":"Polygon","coordinates":[[[-117.67499999999971,33.999999999999986],[-117.64999999999971,33.999999999999986],[-117.64999999999971,34.024999999999984],[-117.67499999999971,34.024999999999984],[-117.67499999999971,33.999999999999986]]]}},{"type":"Feature","properties":{"nearestScore":98,"avg5Score":92.4,"nearestDist":2.521,"reachMin":30.3,"walkMin":30.3,"bikeMin":10.1,"driveMin":3.8},"geometry":{"type":"Polygon","coordinates":[[[-118.95,34.024999999999984],[-118.925,34.024999999999984],[-118.925,34.04999999999998],[-118.95,34.04999999999998],[-118.95,34.024999999999984]]]}},{"type":"Feature","properties":{"nearestScore":98,"avg5Score":92.4,"nearestDist":0.713,"reachMin":8.6,"walkMin":8.6,"bikeMin":2.9,"driveMin":1.1},"geometry":{"type":"Polygon","coordinates":[[[-118.925,34.024999999999984],[-118.89999999999999,34.024999999999984],[-118.89999999999999,34.04999999999998],[-118.925,34.04999999999998],[-118.925,34.024999999999984]]]}},{"type":"Feature","properties":{"nearestScore":98,"avg5Score":92.4,"nearestDist":2.297,"reachMin":27.6,"walkMin":27.6,"bikeMin":9.2,"driveMin":3.4},"geometry":{"type":"Polygon","coordinates":[[[-118.89999999999999,34.024999999999984],[-118.87499999999999,34.024999999999984],[-118.87499999999999,34.04999999999998],[-118.89999999999999,34.04999999999998],[-118.89999999999999,34.024999999999984]]]}},{"type":"Feature","properties":{"nearestScore":94,"avg5Score":92.4,"nearestDist":2.041,"reachMin":24.5,"walkMin":24.5,"bikeMin":8.2,"driveMin":3.1},"geometry":{"type":"Polygon","coordinates":[[[-118.87499999999999,34.024999999999984],[-118.84999999999998,34.024999999999984],[-118.84999999999998,34.04999999999998],[-118.87499999999999,34.04999999999998],[-118.87499999999999,34.024999999999984]]]}},{"type":"Feature","properties":{"nearestScore":94,"avg5Score":91.8,"nearestDist":0.918,"reachMin":11.0,"walkMin":11.0,"bikeMin":3.7,"driveMin":1.4},"geometry":{"type":"Polygon","coordinates":[[[-118.84999999999998,34.024999999999984],[-118.82499999999997,34.024999999999984],[-118.82499999999997,34.04999999999998],[-118.84999999999998,34.04999999999998],[-118.84999999999998,34.024999999999984]]]}},{"type":"Feature","properties":{"nearestScore":98,"avg5Score":92.0,"nearestDist":1.853,"reachMin":22.2,"walkMin":22.2,"bikeMin":7.4,"driveMin":2.8},"geometry":{"type":"Polygon","coordinates":[[[-118.82499999999997,34.024999999999984],[-118.79999999999997,34.024999999999984],[-118.79999999999997,34.04999999999998],[-118.82499999999997,34.04999999999998],[-118.82499999999997,34.024999999999984]]]}},{"type":"Feature","properties":{"nearestScore":97,"avg5Score":92.4,"nearestDist":2.217,"reachMin":26.6,"walkMin":26.6,"bikeMin":8.9,"driveMin":3.3},"geometry":{"type":"Polygon","coordinates":[[[-118.79999999999997,34.024999999999984],[-118.77499999999996,34.024999999999984],[-118.77499999999996,34.04999999999998],[-118.79999999999997,34.04999999999998],[-118.79999999999997,34.024999999999984]]]}},{"type":"Feature","properties":{"nearestScore":91,"avg5Score":91.8,"nearestDist":2.07,"reachMin":24.8,"walkMin":24.8,"bikeMin":8.3,"driveMin":3.1},"geometry":{"type":"Polygon","coordinates":[[[-118.77499999999996,34.024999999999984],[-118.74999999999996,34.024999999999984],[-118.74999999999996,34.04999999999998],[-118.77499999999996,34.04999999999998],[-118.77499999999996,34.024999999999984]]]}},{"type":"Feature","properties":{"nearestScore":91,"avg5Score":93.0,"nearestDist":0.537,"reachMin":6.4,"walkMin":6.4,"bikeMin":2.1,"driveMin":0.8},"geometry":{"type":"Polygon","coordinates":[[[-118.74999999999996,34.024999999999984],[-118.72499999999995,34.024999999999984],[-118.72499999999995,34.04999999999998],[-118.74999999999996,34.04999999999998],[-118.74999999999996,34.024999999999984]]]}},{"type":"Feature","properties":{"nearestScore":98,"avg5Score":94.2,"nearestDist":0.467,"reachMin":5.6,"walkMin":5.6,"bikeMin":1.9,"driveMin":0.7},"geometry":{"type":"Polygon","coordinates":[[[-118.72499999999995,34.024999999999984],[-118.69999999999995,34.024999999999984],[-118.69999999999995,34.04999999999998],[-118.72499999999995,34.04999999999998],[-118.72499999999995,34.024999999999984]]]}},{"type":"Feature","properties":{"nearestScore":95,"avg5Score":94.8,"nearestDist":0.107,"reachMin":1.3,"walkMin":1.3,"bikeMin":0.4,"driveMin":0.2},"geometry":{"type":"Polygon","coordinates":[[[-118.69999999999995,34.024999999999984],[-118.67499999999994,34.024999999999984],[-118.67499999999994,34.04999999999998],[-118.69999999999995,34.04999999999998],[-118.69999999999995,34.024999999999984]]]}},{"type":"Feature","properties":{"nearestScore":97,"avg5Score":95.8,"nearestDist":0.828,"reachMin":9.9,"walkMin":9.9,"bikeMin":3.3,"driveMin":1.2},"geometry":{"type":"Polygon","coordinates":[[[-118.67499999999994,34.024999999999984],[-118.64999999999993,34.024999999999984],[-118.64999999999993,34.04999999999998],[-118.67499999999994,34.04999999999998],[-118.67499999999994,34.024999999999984]]]}},{"type":"Feature","properties":{"nearestScore":98,"avg5Score":96.8,"nearestDist":0.106,"reachMin":1.3,"walkMin":1.3,"bikeMin":0.4,"driveMin":0.2},"geometry":{"type":"Polygon","coordinates":[[[-118.64999999999993,34.024999999999984],[-118.62499999999993,34.024999999999984],[-118.62499999999993,34.04999999999998],[-118.64999999999993,34.04999999999998],[-118.64999999999993,34.024999999999984]]]}},{"type":"Feature","properties":{"nearestScore":98,"avg5Score":97.0,"nearestDist":2.224,"reachMin":26.7,"walkMin":26.7,"bikeMin":8.9,"driveMin":3.3},"geometry":{"type":"Polygon","coordinates":[[[-118.62499999999993,34.024999999999984],[-118.59999999999992,34.024999999999984],[-118.59999999999992,34.04999999999998],[-118.62499999999993,34.04999999999998],[-118.62499999999993,34.024999999999984]]]}},{"type":"Feature","properties":{"nearestScore":97,"avg5Score":96.2,"nearestDist":1.129,"reachMin":13.5,"walkMin":13.5,"bikeMin":4.5,"driveMin":1.7},"geometry":{"type":"Polygon","coordinates":[[[-118.59999999999992,34.024999999999984],[-118.57499999999992,34.024999999999984],[-118.57499999999992,34.04999999999998],[-118.59999999999992,34.04999999999998],[-118.59999999999992,34.024999999999984]]]}},{"type":"Feature","properties":{"nearestScore":98,"avg5Score":96.2,"nearestDist":0.472,"reachMin":5.7,"walkMin":5.7,"bikeMin":1.9,"driveMin":0.7},"geometry":{"type":"Polygon","coordinates":[[[-118.57499999999992,34.024999999999984],[-118.54999999999991,34.024999999999984],[-118.54999999999991,34.04999999999998],[-118.57499999999992,34.04999999999998],[-118.57499999999992,34.024999999999984]]]}},{"type":"Feature","properties":{"nearestScore":94,"avg5Score":91.8,"nearestDist":0.802,"reachMin":9.6,"walkMin":9.6,"bikeMin":3.2,"driveMin":1.2},"geometry":{"type":"Polygon","coordinates":[[[-118.54999999999991,34.024999999999984],[-118.5249999999999,34.024999999999984],[-118.5249999999999,34.04999999999998],[-118.54999999999991,34.04999999999998],[-118.54999999999991,34.024999999999984]]]}},{"type":"Feature","properties":{"nearestScore":95,"avg5Score":94.2,"nearestDist":0.959,"reachMin":11.5,"walkMin":11.5,"bikeMin":3.8,"driveMin":1.4},"geometry":{"type":"Polygon","coordinates":[[[-118.5249999999999,34.024999999999984],[-118.4999999999999,34.024999999999984],[-118.4999999999999,34.04999999999998],[-118.5249999999999,34.04999999999998],[-118.5249999999999,34.024999999999984]]]}},{"type":"Feature","properties":{"nearestScore":92,"avg5Score":93.8,"nearestDist":0.639,"reachMin":7.7,"walkMin":7.7,"bikeMin":2.6,"driveMin":1.0},"geometry":{"type":"Polygon","coordinates":[[[-118.4999999999999,34.024999999999984],[-118.4749999999999,34.024999999999984],[-118.4749999999999,34.04999999999998],[-118.4999999999999,34.04999999999998],[-118.4999999999999,34.024999999999984]]]}},{"type":"Feature","properties":{"nearestScore":93,"avg5Score":92.8,"nearestDist":0.255,"reachMin":3.1,"walkMin":3.1,"bikeMin":1.0,"driveMin":0.4},"geometry":{"type":"Polygon","coordinates":[[[-118.4749999999999,34.024999999999984],[-118.44999999999989,34.024999999999984],[-118.44999999999989,34.04999999999998],[-118.4749999999999,34.04999999999998],[-118.4749999999999,34.024999999999984]]]}},{"type":"Feature","properties":{"nearestScore":93,"avg5Score":91.8,"nearestDist":0.043,"reachMin":0.5,"walkMin":0.5,"bikeMin":0.2,"driveMin":0.1},"geometry":{"type":"Polygon","coordinates":[[[-118.44999999999989,34.024999999999984],[-118.42499999999988,34.024999999999984],[-118.42499999999988,34.04999999999998],[-118.44999999999989,34.04999999999998],[-118.44999999999989,34.024999999999984]]]}},{"type":"Feature","properties":{"nearestScore":98,"avg5Score":93.6,"nearestDist":0.39,"reachMin":4.7,"walkMin":4.7,"bikeMin":1.6,"driveMin":0.6},"geometry":{"type":"Polygon","coordinates":[[[-118.42499999999988,34.024999999999984],[-118.39999999999988,34.024999999999984],[-118.39999999999988,34.04999999999998],[-118.42499999999988,34.04999999999998],[-118.42499999999988,34.024999999999984]]]}},{"type":"Feature","properties":{"nearestScore":97,"avg5Score":94.2,"nearestDist":0.094,"reachMin":1.1,"walkMin":1.1,"bikeMin":0.4,"driveMin":0.1},"geometry":{"type":"Polygon","coordinates":[[[-118.39999999999988,34.024999999999984],[-118.37499999999987,34.024999999999984],[-118.37499999999987,34.04999999999998],[-118.39999999999988,34.04999999999998],[-118.39999999999988,34.024999999999984]]]}},{"type":"Feature","properties":{"nearestScore":93,"avg5Score":91.0,"nearestDist":0.578,"reachMin":6.9,"walkMin":6.9,"bikeMin":2.3,"driveMin":0.9},"geometry":{"type":"Polygon","coordinates":[[[-118.37499999999987,34.024999999999984],[-118.34999999999987,34.024999999999984],[-118.34999999999987,34.04999999999998],[-118.37499999999987,34.04999999999998],[-118.37499999999987,34.024999999999984]]]}},{"type":"Feature","properties":{"nearestScore":95,"avg5Score":96.6,"nearestDist":0.255,"reachMin":3.1,"walkMin":3.1,"bikeMin":1.0,"driveMin":0.4},"geometry":{"type":"Polygon","coordinates":[[[-118.34999999999987,34.024999999999984],[-118.32499999999986,34.024999999999984],[-118.32499999999986,34.04999999999998],[-118.34999999999987,34.04999999999998],[-118.34999999999987,34.024999999999984]]]}},{"type":"Feature","properties":{"nearestScore":91,"avg5Score":93.4,"nearestDist":0.308,"reachMin":3.7,"walkMin":3.7,"bikeMin":1.2,"driveMin":0.5},"geometry":{"type":"Polygon","coordinates":[[[-118.32499999999986,34.024999999999984],[-118.29999999999986,34.024999999999984],[-118.29999999999986,34.04999999999998],[-118.32499999999986,34.04999999999998],[-118.32499999999986,34.024999999999984]]]}},{"type":"Feature","properties":{"nearestScore":91,"avg5Score":94.2,"nearestDist":0.349,"reachMin":4.2,"walkMin":4.2,"bikeMin":1.4,"driveMin":0.5},"geometry":{"type":"Polygon","coordinates":[[[-118.29999999999986,34.024999999999984],[-118.27499999999985,34.024999999999984],[-118.27499999999985,34.04999999999998],[-118.29999999999986,34.04999999999998],[-118.29999999999986,34.024999999999984]]]}},{"type":"Feature","properties":{"nearestScore":93,"avg5Score":94.6,"nearestDist":0.171,"reachMin":2.1,"walkMin":2.1,"bikeMin":0.7,"driveMin":0.3},"geometry":{"type":"Polygon","coordinates":[[[-118.27499999999985,34.024999999999984],[-118.24999999999984,34.024999999999984],[-118.24999999999984,34.04999999999998],[-118.27499999999985,34.04999999999998],[-118.27499999999985,34.024999999999984]]]}},{"type":"Feature","properties":{"nearestScore":94,"avg5Score":92.6,"nearestDist":0.169,"reachMin":2.0,"walkMin":2.0,"bikeMin":0.7,"driveMin":0.3},"geometry":{"type":"Polygon","coordinates":[[[-118.24999999999984,34.024999999999984],[-118.22499999999984,34.024999999999984],[-118.22499999999984,34.04999999999998],[-118.24999999999984,34.04999999999998],[-118.24999999999984,34.024999999999984]]]}},{"type":"Feature","properties":{"nearestScore":81,"avg5Score":92.2,"nearestDist":0.331,"reachMin":4.0,"walkMin":4.0,"bikeMin":1.3,"driveMin":0.5},"geometry":{"type":"Polygon","coordinates":[[[-118.22499999999984,34.024999999999984],[-118.19999999999983,34.024999999999984],[-118.19999999999983,34.04999999999998],[-118.22499999999984,34.04999999999998],[-118.22499999999984,34.024999999999984]]]}},{"type":"Feature","properties":{"nearestScore":97,"avg5Score":92.8,"nearestDist":0.169,"reachMin":2.0,"walkMin":2.0,"bikeMin":0.7,"driveMin":0.3},"geometry":{"type":"Polygon","coordinates":[[[-118.19999999999983,34.024999999999984],[-118.17499999999983,34.024999999999984],[-118.17499999999983,34.04999999999998],[-118.19999999999983,34.04999999999998],[-118.19999999999983,34.024999999999984]]]}},{"type":"Feature","properties":{"nearestScore":95,"avg5Score":93.2,"nearestDist":0.325,"reachMin":3.9,"walkMin":3.9,"bikeMin":1.3,"driveMin":0.5},"geometry":{"type":"Polygon","coordinates":[[[-118.17499999999983,34.024999999999984],[-118.14999999999982,34.024999999999984],[-118.14999999999982,34.04999999999998],[-118.17499999999983,34.04999999999998],[-118.17499999999983,34.024999999999984]]]}},{"type":"Feature","properties":{"nearestScore":97,"avg5Score":95.6,"nearestDist":0.535,"reachMin":6.4,"walkMin":6.4,"bikeMin":2.1,"driveMin":0.8},"geometry":{"type":"Polygon","coordinates":[[[-118.14999999999982,34.024999999999984],[-118.12499999999982,34.024999999999984],[-118.12499999999982,34.04999999999998],[-118.14999999999982,34.04999999999998],[-118.14999999999982,34.024999999999984]]]}},{"type":"Feature","properties":{"nearestScore":92,"avg5Score":92.2,"nearestDist":0.998,"reachMin":12.0,"walkMin":12.0,"bikeMin":4.0,"driveMin":1.5},"geometry":{"type":"Polygon","coordinates":[[[-118.12499999999982,34.024999999999984],[-118.09999999999981,34.024999999999984],[-118.09999999999981,34.04999999999998],[-118.12499999999982,34.04999999999998],[-118.12499999999982,34.024999999999984]]]}},{"type":"Feature","properties":{"nearestScore":95,"avg5Score":93.4,"nearestDist":0.099,"reachMin":1.2,"walkMin":1.2,"bikeMin":0.4,"driveMin":0.1},"geometry":{"type":"Polygon","coordinates":[[[-118.09999999999981,34.024999999999984],[-118.0749999999998,34.024999999999984],[-118.0749999999998,34.04999999999998],[-118.09999999999981,34.04999999999998],[-118.09999999999981,34.024999999999984]]]}},{"type":"Feature","properties":{"nearestScore":100,"avg5Score":97.6,"nearestDist":1.201,"reachMin":14.4,"walkMin":14.4,"bikeMin":4.8,"driveMin":1.8},"geometry":{"type":"Polygon","coordinates":[[[-118.0749999999998,34.024999999999984],[-118.0499999999998,34.024999999999984],[-118.0499999999998,34.04999999999998],[-118.0749999999998,34.04999999999998],[-118.0749999999998,34.024999999999984]]]}},{"type":"Feature","properties":{"nearestScore":96,"avg5Score":94.2,"nearestDist":0.283,"reachMin":3.4,"walkMin":3.4,"bikeMin":1.1,"driveMin":0.4},"geometry":{"type":"Polygon","coordinates":[[[-118.0499999999998,34.024999999999984],[-118.02499999999979,34.024999999999984],[-118.02499999999979,34.04999999999998],[-118.0499999999998,34.04999999999998],[-118.0499999999998,34.024999999999984]]]}},{"type":"Feature","properties":{"nearestScore":90,"avg5Score":94.4,"nearestDist":0.508,"reachMin":6.1,"walkMin":6.1,"bikeMin":2.0,"driveMin":0.8},"geometry":{"type":"Polygon","coordinates":[[[-118.02499999999979,34.024999999999984],[-117.99999999999979,34.024999999999984],[-117.99999999999979,34.04999999999998],[-118.02499999999979,34.04999999999998],[-118.02499999999979,34.024999999999984]]]}},{"type":"Feature","properties":{"nearestScore":97,"avg5Score":95.8,"nearestDist":0.735,"reachMin":8.8,"walkMin":8.8,"bikeMin":2.9,"driveMin":1.1},"geometry":{"type":"Polygon","coordinates":[[[-117.99999999999979,34.024999999999984],[-117.97499999999978,34.024999999999984],[-117.97499999999978,34.04999999999998],[-117.99999999999979,34.04999999999998],[-117.99999999999979,34.024999999999984]]]}},{"type":"Feature","properties":{"nearestScore":90,"avg5Score":94.0,"nearestDist":0.682,"reachMin":8.2,"walkMin":8.2,"bikeMin":2.7,"driveMin":1.0},"geometry":{"type":"Polygon","coordinates":[[[-117.97499999999978,34.024999999999984],[-117.94999999999978,34.024999999999984],[-117.94999999999978,34.04999999999998],[-117.97499999999978,34.04999999999998],[-117.97499999999978,34.024999999999984]]]}},{"type":"Feature","properties":{"nearestScore":93,"avg5Score":92.8,"nearestDist":0.21,"reachMin":2.5,"walkMin":2.5,"bikeMin":0.8,"driveMin":0.3},"geometry":{"type":"Polygon","coordinates":[[[-117.94999999999978,34.024999999999984],[-117.92499999999977,34.024999999999984],[-117.92499999999977,34.04999999999998],[-117.94999999999978,34.04999999999998],[-117.94999999999978,34.024999999999984]]]}},{"type":"Feature","properties":{"nearestScore":98,"avg5Score":96.2,"nearestDist":0.041,"reachMin":0.5,"walkMin":0.5,"bikeMin":0.2,"driveMin":0.1},"geometry":{"type":"Polygon","coordinates":[[[-117.92499999999977,34.024999999999984],[-117.89999999999976,34.024999999999984],[-117.89999999999976,34.04999999999998],[-117.92499999999977,34.04999999999998],[-117.92499999999977,34.024999999999984]]]}},{"type":"Feature","properties":{"nearestScore":96,"avg5Score":93.2,"nearestDist":1.154,"reachMin":13.8,"walkMin":13.8,"bikeMin":4.6,"driveMin":1.7},"geometry":{"type":"Polygon","coordinates":[[[-117.89999999999976,34.024999999999984],[-117.87499999999976,34.024999999999984],[-117.87499999999976,34.04999999999998],[-117.89999999999976,34.04999999999998],[-117.89999999999976,34.024999999999984]]]}},{"type":"Feature","properties":{"nearestScore":92,"avg5Score":92.6,"nearestDist":1.392,"reachMin":16.7,"walkMin":16.7,"bikeMin":5.6,"driveMin":2.1},"geometry":{"type":"Polygon","coordinates":[[[-117.87499999999976,34.024999999999984],[-117.84999999999975,34.024999999999984],[-117.84999999999975,34.04999999999998],[-117.87499999999976,34.04999999999998],[-117.87499999999976,34.024999999999984]]]}},{"type":"Feature","properties":{"nearestScore":96,"avg5Score":95.2,"nearestDist":0.96,"reachMin":11.5,"walkMin":11.5,"bikeMin":3.8,"driveMin":1.4},"geometry":{"type":"Polygon","coordinates":[[[-117.84999999999975,34.024999999999984],[-117.82499999999975,34.024999999999984],[-117.82499999999975,34.04999999999998],[-117.84999999999975,34.04999999999998],[-117.84999999999975,34.024999999999984]]]}},{"type":"Feature","properties":{"nearestScore":96,"avg5Score":98.0,"nearestDist":0.598,"reachMin":7.2,"walkMin":7.2,"bikeMin":2.4,"driveMin":0.9},"geometry":{"type":"Polygon","coordinates":[[[-117.82499999999975,34.024999999999984],[-117.79999999999974,34.024999999999984],[-117.79999999999974,34.04999999999998],[-117.82499999999975,34.04999999999998],[-117.82499999999975,34.024999999999984]]]}},{"type":"Feature","properties":{"nearestScore":97,"avg5Score":95.6,"nearestDist":1.091,"reachMin":13.1,"walkMin":13.1,"bikeMin":4.4,"driveMin":1.6},"geometry":{"type":"Polygon","coordinates":[[[-117.79999999999974,34.024999999999984],[-117.77499999999974,34.024999999999984],[-117.77499999999974,34.04999999999998],[-117.79999999999974,34.04999999999998],[-117.79999999999974,34.024999999999984]]]}},{"type":"Feature","properties":{"nearestScore":99,"avg5Score":96.8,"nearestDist":0.726,"reachMin":8.7,"walkMin":8.7,"bikeMin":2.9,"driveMin":1.1},"geometry":{"type":"Polygon","coordinates":[[[-117.77499999999974,34.024999999999984],[-117.74999999999973,34.024999999999984],[-117.74999999999973,34.04999999999998],[-117.77499999999974,34.04999999999998],[-117.77499999999974,34.024999999999984]]]}},{"type":"Feature","properties":{"nearestScore":97,"avg5Score":97.4,"nearestDist":0.509,"reachMin":6.1,"walkMin":6.1,"bikeMin":2.0,"driveMin":0.8},"geometry":{"type":"Polygon","coordinates":[[[-117.74999999999973,34.024999999999984],[-117.72499999999972,34.024999999999984],[-117.72499999999972,34.04999999999998],[-117.74999999999973,34.04999999999998],[-117.74999999999973,34.024999999999984]]]}},{"type":"Feature","properties":{"nearestScore":92,"avg5Score":96.0,"nearestDist":1.505,"reachMin":18.1,"walkMin":18.1,"bikeMin":6.0,"driveMin":2.3},"geometry":{"type":"Polygon","coordinates":[[[-117.72499999999972,34.024999999999984],[-117.69999999999972,34.024999999999984],[-117.69999999999972,34.04999999999998],[-117.72499999999972,34.04999999999998],[-117.72499999999972,34.024999999999984]]]}},{"type":"Feature","properties":{"nearestScore":92,"avg5Score":91.6,"nearestDist":3.523,"reachMin":42.3,"walkMin":42.3,"bikeMin":14.1,"driveMin":5.3},"geometry":{"type":"Polygon","coordinates":[[[-117.69999999999972,34.024999999999984],[-117.67499999999971,34.024999999999984],[-117.67499999999971,34.04999999999998],[-117.69999999999972,34.04999999999998],[-117.69999999999972,34.024999999999984]]]}},{"type":"Feature","properties":{"nearestScore":92,"avg5Score":90.6,"nearestDist":5.759,"reachMin":69.1,"walkMin":69.1,"bikeMin":23.0,"driveMin":8.6},"geometry":{"type":"Polygon","coordinates":[[[-117.67499999999971,34.024999999999984],[-117.64999999999971,34.024999999999984],[-117.64999999999971,34.04999999999998],[-117.67499999999971,34.04999999999998],[-117.67499999999971,34.024999999999984]]]}},{"type":"Feature","properties":{"nearestScore":98,"avg5Score":92.4,"nearestDist":3.189,"reachMin":38.3,"walkMin":38.3,"bikeMin":12.8,"driveMin":4.8},"geometry":{"type":"Polygon","coordinates":[[[-118.95,34.04999999999998],[-118.925,34.04999999999998],[-118.925,34.07499999999998],[-118.95,34.07499999999998],[-118.95,34.04999999999998]]]}},{"type":"Feature","properties":{"nearestScore":98,"avg5Score":92.4,"nearestDist":2.08,"reachMin":25.0,"walkMin":25.0,"bikeMin":8.3,"driveMin":3.1},"geometry":{"type":"Polygon","coordinates":[[[-118.925,34.04999999999998],[-118.89999999999999,34.04999999999998],[-118.89999999999999,34.07499999999998],[-118.925,34.07499999999998],[-118.925,34.04999999999998]]]}},{"type":"Feature","properties":{"nearestScore":98,"avg5Score":92.4,"nearestDist":3.015,"reachMin":36.2,"walkMin":36.2,"bikeMin":12.1,"driveMin":4.5},"geometry":{"type":"Polygon","coordinates":[[[-118.89999999999999,34.04999999999998],[-118.87499999999999,34.04999999999998],[-118.87499999999999,34.07499999999998],[-118.89999999999999,34.07499999999998],[-118.89999999999999,34.04999999999998]]]}},{"type":"Feature","properties":{"nearestScore":94,"avg5Score":92.4,"nearestDist":4.05,"reachMin":48.6,"walkMin":48.6,"bikeMin":16.2,"driveMin":6.1},"geometry":{"type":"Polygon","coordinates":[[[-118.87499999999999,34.04999999999998],[-118.84999999999998,34.04999999999998],[-118.84999999999998,34.07499999999998],[-118.87499999999999,34.07499999999998],[-118.87499999999999,34.04999999999998]]]}},{"type":"Feature","properties":{"nearestScore":94,"avg5Score":92.2,"nearestDist":3.617,"reachMin":43.4,"walkMin":43.4,"bikeMin":14.5,"driveMin":5.4},"geometry":{"type":"Polygon","coordinates":[[[-118.84999999999998,34.04999999999998],[-118.82499999999997,34.04999999999998],[-118.82499999999997,34.07499999999998],[-118.84999999999998,34.07499999999998],[-118.84999999999998,34.04999999999998]]]}},{"type":"Feature","properties":{"nearestScore":97,"avg5Score":92.2,"nearestDist":3.271,"reachMin":39.3,"walkMin":39.3,"bikeMin":13.1,"driveMin":4.9},"geometry":{"type":"Polygon","coordinates":[[[-118.82499999999997,34.04999999999998],[-118.79999999999997,34.04999999999998],[-118.79999999999997,34.07499999999998],[-118.82499999999997,34.07499999999998],[-118.82499999999997,34.04999999999998]]]}},{"type":"Feature","properties":{"nearestScore":97,"avg5Score":95.0,"nearestDist":4.208,"reachMin":50.5,"walkMin":50.5,"bikeMin":16.8,"driveMin":6.3},"geometry":{"type":"Polygon","coordinates":[[[-118.79999999999997,34.04999999999998],[-118.77499999999996,34.04999999999998],[-118.77499999999996,34.07499999999998],[-118.79999999999997,34.07499999999998],[-118.79999999999997,34.04999999999998]]]}},{"type":"Feature","properties":{"nearestScore":91,"avg5Score":95.2,"nearestDist":3.814,"reachMin":45.8,"walkMin":45.8,"bikeMin":15.3,"driveMin":5.7},"geometry":{"type":"Polygon","coordinates":[[[-118.77499999999996,34.04999999999998],[-118.74999999999996,34.04999999999998],[-118.74999999999996,34.07499999999998],[-118.77499999999996,34.07499999999998],[-118.77499999999996,34.04999999999998]]]}},{"type":"Feature","properties":{"nearestScore":91,"avg5Score":95.6,"nearestDist":3.248,"reachMin":39.0,"walkMin":39.0,"bikeMin":13.0,"driveMin":4.9},"geometry":{"type":"Polygon","coordinates":[[[-118.74999999999996,34.04999999999998],[-118.72499999999995,34.04999999999998],[-118.72499999999995,34.07499999999998],[-118.74999999999996,34.07499999999998],[-118.74999999999996,34.04999999999998]]]}},{"type":"Feature","properties":{"nearestScore":86,"avg5Score":94.6,"nearestDist":2.477,"reachMin":29.7,"walkMin":29.7,"bikeMin":9.9,"driveMin":3.7},"geometry":{"type":"Polygon","coordinates":[[[-118.72499999999995,34.04999999999998],[-118.69999999999995,34.04999999999998],[-118.69999999999995,34.07499999999998],[-118.72499999999995,34.07499999999998],[-118.72499999999995,34.04999999999998]]]}},{"type":"Feature","properties":{"nearestScore":86,"avg5Score":95.0,"nearestDist":1.798,"reachMin":21.6,"walkMin":21.6,"bikeMin":7.2,"driveMin":2.7},"geometry":{"type":"Polygon","coordinates":[[[-118.69999999999995,34.04999999999998],[-118.67499999999994,34.04999999999998],[-118.67499999999994,34.07499999999998],[-118.69999999999995,34.07499999999998],[-118.69999999999995,34.04999999999998]]]}},{"type":"Feature","properties":{"nearestScore":97,"avg5Score":95.8,"nearestDist":2.694,"reachMin":32.3,"walkMin":32.3,"bikeMin":10.8,"driveMin":4.0},"geometry":{"type":"Polygon","coordinates":[[[-118.67499999999994,34.04999999999998],[-118.64999999999993,34.04999999999998],[-118.64999999999993,34.07499999999998],[-118.67499999999994,34.07499999999998],[-118.67499999999994,34.04999999999998]]]}},{"type":"Feature","properties":{"nearestScore":98,"avg5Score":97.0,"nearestDist":2.85,"reachMin":34.2,"walkMin":34.2,"bikeMin":11.4,"driveMin":4.3},"geometry":{"type":"Polygon","coordinates":[[[-118.64999999999993,34.04999999999998],[-118.62499999999993,34.04999999999998],[-118.62499999999993,34.07499999999998],[-118.64999999999993,34.07499999999998],[-118.64999999999993,34.04999999999998]]]}},{"type":"Feature","properties":{"nearestScore":98,"avg5Score":95.2,"nearestDist":2.686,"reachMin":32.2,"walkMin":32.2,"bikeMin":10.7,"driveMin":4.0},"geometry":{"type":"Polygon","coordinates":[[[-118.62499999999993,34.04999999999998],[-118.59999999999992,34.04999999999998],[-118.59999999999992,34.07499999999998],[-118.62499999999993,34.07499999999998],[-118.62499999999993,34.04999999999998]]]}},{"type":"Feature","properties":{"nearestScore":98,"avg5Score":98.2,"nearestDist":2.683,"reachMin":32.2,"walkMin":32.2,"bikeMin":10.7,"driveMin":4.0},"geometry":{"type":"Polygon","coordinates":[[[-118.59999999999992,34.04999999999998],[-118.57499999999992,34.04999999999998],[-118.57499999999992,34.07499999999998],[-118.59999999999992,34.07499999999998],[-118.59999999999992,34.04999999999998]]]}},{"type":"Feature","properties":{"nearestScore":92,"avg5Score":95.4,"nearestDist":2.142,"reachMin":25.7,"walkMin":25.7,"bikeMin":8.6,"driveMin":3.2},"geometry":{"type":"Polygon","coordinates":[[[-118.57499999999992,34.04999999999998],[-118.54999999999991,34.04999999999998],[-118.54999999999991,34.07499999999998],[-118.57499999999992,34.07499999999998],[-118.57499999999992,34.04999999999998]]]}},{"type":"Feature","properties":{"nearestScore":92,"avg5Score":92.8,"nearestDist":1.696,"reachMin":20.4,"walkMin":20.4,"bikeMin":6.8,"driveMin":2.5},"geometry":{"type":"Polygon","coordinates":[[[-118.54999999999991,34.04999999999998],[-118.5249999999999,34.04999999999998],[-118.5249999999999,34.07499999999998],[-118.54999999999991,34.07499999999998],[-118.54999999999991,34.04999999999998]]]}},{"type":"Feature","properties":{"nearestScore":97,"avg5Score":95.2,"nearestDist":1.622,"reachMin":19.5,"walkMin":19.5,"bikeMin":6.5,"driveMin":2.4},"geometry":{"type":"Polygon","coordinates":[[[-118.5249999999999,34.04999999999998],[-118.4999999999999,34.04999999999998],[-118.4999999999999,34.07499999999998],[-118.5249999999999,34.07499999999998],[-118.5249999999999,34.04999999999998]]]}},{"type":"Feature","properties":{"nearestScore":99,"avg5Score":92.0,"nearestDist":1.283,"reachMin":15.4,"walkMin":15.4,"bikeMin":5.1,"driveMin":1.9},"geometry":{"type":"Polygon","coordinates":[[[-118.4999999999999,34.04999999999998],[-118.4749999999999,34.04999999999998],[-118.4749999999999,34.07499999999998],[-118.4999999999999,34.07499999999998],[-118.4999999999999,34.04999999999998]]]}},{"type":"Feature","properties":{"nearestScore":93,"avg5Score":94.4,"nearestDist":0.662,"reachMin":7.9,"walkMin":7.9,"bikeMin":2.6,"driveMin":1.0},"geometry":{"type":"Polygon","coordinates":[[[-118.4749999999999,34.04999999999998],[-118.44999999999989,34.04999999999998],[-118.44999999999989,34.07499999999998],[-118.4749999999999,34.07499999999998],[-118.4749999999999,34.04999999999998]]]}},{"type":"Feature","properties":{"nearestScore":95,"avg5Score":94.6,"nearestDist":0.233,"reachMin":2.8,"walkMin":2.8,"bikeMin":0.9,"driveMin":0.3},"geometry":{"type":"Polygon","coordinates":[[[-118.44999999999989,34.04999999999998],[-118.42499999999988,34.04999999999998],[-118.42499999999988,34.07499999999998],[-118.44999999999989,34.07499999999998],[-118.44999999999989,34.04999999999998]]]}},{"type":"Feature","properties":{"nearestScore":99,"avg5Score":94.4,"nearestDist":0.213,"reachMin":2.6,"walkMin":2.6,"bikeMin":0.9,"driveMin":0.3},"geometry":{"type":"Polygon","coordinates":[[[-118.42499999999988,34.04999999999998],[-118.39999999999988,34.04999999999998],[-118.39999999999988,34.07499999999998],[-118.42499999999988,34.07499999999998],[-118.42499999999988,34.04999999999998]]]}},{"type":"Feature","properties":{"nearestScore":91,"avg5Score":95.8,"nearestDist":0.357,"reachMin":4.3,"walkMin":4.3,"bikeMin":1.4,"driveMin":0.5},"geometry":{"type":"Polygon","coordinates":[[[-118.39999999999988,34.04999999999998],[-118.37499999999987,34.04999999999998],[-118.37499999999987,34.07499999999998],[-118.39999999999988,34.07499999999998],[-118.39999999999988,34.04999999999998]]]}},{"type":"Feature","properties":{"nearestScore":92,"avg5Score":94.6,"nearestDist":0.135,"reachMin":1.6,"walkMin":1.6,"bikeMin":0.5,"driveMin":0.2},"geometry":{"type":"Polygon","coordinates":[[[-118.37499999999987,34.04999999999998],[-118.34999999999987,34.04999999999998],[-118.34999999999987,34.07499999999998],[-118.37499999999987,34.07499999999998],[-118.37499999999987,34.04999999999998]]]}},{"type":"Feature","properties":{"nearestScore":97,"avg5Score":92.2,"nearestDist":0.145,"reachMin":1.7,"walkMin":1.7,"bikeMin":0.6,"driveMin":0.2},"geometry":{"type":"Polygon","coordinates":[[[-118.34999999999987,34.04999999999998],[-118.32499999999986,34.04999999999998],[-118.32499999999986,34.07499999999998],[-118.34999999999987,34.07499999999998],[-118.34999999999987,34.04999999999998]]]}},{"type":"Feature","properties":{"nearestScore":93,"avg5Score":94.4,"nearestDist":0.09,"reachMin":1.1,"walkMin":1.1,"bikeMin":0.4,"driveMin":0.1},"geometry":{"type":"Polygon","coordinates":[[[-118.32499999999986,34.04999999999998],[-118.29999999999986,34.04999999999998],[-118.29999999999986,34.07499999999998],[-118.32499999999986,34.07499999999998],[-118.32499999999986,34.04999999999998]]]}},{"type":"Feature","properties":{"nearestScore":92,"avg5Score":93.4,"nearestDist":0.088,"reachMin":1.1,"walkMin":1.1,"bikeMin":0.4,"driveMin":0.1},"geometry":{"type":"Polygon","coordinates":[[[-118.29999999999986,34.04999999999998],[-118.27499999999985,34.04999999999998],[-118.27499999999985,34.07499999999998],[-118.29999999999986,34.07499999999998],[-118.29999999999986,34.04999999999998]]]}},{"type":"Feature","properties":{"nearestScore":90,"avg5Score":92.8,"nearestDist":0.132,"reachMin":1.6,"walkMin":1.6,"bikeMin":0.5,"driveMin":0.2},"geometry":{"type":"Polygon","coordinates":[[[-118.27499999999985,34.04999999999998],[-118.24999999999984,34.04999999999998],[-118.24999999999984,34.07499999999998],[-118.27499999999985,34.07499999999998],[-118.27499999999985,34.04999999999998]]]}},{"type":"Feature","properties":{"nearestScore":96,"avg5Score":91.4,"nearestDist":0.055,"reachMin":0.7,"walkMin":0.7,"bikeMin":0.2,"driveMin":0.1},"geometry":{"type":"Polygon","coordinates":[[[-118.24999999999984,34.04999999999998],[-118.22499999999984,34.04999999999998],[-118.22499999999984,34.07499999999998],[-118.24999999999984,34.07499999999998],[-118.24999999999984,34.04999999999998]]]}},{"type":"Feature","properties":{"nearestScore":73,"avg5Score":89.2,"nearestDist":0.134,"reachMin":1.6,"walkMin":1.6,"bikeMin":0.5,"driveMin":0.2},"geometry":{"type":"Polygon","coordinates":[[[-118.22499999999984,34.04999999999998],[-118.19999999999983,34.04999999999998],[-118.19999999999983,34.07499999999998],[-118.22499999999984,34.07499999999998],[-118.22499999999984,34.04999999999998]]]}},{"type":"Feature","properties":{"nearestScore":80,"avg5Score":90.2,"nearestDist":0.088,"reachMin":1.1,"walkMin":1.1,"bikeMin":0.4,"driveMin":0.1},"geometry":{"type":"Polygon","coordinates":[[[-118.19999999999983,34.04999999999998],[-118.17499999999983,34.04999999999998],[-118.17499999999983,34.07499999999998],[-118.19999999999983,34.07499999999998],[-118.19999999999983,34.04999999999998]]]}},{"type":"Feature","properties":{"nearestScore":94,"avg5Score":95.2,"nearestDist":0.143,"reachMin":1.7,"walkMin":1.7,"bikeMin":0.6,"driveMin":0.2},"geometry":{"type":"Polygon","coordinates":[[[-118.17499999999983,34.04999999999998],[-118.14999999999982,34.04999999999998],[-118.14999999999982,34.07499999999998],[-118.17499999999983,34.07499999999998],[-118.17499999999983,34.04999999999998]]]}},{"type":"Feature","properties":{"nearestScore":87,"avg5Score":86.8,"nearestDist":0.297,"reachMin":3.6,"walkMin":3.6,"bikeMin":1.2,"driveMin":0.4},"geometry":{"type":"Polygon","coordinates":[[[-118.14999999999982,34.04999999999998],[-118.12499999999982,34.04999999999998],[-118.12499999999982,34.07499999999998],[-118.14999999999982,34.07499999999998],[-118.14999999999982,34.04999999999998]]]}},{"type":"Feature","properties":{"nearestScore":83,"avg5Score":88.6,"nearestDist":0.017,"reachMin":0.2,"walkMin":0.2,"bikeMin":0.1,"driveMin":0.0},"geometry":{"type":"Polygon","coordinates":[[[-118.12499999999982,34.04999999999998],[-118.09999999999981,34.04999999999998],[-118.09999999999981,34.07499999999998],[-118.12499999999982,34.07499999999998],[-118.12499999999982,34.04999999999998]]]}},{"type":"Feature","properties":{"nearestScore":96,"avg5Score":91.4,"nearestDist":0.069,"reachMin":0.8,"walkMin":0.8,"bikeMin":0.3,"driveMin":0.1},"geometry":{"type":"Polygon","coordinates":[[[-118.09999999999981,34.04999999999998],[-118.0749999999998,34.04999999999998],[-118.0749999999998,34.07499999999998],[-118.09999999999981,34.07499999999998],[-118.09999999999981,34.04999999999998]]]}},{"type":"Feature","properties":{"nearestScore":93,"avg5Score":91.8,"nearestDist":0.019,"reachMin":0.2,"walkMin":0.2,"bikeMin":0.1,"driveMin":0.0},"geometry":{"type":"Polygon","coordinates":[[[-118.0749999999998,34.04999999999998],[-118.0499999999998,34.04999999999998],[-118.0499999999998,34.07499999999998],[-118.0749999999998,34.07499999999998],[-118.0749999999998,34.04999999999998]]]}},{"type":"Feature","properties":{"nearestScore":94,"avg5Score":96.0,"nearestDist":0.031,"reachMin":0.4,"walkMin":0.4,"bikeMin":0.1,"driveMin":0.0},"geometry":{"type":"Polygon","coordinates":[[[-118.0499999999998,34.04999999999998],[-118.02499999999979,34.04999999999998],[-118.02499999999979,34.07499999999998],[-118.0499999999998,34.07499999999998],[-118.0499999999998,34.04999999999998]]]}},{"type":"Feature","properties":{"nearestScore":99,"avg5Score":93.6,"nearestDist":0.304,"reachMin":3.6,"walkMin":3.6,"bikeMin":1.2,"driveMin":0.5},"geometry":{"type":"Polygon","coordinates":[[[-118.02499999999979,34.04999999999998],[-117.99999999999979,34.04999999999998],[-117.99999999999979,34.07499999999998],[-118.02499999999979,34.07499999999998],[-118.02499999999979,34.04999999999998]]]}},{"type":"Feature","properties":{"nearestScore":98,"avg5Score":95.6,"nearestDist":0.187,"reachMin":2.2,"walkMin":2.2,"bikeMin":0.7,"driveMin":0.3},"geometry":{"type":"Polygon","coordinates":[[[-117.99999999999979,34.04999999999998],[-117.97499999999978,34.04999999999998],[-117.97499999999978,34.07499999999998],[-117.99999999999979,34.07499999999998],[-117.99999999999979,34.04999999999998]]]}},{"type":"Feature","properties":{"nearestScore":90,"avg5Score":91.4,"nearestDist":0.284,"reachMin":3.4,"walkMin":3.4,"bikeMin":1.1,"driveMin":0.4},"geometry":{"type":"Polygon","coordinates":[[[-117.97499999999978,34.04999999999998],[-117.94999999999978,34.04999999999998],[-117.94999999999978,34.07499999999998],[-117.97499999999978,34.07499999999998],[-117.97499999999978,34.04999999999998]]]}},{"type":"Feature","properties":{"nearestScore":96,"avg5Score":92.2,"nearestDist":0.463,"reachMin":5.6,"walkMin":5.6,"bikeMin":1.9,"driveMin":0.7},"geometry":{"type":"Polygon","coordinates":[[[-117.94999999999978,34.04999999999998],[-117.92499999999977,34.04999999999998],[-117.92499999999977,34.07499999999998],[-117.94999999999978,34.07499999999998],[-117.94999999999978,34.04999999999998]]]}},{"type":"Feature","properties":{"nearestScore":99,"avg5Score":93.0,"nearestDist":1.066,"reachMin":12.8,"walkMin":12.8,"bikeMin":4.3,"driveMin":1.6},"geometry":{"type":"Polygon","coordinates":[[[-117.92499999999977,34.04999999999998],[-117.89999999999976,34.04999999999998],[-117.89999999999976,34.07499999999998],[-117.92499999999977,34.07499999999998],[-117.92499999999977,34.04999999999998]]]}},{"type":"Feature","properties":{"nearestScore":95,"avg5Score":94.8,"nearestDist":0.809,"reachMin":9.7,"walkMin":9.7,"bikeMin":3.2,"driveMin":1.2},"geometry":{"type":"Polygon","coordinates":[[[-117.89999999999976,34.04999999999998],[-117.87499999999976,34.04999999999998],[-117.87499999999976,34.07499999999998],[-117.89999999999976,34.07499999999998],[-117.89999999999976,34.04999999999998]]]}},{"type":"Feature","properties":{"nearestScore":96,"avg5Score":93.8,"nearestDist":0.95,"reachMin":11.4,"walkMin":11.4,"bikeMin":3.8,"driveMin":1.4},"geometry":{"type":"Polygon","coordinates":[[[-117.87499999999976,34.04999999999998],[-117.84999999999975,34.04999999999998],[-117.84999999999975,34.07499999999998],[-117.87499999999976,34.07499999999998],[-117.87499999999976,34.04999999999998]]]}},{"type":"Feature","properties":{"nearestScore":97,"avg5Score":94.4,"nearestDist":1.426,"reachMin":17.1,"walkMin":17.1,"bikeMin":5.7,"driveMin":2.1},"geometry":{"type":"Polygon","coordinates":[[[-117.84999999999975,34.04999999999998],[-117.82499999999975,34.04999999999998],[-117.82499999999975,34.07499999999998],[-117.84999999999975,34.07499999999998],[-117.84999999999975,34.04999999999998]]]}},{"type":"Feature","properties":{"nearestScore":95,"avg5Score":95.8,"nearestDist":1.313,"reachMin":15.8,"walkMin":15.8,"bikeMin":5.3,"driveMin":2.0},"geometry":{"type":"Polygon","coordinates":[[[-117.82499999999975,34.04999999999998],[-117.79999999999974,34.04999999999998],[-117.79999999999974,34.07499999999998],[-117.82499999999975,34.07499999999998],[-117.82499999999975,34.04999999999998]]]}},{"type":"Feature","properties":{"nearestScore":96,"avg5Score":96.2,"nearestDist":0.01,"reachMin":0.1,"walkMin":0.1,"bikeMin":0.0,"driveMin":0.0},"geometry":{"type":"Polygon","coordinates":[[[-117.79999999999974,34.04999999999998],[-117.77499999999974,34.04999999999998],[-117.77499999999974,34.07499999999998],[-117.79999999999974,34.07499999999998],[-117.79999999999974,34.04999999999998]]]}},{"type":"Feature","properties":{"nearestScore":95,"avg5Score":95.2,"nearestDist":0.068,"reachMin":0.8,"walkMin":0.8,"bikeMin":0.3,"driveMin":0.1},"geometry":{"type":"Polygon","coordinates":[[[-117.77499999999974,34.04999999999998],[-117.74999999999973,34.04999999999998],[-117.74999999999973,34.07499999999998],[-117.77499999999974,34.07499999999998],[-117.77499999999974,34.04999999999998]]]}},{"type":"Feature","properties":{"nearestScore":90,"avg5Score":93.6,"nearestDist":0.074,"reachMin":0.9,"walkMin":0.9,"bikeMin":0.3,"driveMin":0.1},"geometry":{"type":"Polygon","coordinates":[[[-117.74999999999973,34.04999999999998],[-117.72499999999972,34.04999999999998],[-117.72499999999972,34.07499999999998],[-117.74999999999973,34.07499999999998],[-117.74999999999973,34.04999999999998]]]}},{"type":"Feature","properties":{"nearestScore":92,"avg5Score":95.4,"nearestDist":0.657,"reachMin":7.9,"walkMin":7.9,"bikeMin":2.6,"driveMin":1.0},"geometry":{"type":"Polygon","coordinates":[[[-117.72499999999972,34.04999999999998],[-117.69999999999972,34.04999999999998],[-117.69999999999972,34.07499999999998],[-117.72499999999972,34.07499999999998],[-117.72499999999972,34.04999999999998]]]}},{"type":"Feature","properties":{"nearestScore":92,"avg5Score":96.6,"nearestDist":2.924,"reachMin":35.1,"walkMin":35.1,"bikeMin":11.7,"driveMin":4.4},"geometry":{"type":"Polygon","coordinates":[[[-117.69999999999972,34.04999999999998],[-117.67499999999971,34.04999999999998],[-117.67499999999971,34.07499999999998],[-117.69999999999972,34.07499999999998],[-117.69999999999972,34.04999999999998]]]}},{"type":"Feature","properties":{"nearestScore":92,"avg5Score":96.6,"nearestDist":5.223,"reachMin":62.7,"walkMin":62.7,"bikeMin":20.9,"driveMin":7.8},"geometry":{"type":"Polygon","coordinates":[[[-117.67499999999971,34.04999999999998],[-117.64999999999971,34.04999999999998],[-117.64999999999971,34.07499999999998],[-117.67499999999971,34.07499999999998],[-117.67499999999971,34.04999999999998]]]}},{"type":"Feature","properties":{"nearestScore":98,"avg5Score":92.4,"nearestDist":5.426,"reachMin":65.1,"walkMin":65.1,"bikeMin":21.7,"driveMin":8.1},"geometry":{"type":"Polygon","coordinates":[[[-118.95,34.07499999999998],[-118.925,34.07499999999998],[-118.925,34.09999999999998],[-118.95,34.09999999999998],[-118.95,34.07499999999998]]]}},{"type":"Feature","properties":{"nearestScore":98,"avg5Score":93.8,"nearestDist":4.858,"reachMin":58.3,"walkMin":58.3,"bikeMin":19.4,"driveMin":7.3},"geometry":{"type":"Polygon","coordinates":[[[-118.925,34.07499999999998],[-118.89999999999999,34.07499999999998],[-118.89999999999999,34.09999999999998],[-118.925,34.09999999999998],[-118.925,34.07499999999998]]]}},{"type":"Feature","properties":{"nearestScore":98,"avg5Score":93.8,"nearestDist":5.326,"reachMin":63.9,"walkMin":63.9,"bikeMin":21.3,"driveMin":8.0},"geometry":{"type":"Polygon","coordinates":[[[-118.89999999999999,34.07499999999998],[-118.87499999999999,34.07499999999998],[-118.87499999999999,34.09999999999998],[-118.89999999999999,34.09999999999998],[-118.89999999999999,34.07499999999998]]]}},{"type":"Feature","properties":{"nearestScore":97,"avg5Score":95.8,"nearestDist":4.26,"reachMin":51.1,"walkMin":51.1,"bikeMin":17.0,"driveMin":6.4},"geometry":{"type":"Polygon","coordinates":[[[-118.87499999999999,34.07499999999998],[-118.84999999999998,34.07499999999998],[-118.84999999999998,34.09999999999998],[-118.87499999999999,34.09999999999998],[-118.87499999999999,34.07499999999998]]]}},{"type":"Feature","properties":{"nearestScore":97,"avg5Score":95.4,"nearestDist":1.988,"reachMin":23.9,"walkMin":23.9,"bikeMin":8.0,"driveMin":3.0},"geometry":{"type":"Polygon","coordinates":[[[-118.84999999999998,34.07499999999998],[-118.82499999999997,34.07499999999998],[-118.82499999999997,34.09999999999998],[-118.84999999999998,34.09999999999998],[-118.84999999999998,34.07499999999998]]]}},{"type":"Feature","properties":{"nearestScore":97,"avg5Score":95.4,"nearestDist":0.599,"reachMin":7.2,"walkMin":7.2,"bikeMin":2.4,"driveMin":0.9},"geometry":{"type":"Polygon","coordinates":[[[-118.82499999999997,34.07499999999998],[-118.79999999999997,34.07499999999998],[-118.79999999999997,34.09999999999998],[-118.82499999999997,34.09999999999998],[-118.82499999999997,34.07499999999998]]]}},{"type":"Feature","properties":{"nearestScore":96,"avg5Score":95.4,"nearestDist":2.471,"reachMin":29.7,"walkMin":29.7,"bikeMin":9.9,"driveMin":3.7},"geometry":{"type":"Polygon","coordinates":[[[-118.79999999999997,34.07499999999998],[-118.77499999999996,34.07499999999998],[-118.77499999999996,34.09999999999998],[-118.79999999999997,34.09999999999998],[-118.79999999999997,34.07499999999998]]]}},{"type":"Feature","properties":{"nearestScore":94,"avg5Score":95.8,"nearestDist":3.321,"reachMin":39.9,"walkMin":39.9,"bikeMin":13.3,"driveMin":5.0},"geometry":{"type":"Polygon","coordinates":[[[-118.77499999999996,34.07499999999998],[-118.74999999999996,34.07499999999998],[-118.74999999999996,34.09999999999998],[-118.77499999999996,34.09999999999998],[-118.77499999999996,34.07499999999998]]]}},{"type":"Feature","properties":{"nearestScore":96,"avg5Score":93.6,"nearestDist":2.601,"reachMin":31.2,"walkMin":31.2,"bikeMin":10.4,"driveMin":3.9},"geometry":{"type":"Polygon","coordinates":[[[-118.74999999999996,34.07499999999998],[-118.72499999999995,34.07499999999998],[-118.72499999999995,34.09999999999998],[-118.74999999999996,34.09999999999998],[-118.74999999999996,34.07499999999998]]]}},{"type":"Feature","properties":{"nearestScore":96,"avg5Score":94.6,"nearestDist":0.374,"reachMin":4.5,"walkMin":4.5,"bikeMin":1.5,"driveMin":0.6},"geometry":{"type":"Polygon","coordinates":[[[-118.72499999999995,34.07499999999998],[-118.69999999999995,34.07499999999998],[-118.69999999999995,34.09999999999998],[-118.72499999999995,34.09999999999998],[-118.72499999999995,34.07499999999998]]]}},{"type":"Feature","properties":{"nearestScore":86,"avg5Score":94.4,"nearestDist":1.18,"reachMin":14.2,"walkMin":14.2,"bikeMin":4.7,"driveMin":1.8},"geometry":{"type":"Polygon","coordinates":[[[-118.69999999999995,34.07499999999998],[-118.67499999999994,34.07499999999998],[-118.67499999999994,34.09999999999998],[-118.69999999999995,34.09999999999998],[-118.69999999999995,34.07499999999998]]]}},{"type":"Feature","properties":{"nearestScore":86,"avg5Score":92.4,"nearestDist":3.015,"reachMin":36.2,"walkMin":36.2,"bikeMin":12.1,"driveMin":4.5},"geometry":{"type":"Polygon","coordinates":[[[-118.67499999999994,34.07499999999998],[-118.64999999999993,34.07499999999998],[-118.64999999999993,34.09999999999998],[-118.67499999999994,34.09999999999998],[-118.67499999999994,34.07499999999998]]]}},{"type":"Feature","properties":{"nearestScore":92,"avg5Score":95.2,"nearestDist":3.012,"reachMin":36.1,"walkMin":36.1,"bikeMin":12.0,"driveMin":4.5},"geometry":{"type":"Polygon","coordinates":[[[-118.64999999999993,34.07499999999998],[-118.62499999999993,34.07499999999998],[-118.62499999999993,34.09999999999998],[-118.64999999999993,34.09999999999998],[-118.64999999999993,34.07499999999998]]]}},{"type":"Feature","properties":{"nearestScore":92,"avg5Score":95.2,"nearestDist":0.755,"reachMin":9.1,"walkMin":9.1,"bikeMin":3.0,"driveMin":1.1},"geometry":{"type":"Polygon","coordinates":[[[-118.62499999999993,34.07499999999998],[-118.59999999999992,34.07499999999998],[-118.59999999999992,34.09999999999998],[-118.62499999999993,34.09999999999998],[-118.62499999999993,34.07499999999998]]]}},{"type":"Feature","properties":{"nearestScore":100,"avg5Score":96.8,"nearestDist":0.392,"reachMin":4.7,"walkMin":4.7,"bikeMin":1.6,"driveMin":0.6},"geometry":{"type":"Polygon","coordinates":[[[-118.59999999999992,34.07499999999998],[-118.57499999999992,34.07499999999998],[-118.57499999999992,34.09999999999998],[-118.59999999999992,34.09999999999998],[-118.59999999999992,34.07499999999998]]]}},{"type":"Feature","properties":{"nearestScore":100,"avg5Score":96.8,"nearestDist":2.622,"reachMin":31.5,"walkMin":31.5,"bikeMin":10.5,"driveMin":3.9},"geometry":{"type":"Polygon","coordinates":[[[-118.57499999999992,34.07499999999998],[-118.54999999999991,34.07499999999998],[-118.54999999999991,34.09999999999998],[-118.57499999999992,34.09999999999998],[-118.57499999999992,34.07499999999998]]]}},{"type":"Feature","properties":{"nearestScore":92,"avg5Score":92.8,"nearestDist":4.419,"reachMin":53.0,"walkMin":53.0,"bikeMin":17.7,"driveMin":6.6},"geometry":{"type":"Polygon","coordinates":[[[-118.54999999999991,34.07499999999998],[-118.5249999999999,34.07499999999998],[-118.5249999999999,34.09999999999998],[-118.54999999999991,34.09999999999998],[-118.54999999999991,34.07499999999998]]]}},{"type":"Feature","properties":{"nearestScore":93,"avg5Score":95.8,"nearestDist":3.387,"reachMin":40.6,"walkMin":40.6,"bikeMin":13.5,"driveMin":5.1},"geometry":{"type":"Polygon","coordinates":[[[-118.5249999999999,34.07499999999998],[-118.4999999999999,34.07499999999998],[-118.4999999999999,34.09999999999998],[-118.5249999999999,34.09999999999998],[-118.5249999999999,34.07499999999998]]]}},{"type":"Feature","properties":{"nearestScore":93,"avg5Score":95.4,"nearestDist":1.159,"reachMin":13.9,"walkMin":13.9,"bikeMin":4.6,"driveMin":1.7},"geometry":{"type":"Polygon","coordinates":[[[-118.4999999999999,34.07499999999998],[-118.4749999999999,34.07499999999998],[-118.4749999999999,34.09999999999998],[-118.4999999999999,34.09999999999998],[-118.4999999999999,34.07499999999998]]]}},{"type":"Feature","properties":{"nearestScore":95,"avg5Score":94.0,"nearestDist":1.31,"reachMin":15.7,"walkMin":15.7,"bikeMin":5.2,"driveMin":2.0},"geometry":{"type":"Polygon","coordinates":[[[-118.4749999999999,34.07499999999998],[-118.44999999999989,34.07499999999998],[-118.44999999999989,34.09999999999998],[-118.4749999999999,34.09999999999998],[-118.4749999999999,34.07499999999998]]]}},{"type":"Feature","properties":{"nearestScore":98,"avg5Score":94.4,"nearestDist":0.73,"reachMin":8.8,"walkMin":8.8,"bikeMin":2.9,"driveMin":1.1},"geometry":{"type":"Polygon","coordinates":[[[-118.44999999999989,34.07499999999998],[-118.42499999999988,34.07499999999998],[-118.42499999999988,34.09999999999998],[-118.44999999999989,34.09999999999998],[-118.44999999999989,34.07499999999998]]]}},{"type":"Feature","properties":{"nearestScore":96,"avg5Score":95.2,"nearestDist":0.72,"reachMin":8.6,"walkMin":8.6,"bikeMin":2.9,"driveMin":1.1},"geometry":{"type":"Polygon","coordinates":[[[-118.42499999999988,34.07499999999998],[-118.39999999999988,34.07499999999998],[-118.39999999999988,34.09999999999998],[-118.42499999999988,34.09999999999998],[-118.42499999999988,34.07499999999998]]]}},{"type":"Feature","properties":{"nearestScore":82,"avg5Score":93.0,"nearestDist":0.02,"reachMin":0.2,"walkMin":0.2,"bikeMin":0.1,"driveMin":0.0},"geometry":{"type":"Polygon","coordinates":[[[-118.39999999999988,34.07499999999998],[-118.37499999999987,34.07499999999998],[-118.37499999999987,34.09999999999998],[-118.39999999999988,34.09999999999998],[-118.39999999999988,34.07499999999998]]]}},{"type":"Feature","properties":{"nearestScore":91,"avg5Score":92.0,"nearestDist":0.095,"reachMin":1.1,"walkMin":1.1,"bikeMin":0.4,"driveMin":0.1},"geometry":{"type":"Polygon","coordinates":[[[-118.37499999999987,34.07499999999998],[-118.34999999999987,34.07499999999998],[-118.34999999999987,34.09999999999998],[-118.37499999999987,34.09999999999998],[-118.37499999999987,34.07499999999998]]]}},{"type":"Feature","properties":{"nearestScore":99,"avg5Score":94.4,"nearestDist":0.167,"reachMin":2.0,"walkMin":2.0,"bikeMin":0.7,"driveMin":0.3},"geometry":{"type":"Polygon","coordinates":[[[-118.34999999999987,34.07499999999998],[-118.32499999999986,34.07499999999998],[-118.32499999999986,34.09999999999998],[-118.34999999999987,34.09999999999998],[-118.34999999999987,34.07499999999998]]]}},{"type":"Feature","properties":{"nearestScore":92,"avg5Score":95.0,"nearestDist":0.313,"reachMin":3.8,"walkMin":3.8,"bikeMin":1.3,"driveMin":0.5},"geometry":{"type":"Polygon","coordinates":[[[-118.32499999999986,34.07499999999998],[-118.29999999999986,34.07499999999998],[-118.29999999999986,34.09999999999998],[-118.32499999999986,34.09999999999998],[-118.32499999999986,34.07499999999998]]]}},{"type":"Feature","properties":{"nearestScore":98,"avg5Score":96.0,"nearestDist":0.071,"reachMin":0.9,"walkMin":0.9,"bikeMin":0.3,"driveMin":0.1},"geometry":{"type":"Polygon","coordinates":[[[-118.29999999999986,34.07499999999998],[-118.27499999999985,34.07499999999998],[-118.27499999999985,34.09999999999998],[-118.29999999999986,34.09999999999998],[-118.29999999999986,34.07499999999998]]]}},{"type":"Feature","properties":{"nearestScore":97,"avg5Score":96.0,"nearestDist":0.276,"reachMin":3.3,"walkMin":3.3,"bikeMin":1.1,"driveMin":0.4},"geometry":{"type":"Polygon","coordinates":[[[-118.27499999999985,34.07499999999998],[-118.24999999999984,34.07499999999998],[-118.24999999999984,34.09999999999998],[-118.27499999999985,34.09999999999998],[-118.27499999999985,34.07499999999998]]]}},{"type":"Feature","properties":{"nearestScore":98,"avg5Score":96.0,"nearestDist":0.655,"reachMin":7.9,"walkMin":7.9,"bikeMin":2.6,"driveMin":1.0},"geometry":{"type":"Polygon","coordinates":[[[-118.24999999999984,34.07499999999998],[-118.22499999999984,34.07499999999998],[-118.22499999999984,34.09999999999998],[-118.24999999999984,34.09999999999998],[-118.24999999999984,34.07499999999998]]]}},{"type":"Feature","properties":{"nearestScore":95,"avg5Score":94.2,"nearestDist":0.268,"reachMin":3.2,"walkMin":3.2,"bikeMin":1.1,"driveMin":0.4},"geometry":{"type":"Polygon","coordinates":[[[-118.22499999999984,34.07499999999998],[-118.19999999999983,34.07499999999998],[-118.19999999999983,34.09999999999998],[-118.22499999999984,34.09999999999998],[-118.22499999999984,34.07499999999998]]]}},{"type":"Feature","properties":{"nearestScore":91,"avg5Score":91.0,"nearestDist":0.131,"reachMin":1.6,"walkMin":1.6,"bikeMin":0.5,"driveMin":0.2},"geometry":{"type":"Polygon","coordinates":[[[-118.19999999999983,34.07499999999998],[-118.17499999999983,34.07499999999998],[-118.17499999999983,34.09999999999998],[-118.19999999999983,34.09999999999998],[-118.19999999999983,34.07499999999998]]]}},{"type":"Feature","properties":{"nearestScore":92,"avg5Score":93.6,"nearestDist":0.734,"reachMin":8.8,"walkMin":8.8,"bikeMin":2.9,"driveMin":1.1},"geometry":{"type":"Polygon","coordinates":[[[-118.17499999999983,34.07499999999998],[-118.14999999999982,34.07499999999998],[-118.14999999999982,34.09999999999998],[-118.17499999999983,34.09999999999998],[-118.17499999999983,34.07499999999998]]]}},{"type":"Feature","properties":{"nearestScore":96,"avg5Score":91.6,"nearestDist":0.261,"reachMin":3.1,"walkMin":3.1,"bikeMin":1.0,"driveMin":0.4},"geometry":{"type":"Polygon","coordinates":[[[-118.14999999999982,34.07499999999998],[-118.12499999999982,34.07499999999998],[-118.12499999999982,34.09999999999998],[-118.14999999999982,34.09999999999998],[-118.14999999999982,34.07499999999998]]]}},{"type":"Feature","properties":{"nearestScore":98,"avg5Score":95.8,"nearestDist":0.444,"reachMin":5.3,"walkMin":5.3,"bikeMin":1.8,"driveMin":0.7},"geometry":{"type":"Polygon","coordinates":[[[-118.12499999999982,34.07499999999998],[-118.09999999999981,34.07499999999998],[-118.09999999999981,34.09999999999998],[-118.12499999999982,34.09999999999998],[-118.12499999999982,34.07499999999998]]]}},{"type":"Feature","properties":{"nearestScore":97,"avg5Score":97.0,"nearestDist":0.3,"reachMin":3.6,"walkMin":3.6,"bikeMin":1.2,"driveMin":0.4},"geometry":{"type":"Polygon","coordinates":[[[-118.09999999999981,34.07499999999998],[-118.0749999999998,34.07499999999998],[-118.0749999999998,34.09999999999998],[-118.09999999999981,34.09999999999998],[-118.09999999999981,34.07499999999998]]]}},{"type":"Feature","properties":{"nearestScore":90,"avg5Score":95.2,"nearestDist":0.128,"reachMin":1.5,"walkMin":1.5,"bikeMin":0.5,"driveMin":0.2},"geometry":{"type":"Polygon","coordinates":[[[-118.0749999999998,34.07499999999998],[-118.0499999999998,34.07499999999998],[-118.0499999999998,34.09999999999998],[-118.0749999999998,34.09999999999998],[-118.0749999999998,34.07499999999998]]]}},{"type":"Feature","properties":{"nearestScore":82,"avg5Score":90.2,"nearestDist":0.526,"reachMin":6.3,"walkMin":6.3,"bikeMin":2.1,"driveMin":0.8},"geometry":{"type":"Polygon","coordinates":[[[-118.0499999999998,34.07499999999998],[-118.02499999999979,34.07499999999998],[-118.02499999999979,34.09999999999998],[-118.0499999999998,34.09999999999998],[-118.0499999999998,34.07499999999998]]]}},{"type":"Feature","properties":{"nearestScore":96,"avg5Score":95.2,"nearestDist":0.325,"reachMin":3.9,"walkMin":3.9,"bikeMin":1.3,"driveMin":0.5},"geometry":{"type":"Polygon","coordinates":[[[-118.02499999999979,34.07499999999998],[-117.99999999999979,34.07499999999998],[-117.99999999999979,34.09999999999998],[-118.02499999999979,34.09999999999998],[-118.02499999999979,34.07499999999998]]]}},{"type":"Feature","properties":{"nearestScore":90,"avg5Score":90.0,"nearestDist":0.836,"reachMin":10.0,"walkMin":10.0,"bikeMin":3.3,"driveMin":1.3},"geometry":{"type":"Polygon","coordinates":[[[-117.99999999999979,34.07499999999998],[-117.97499999999978,34.07499999999998],[-117.97499999999978,34.09999999999998],[-117.99999999999979,34.09999999999998],[-117.99999999999979,34.07499999999998]]]}},{"type":"Feature","properties":{"nearestScore":98,"avg5Score":92.6,"nearestDist":0.17,"reachMin":2.0,"walkMin":2.0,"bikeMin":0.7,"driveMin":0.3},"geometry":{"type":"Polygon","coordinates":[[[-117.97499999999978,34.07499999999998],[-117.94999999999978,34.07499999999998],[-117.94999999999978,34.09999999999998],[-117.97499999999978,34.09999999999998],[-117.97499999999978,34.07499999999998]]]}},{"type":"Feature","properties":{"nearestScore":93,"avg5Score":86.2,"nearestDist":0.441,"reachMin":5.3,"walkMin":5.3,"bikeMin":1.8,"driveMin":0.7},"geometry":{"type":"Polygon","coordinates":[[[-117.94999999999978,34.07499999999998],[-117.92499999999977,34.07499999999998],[-117.92499999999977,34.09999999999998],[-117.94999999999978,34.09999999999998],[-117.94999999999978,34.07499999999998]]]}},{"type":"Feature","properties":{"nearestScore":93,"avg5Score":93.6,"nearestDist":0.231,"reachMin":2.8,"walkMin":2.8,"bikeMin":0.9,"driveMin":0.3},"geometry":{"type":"Polygon","coordinates":[[[-117.92499999999977,34.07499999999998],[-117.89999999999976,34.07499999999998],[-117.89999999999976,34.09999999999998],[-117.92499999999977,34.09999999999998],[-117.92499999999977,34.07499999999998]]]}},{"type":"Feature","properties":{"nearestScore":98,"avg5Score":93.4,"nearestDist":0.085,"reachMin":1.0,"walkMin":1.0,"bikeMin":0.3,"driveMin":0.1},"geometry":{"type":"Polygon","coordinates":[[[-117.89999999999976,34.07499999999998],[-117.87499999999976,34.07499999999998],[-117.87499999999976,34.09999999999998],[-117.89999999999976,34.09999999999998],[-117.89999999999976,34.07499999999998]]]}},{"type":"Feature","properties":{"nearestScore":99,"avg5Score":94.6,"nearestDist":0.777,"reachMin":9.3,"walkMin":9.3,"bikeMin":3.1,"driveMin":1.2},"geometry":{"type":"Polygon","coordinates":[[[-117.87499999999976,34.07499999999998],[-117.84999999999975,34.07499999999998],[-117.84999999999975,34.09999999999998],[-117.87499999999976,34.09999999999998],[-117.87499999999976,34.07499999999998]]]}},{"type":"Feature","properties":{"nearestScore":92,"avg5Score":94.0,"nearestDist":0.784,"reachMin":9.4,"walkMin":9.4,"bikeMin":3.1,"driveMin":1.2},"geometry":{"type":"Polygon","coordinates":[[[-117.84999999999975,34.07499999999998],[-117.82499999999975,34.07499999999998],[-117.82499999999975,34.09999999999998],[-117.84999999999975,34.09999999999998],[-117.84999999999975,34.07499999999998]]]}},{"type":"Feature","properties":{"nearestScore":99,"avg5Score":96.6,"nearestDist":0.747,"reachMin":9.0,"walkMin":9.0,"bikeMin":3.0,"driveMin":1.1},"geometry":{"type":"Polygon","coordinates":[[[-117.82499999999975,34.07499999999998],[-117.79999999999974,34.07499999999998],[-117.79999999999974,34.09999999999998],[-117.82499999999975,34.09999999999998],[-117.82499999999975,34.07499999999998]]]}},{"type":"Feature","properties":{"nearestScore":91,"avg5Score":93.6,"nearestDist":0.678,"reachMin":8.1,"walkMin":8.1,"bikeMin":2.7,"driveMin":1.0},"geometry":{"type":"Polygon","coordinates":[[[-117.79999999999974,34.07499999999998],[-117.77499999999974,34.07499999999998],[-117.77499999999974,34.09999999999998],[-117.79999999999974,34.09999999999998],[-117.79999999999974,34.07499999999998]]]}},{"type":"Feature","properties":{"nearestScore":95,"avg5Score":94.6,"nearestDist":0.095,"reachMin":1.1,"walkMin":1.1,"bikeMin":0.4,"driveMin":0.1},"geometry":{"type":"Polygon","coordinates":[[[-117.77499999999974,34.07499999999998],[-117.74999999999973,34.07499999999998],[-117.74999999999973,34.09999999999998],[-117.77499999999974,34.09999999999998],[-117.77499999999974,34.07499999999998]]]}},{"type":"Feature","properties":{"nearestScore":81,"avg5Score":92.4,"nearestDist":0.276,"reachMin":3.3,"walkMin":3.3,"bikeMin":1.1,"driveMin":0.4},"geometry":{"type":"Polygon","coordinates":[[[-117.74999999999973,34.07499999999998],[-117.72499999999972,34.07499999999998],[-117.72499999999972,34.09999999999998],[-117.74999999999973,34.09999999999998],[-117.74999999999973,34.07499999999998]]]}},{"type":"Feature","properties":{"nearestScore":99,"avg5Score":88.0,"nearestDist":0.213,"reachMin":2.6,"walkMin":2.6,"bikeMin":0.9,"driveMin":0.3},"geometry":{"type":"Polygon","coordinates":[[[-117.72499999999972,34.07499999999998],[-117.69999999999972,34.07499999999998],[-117.69999999999972,34.09999999999998],[-117.72499999999972,34.09999999999998],[-117.72499999999972,34.07499999999998]]]}},{"type":"Feature","properties":{"nearestScore":99,"avg5Score":98.0,"nearestDist":2.377,"reachMin":28.5,"walkMin":28.5,"bikeMin":9.5,"driveMin":3.6},"geometry":{"type":"Polygon","coordinates":[[[-117.69999999999972,34.07499999999998],[-117.67499999999971,34.07499999999998],[-117.67499999999971,34.09999999999998],[-117.69999999999972,34.09999999999998],[-117.69999999999972,34.07499999999998]]]}},{"type":"Feature","properties":{"nearestScore":99,"avg5Score":95.0,"nearestDist":4.255,"reachMin":51.1,"walkMin":51.1,"bikeMin":17.0,"driveMin":6.4},"geometry":{"type":"Polygon","coordinates":[[[-117.67499999999971,34.07499999999998],[-117.64999999999971,34.07499999999998],[-117.64999999999971,34.09999999999998],[-117.67499999999971,34.09999999999998],[-117.67499999999971,34.07499999999998]]]}},{"type":"Feature","properties":{"nearestScore":98,"avg5Score":96.4,"nearestDist":8.01,"reachMin":96.1,"walkMin":96.1,"bikeMin":32.0,"driveMin":12.0},"geometry":{"type":"Polygon","coordinates":[[[-118.95,34.09999999999998],[-118.925,34.09999999999998],[-118.925,34.12499999999998],[-118.95,34.12499999999998],[-118.95,34.09999999999998]]]}},{"type":"Feature","properties":{"nearestScore":98,"avg5Score":96.4,"nearestDist":7.637,"reachMin":91.6,"walkMin":91.6,"bikeMin":30.5,"driveMin":11.5},"geometry":{"type":"Polygon","coordinates":[[[-118.925,34.09999999999998],[-118.89999999999999,34.09999999999998],[-118.89999999999999,34.12499999999998],[-118.925,34.12499999999998],[-118.925,34.09999999999998]]]}},{"type":"Feature","properties":{"nearestScore":100,"avg5Score":96.2,"nearestDist":6.269,"reachMin":75.2,"walkMin":75.2,"bikeMin":25.1,"driveMin":9.4},"geometry":{"type":"Polygon","coordinates":[[[-118.89999999999999,34.09999999999998],[-118.87499999999999,34.09999999999998],[-118.87499999999999,34.12499999999998],[-118.89999999999999,34.12499999999998],[-118.89999999999999,34.09999999999998]]]}},{"type":"Feature","properties":{"nearestScore":100,"avg5Score":96.2,"nearestDist":4.215,"reachMin":50.6,"walkMin":50.6,"bikeMin":16.9,"driveMin":6.3},"geometry":{"type":"Polygon","coordinates":[[[-118.87499999999999,34.09999999999998],[-118.84999999999998,34.09999999999998],[-118.84999999999998,34.12499999999998],[-118.87499999999999,34.12499999999998],[-118.87499999999999,34.09999999999998]]]}},{"type":"Feature","properties":{"nearestScore":100,"avg5Score":96.2,"nearestDist":2.611,"reachMin":31.3,"walkMin":31.3,"bikeMin":10.4,"driveMin":3.9},"geometry":{"type":"Polygon","coordinates":[[[-118.84999999999998,34.09999999999998],[-118.82499999999997,34.09999999999998],[-118.82499999999997,34.12499999999998],[-118.84999999999998,34.12499999999998],[-118.84999999999998,34.09999999999998]]]}},{"type":"Feature","properties":{"nearestScore":96,"avg5Score":95.4,"nearestDist":2.255,"reachMin":27.1,"walkMin":27.1,"bikeMin":9.0,"driveMin":3.4},"geometry":{"type":"Polygon","coordinates":[[[-118.82499999999997,34.09999999999998],[-118.79999999999997,34.09999999999998],[-118.79999999999997,34.12499999999998],[-118.82499999999997,34.12499999999998],[-118.82499999999997,34.09999999999998]]]}},{"type":"Feature","properties":{"nearestScore":96,"avg5Score":94.8,"nearestDist":0.317,"reachMin":3.8,"walkMin":3.8,"bikeMin":1.3,"driveMin":0.5},"geometry":{"type":"Polygon","coordinates":[[[-118.79999999999997,34.09999999999998],[-118.77499999999996,34.09999999999998],[-118.77499999999996,34.12499999999998],[-118.79999999999997,34.12499999999998],[-118.79999999999997,34.09999999999998]]]}},{"type":"Feature","properties":{"nearestScore":94,"avg5Score":94.6,"nearestDist":1.467,"reachMin":17.6,"walkMin":17.6,"bikeMin":5.9,"driveMin":2.2},"geometry":{"type":"Polygon","coordinates":[[[-118.77499999999996,34.09999999999998],[-118.74999999999996,34.09999999999998],[-118.74999999999996,34.12499999999998],[-118.77499999999996,34.12499999999998],[-118.77499999999996,34.09999999999998]]]}},{"type":"Feature","properties":{"nearestScore":90,"avg5Score":93.8,"nearestDist":3.419,"reachMin":41.0,"walkMin":41.0,"bikeMin":13.7,"driveMin":5.1},"geometry":{"type":"Polygon","coordinates":[[[-118.74999999999996,34.09999999999998],[-118.72499999999995,34.09999999999998],[-118.72499999999995,34.12499999999998],[-118.74999999999996,34.12499999999998],[-118.74999999999996,34.09999999999998]]]}},{"type":"Feature","properties":{"nearestScore":96,"avg5Score":93.2,"nearestDist":3.032,"reachMin":36.4,"walkMin":36.4,"bikeMin":12.1,"driveMin":4.5},"geometry":{"type":"Polygon","coordinates":[[[-118.72499999999995,34.09999999999998],[-118.69999999999995,34.09999999999998],[-118.69999999999995,34.12499999999998],[-118.72499999999995,34.12499999999998],[-118.72499999999995,34.09999999999998]]]}},{"type":"Feature","properties":{"nearestScore":92,"avg5Score":91.2,"nearestDist":3.289,"reachMin":39.5,"walkMin":39.5,"bikeMin":13.2,"driveMin":4.9},"geometry":{"type":"Polygon","coordinates":[[[-118.69999999999995,34.09999999999998],[-118.67499999999994,34.09999999999998],[-118.67499999999994,34.12499999999998],[-118.69999999999995,34.12499999999998],[-118.69999999999995,34.09999999999998]]]}},{"type":"Feature","properties":{"nearestScore":91,"avg5Score":93.8,"nearestDist":3.474,"reachMin":41.7,"walkMin":41.7,"bikeMin":13.9,"driveMin":5.2},"geometry":{"type":"Polygon","coordinates":[[[-118.67499999999994,34.09999999999998],[-118.64999999999993,34.09999999999998],[-118.64999999999993,34.12499999999998],[-118.67499999999994,34.12499999999998],[-118.67499999999994,34.09999999999998]]]}},{"type":"Feature","properties":{"nearestScore":92,"avg5Score":93.8,"nearestDist":3.892,"reachMin":46.7,"walkMin":46.7,"bikeMin":15.6,"driveMin":5.8},"geometry":{"type":"Polygon","coordinates":[[[-118.64999999999993,34.09999999999998],[-118.62499999999993,34.09999999999998],[-118.62499999999993,34.12499999999998],[-118.64999999999993,34.12499999999998],[-118.64999999999993,34.09999999999998]]]}},{"type":"Feature","properties":{"nearestScore":94,"avg5Score":93.0,"nearestDist":1.938,"reachMin":23.3,"walkMin":23.3,"bikeMin":7.8,"driveMin":2.9},"geometry":{"type":"Polygon","coordinates":[[[-118.62499999999993,34.09999999999998],[-118.59999999999992,34.09999999999998],[-118.59999999999992,34.12499999999998],[-118.62499999999993,34.12499999999998],[-118.62499999999993,34.09999999999998]]]}},{"type":"Feature","properties":{"nearestScore":94,"avg5Score":94.6,"nearestDist":0.618,"reachMin":7.4,"walkMin":7.4,"bikeMin":2.5,"driveMin":0.9},"geometry":{"type":"Polygon","coordinates":[[[-118.59999999999992,34.09999999999998],[-118.57499999999992,34.09999999999998],[-118.57499999999992,34.12499999999998],[-118.59999999999992,34.12499999999998],[-118.59999999999992,34.09999999999998]]]}},{"type":"Feature","properties":{"nearestScore":94,"avg5Score":96.0,"nearestDist":2.757,"reachMin":33.1,"walkMin":33.1,"bikeMin":11.0,"driveMin":4.1},"geometry":{"type":"Polygon","coordinates":[[[-118.57499999999992,34.09999999999998],[-118.54999999999991,34.09999999999998],[-118.54999999999991,34.12499999999998],[-118.57499999999992,34.12499999999998],[-118.57499999999992,34.09999999999998]]]}},{"type":"Feature","properties":{"nearestScore":99,"avg5Score":95.8,"nearestDist":3.33,"reachMin":40.0,"walkMin":40.0,"bikeMin":13.3,"driveMin":5.0},"geometry":{"type":"Polygon","coordinates":[[[-118.54999999999991,34.09999999999998],[-118.5249999999999,34.09999999999998],[-118.5249999999999,34.12499999999998],[-118.54999999999991,34.12499999999998],[-118.54999999999991,34.09999999999998]]]}},{"type":"Feature","properties":{"nearestScore":99,"avg5Score":97.4,"nearestDist":3.116,"reachMin":37.4,"walkMin":37.4,"bikeMin":12.5,"driveMin":4.7},"geometry":{"type":"Polygon","coordinates":[[[-118.5249999999999,34.09999999999998],[-118.4999999999999,34.09999999999998],[-118.4999999999999,34.12499999999998],[-118.5249999999999,34.12499999999998],[-118.5249999999999,34.09999999999998]]]}},{"type":"Feature","properties":{"nearestScore":99,"avg5Score":97.4,"nearestDist":1.187,"reachMin":14.2,"walkMin":14.2,"bikeMin":4.7,"driveMin":1.8},"geometry":{"type":"Polygon","coordinates":[[[-118.4999999999999,34.09999999999998],[-118.4749999999999,34.09999999999998],[-118.4749999999999,34.12499999999998],[-118.4999999999999,34.12499999999998],[-118.4999999999999,34.09999999999998]]]}},{"type":"Feature","properties":{"nearestScore":80,"avg5Score":94.6,"nearestDist":0.474,"reachMin":5.7,"walkMin":5.7,"bikeMin":1.9,"driveMin":0.7},"geometry":{"type":"Polygon","coordinates":[[[-118.4749999999999,34.09999999999998],[-118.44999999999989,34.09999999999998],[-118.44999999999989,34.12499999999998],[-118.4749999999999,34.12499999999998],[-118.4749999999999,34.09999999999998]]]}},{"type":"Feature","properties":{"nearestScore":96,"avg5Score":95.4,"nearestDist":1.789,"reachMin":21.5,"walkMin":21.5,"bikeMin":7.2,"driveMin":2.7},"geometry":{"type":"Polygon","coordinates":[[[-118.44999999999989,34.09999999999998],[-118.42499999999988,34.09999999999998],[-118.42499999999988,34.12499999999998],[-118.44999999999989,34.12499999999998],[-118.44999999999989,34.09999999999998]]]}},{"type":"Feature","properties":{"nearestScore":95,"avg5Score":94.2,"nearestDist":2.168,"reachMin":26.0,"walkMin":26.0,"bikeMin":8.7,"driveMin":3.3},"geometry":{"type":"Polygon","coordinates":[[[-118.42499999999988,34.09999999999998],[-118.39999999999988,34.09999999999998],[-118.39999999999988,34.12499999999998],[-118.42499999999988,34.12499999999998],[-118.42499999999988,34.09999999999998]]]}},{"type":"Feature","properties":{"nearestScore":95,"avg5Score":94.0,"nearestDist":0.676,"reachMin":8.1,"walkMin":8.1,"bikeMin":2.7,"driveMin":1.0},"geometry":{"type":"Polygon","coordinates":[[[-118.39999999999988,34.09999999999998],[-118.37499999999987,34.09999999999998],[-118.37499999999987,34.12499999999998],[-118.39999999999988,34.12499999999998],[-118.39999999999988,34.09999999999998]]]}},{"type":"Feature","properties":{"nearestScore":90,"avg5Score":94.4,"nearestDist":0.778,"reachMin":9.3,"walkMin":9.3,"bikeMin":3.1,"driveMin":1.2},"geometry":{"type":"Polygon","coordinates":[[[-118.37499999999987,34.09999999999998],[-118.34999999999987,34.09999999999998],[-118.34999999999987,34.12499999999998],[-118.37499999999987,34.12499999999998],[-118.37499999999987,34.09999999999998]]]}},{"type":"Feature","properties":{"nearestScore":97,"avg5Score":95.0,"nearestDist":0.258,"reachMin":3.1,"walkMin":3.1,"bikeMin":1.0,"driveMin":0.4},"geometry":{"type":"Polygon","coordinates":[[[-118.34999999999987,34.09999999999998],[-118.32499999999986,34.09999999999998],[-118.32499999999986,34.12499999999998],[-118.34999999999987,34.12499999999998],[-118.34999999999987,34.09999999999998]]]}},{"type":"Feature","properties":{"nearestScore":99,"avg5Score":95.0,"nearestDist":0.461,"reachMin":5.5,"walkMin":5.5,"bikeMin":1.8,"driveMin":0.7},"geometry":{"type":"Polygon","coordinates":[[[-118.32499999999986,34.09999999999998],[-118.29999999999986,34.09999999999998],[-118.29999999999986,34.12499999999998],[-118.32499999999986,34.12499999999998],[-118.32499999999986,34.09999999999998]]]}},{"type":"Feature","properties":{"nearestScore":94,"avg5Score":94.8,"nearestDist":0.076,"reachMin":0.9,"walkMin":0.9,"bikeMin":0.3,"driveMin":0.1},"geometry":{"type":"Polygon","coordinates":[[[-118.29999999999986,34.09999999999998],[-118.27499999999985,34.09999999999998],[-118.27499999999985,34.12499999999998],[-118.29999999999986,34.12499999999998],[-118.29999999999986,34.09999999999998]]]}},{"type":"Feature","properties":{"nearestScore":98,"avg5Score":96.0,"nearestDist":0.408,"reachMin":4.9,"walkMin":4.9,"bikeMin":1.6,"driveMin":0.6},"geometry":{"type":"Polygon","coordinates":[[[-118.27499999999985,34.09999999999998],[-118.24999999999984,34.09999999999998],[-118.24999999999984,34.12499999999998],[-118.27499999999985,34.12499999999998],[-118.27499999999985,34.09999999999998]]]}},{"type":"Feature","properties":{"nearestScore":90,"avg5Score":92.6,"nearestDist":0.163,"reachMin":2.0,"walkMin":2.0,"bikeMin":0.7,"driveMin":0.2},"geometry":{"type":"Polygon","coordinates":[[[-118.24999999999984,34.09999999999998],[-118.22499999999984,34.09999999999998],[-118.22499999999984,34.12499999999998],[-118.24999999999984,34.12499999999998],[-118.24999999999984,34.09999999999998]]]}},{"type":"Feature","properties":{"nearestScore":92,"avg5Score":93.2,"nearestDist":0.993,"reachMin":11.9,"walkMin":11.9,"bikeMin":4.0,"driveMin":1.5},"geometry":{"type":"Polygon","coordinates":[[[-118.22499999999984,34.09999999999998],[-118.19999999999983,34.09999999999998],[-118.19999999999983,34.12499999999998],[-118.22499999999984,34.12499999999998],[-118.22499999999984,34.09999999999998]]]}},{"type":"Feature","properties":{"nearestScore":92,"avg5Score":93.4,"nearestDist":0.07,"reachMin":0.8,"walkMin":0.8,"bikeMin":0.3,"driveMin":0.1},"geometry":{"type":"Polygon","coordinates":[[[-118.19999999999983,34.09999999999998],[-118.17499999999983,34.09999999999998],[-118.17499999999983,34.12499999999998],[-118.19999999999983,34.12499999999998],[-118.19999999999983,34.09999999999998]]]}},{"type":"Feature","properties":{"nearestScore":95,"avg5Score":93.4,"nearestDist":0.364,"reachMin":4.4,"walkMin":4.4,"bikeMin":1.5,"driveMin":0.5},"geometry":{"type":"Polygon","coordinates":[[[-118.17499999999983,34.09999999999998],[-118.14999999999982,34.09999999999998],[-118.14999999999982,34.12499999999998],[-118.17499999999983,34.12499999999998],[-118.17499999999983,34.09999999999998]]]}},{"type":"Feature","properties":{"nearestScore":96,"avg5Score":92.6,"nearestDist":0.406,"reachMin":4.9,"walkMin":4.9,"bikeMin":1.6,"driveMin":0.6},"geometry":{"type":"Polygon","coordinates":[[[-118.14999999999982,34.09999999999998],[-118.12499999999982,34.09999999999998],[-118.12499999999982,34.12499999999998],[-118.14999999999982,34.12499999999998],[-118.14999999999982,34.09999999999998]]]}},{"type":"Feature","properties":{"nearestScore":99,"avg5Score":93.8,"nearestDist":0.754,"reachMin":9.0,"walkMin":9.0,"bikeMin":3.0,"driveMin":1.1},"geometry":{"type":"Polygon","coordinates":[[[-118.12499999999982,34.09999999999998],[-118.09999999999981,34.09999999999998],[-118.09999999999981,34.12499999999998],[-118.12499999999982,34.12499999999998],[-118.12499999999982,34.09999999999998]]]}},{"type":"Feature","properties":{"nearestScore":95,"avg5Score":95.0,"nearestDist":1.004,"reachMin":12.0,"walkMin":12.0,"bikeMin":4.0,"driveMin":1.5},"geometry":{"type":"Polygon","coordinates":[[[-118.09999999999981,34.09999999999998],[-118.0749999999998,34.09999999999998],[-118.0749999999998,34.12499999999998],[-118.09999999999981,34.12499999999998],[-118.09999999999981,34.09999999999998]]]}},{"type":"Feature","properties":{"nearestScore":75,"avg5Score":88.8,"nearestDist":0.556,"reachMin":6.7,"walkMin":6.7,"bikeMin":2.2,"driveMin":0.8},"geometry":{"type":"Polygon","coordinates":[[[-118.0749999999998,34.09999999999998],[-118.0499999999998,34.09999999999998],[-118.0499999999998,34.12499999999998],[-118.0749999999998,34.12499999999998],[-118.0749999999998,34.09999999999998]]]}},{"type":"Feature","properties":{"nearestScore":96,"avg5Score":95.2,"nearestDist":0.538,"reachMin":6.5,"walkMin":6.5,"bikeMin":2.2,"driveMin":0.8},"geometry":{"type":"Polygon","coordinates":[[[-118.0499999999998,34.09999999999998],[-118.02499999999979,34.09999999999998],[-118.02499999999979,34.12499999999998],[-118.0499999999998,34.12499999999998],[-118.0499999999998,34.09999999999998]]]}},{"type":"Feature","properties":{"nearestScore":96,"avg5Score":96.4,"nearestDist":0.279,"reachMin":3.3,"walkMin":3.3,"bikeMin":1.1,"driveMin":0.4},"geometry":{"type":"Polygon","coordinates":[[[-118.02499999999979,34.09999999999998],[-117.99999999999979,34.09999999999998],[-117.99999999999979,34.12499999999998],[-118.02499999999979,34.12499999999998],[-118.02499999999979,34.09999999999998]]]}},{"type":"Feature","properties":{"nearestScore":90,"avg5Score":91.8,"nearestDist":1.337,"reachMin":16.0,"walkMin":16.0,"bikeMin":5.3,"driveMin":2.0},"geometry":{"type":"Polygon","coordinates":[[[-117.99999999999979,34.09999999999998],[-117.97499999999978,34.09999999999998],[-117.97499999999978,34.12499999999998],[-117.99999999999979,34.12499999999998],[-117.99999999999979,34.09999999999998]]]}},{"type":"Feature","properties":{"nearestScore":93,"avg5Score":91.6,"nearestDist":1.272,"reachMin":15.3,"walkMin":15.3,"bikeMin":5.1,"driveMin":1.9},"geometry":{"type":"Polygon","coordinates":[[[-117.97499999999978,34.09999999999998],[-117.94999999999978,34.09999999999998],[-117.94999999999978,34.12499999999998],[-117.97499999999978,34.12499999999998],[-117.97499999999978,34.09999999999998]]]}},{"type":"Feature","properties":{"nearestScore":94,"avg5Score":95.4,"nearestDist":0.51,"reachMin":6.1,"walkMin":6.1,"bikeMin":2.0,"driveMin":0.8},"geometry":{"type":"Polygon","coordinates":[[[-117.94999999999978,34.09999999999998],[-117.92499999999977,34.09999999999998],[-117.92499999999977,34.12499999999998],[-117.94999999999978,34.12499999999998],[-117.94999999999978,34.09999999999998]]]}},{"type":"Feature","properties":{"nearestScore":94,"avg5Score":91.4,"nearestDist":0.367,"reachMin":4.4,"walkMin":4.4,"bikeMin":1.5,"driveMin":0.6},"geometry":{"type":"Polygon","coordinates":[[[-117.92499999999977,34.09999999999998],[-117.89999999999976,34.09999999999998],[-117.89999999999976,34.12499999999998],[-117.92499999999977,34.12499999999998],[-117.92499999999977,34.09999999999998]]]}},{"type":"Feature","properties":{"nearestScore":94,"avg5Score":94.2,"nearestDist":0.261,"reachMin":3.1,"walkMin":3.1,"bikeMin":1.0,"driveMin":0.4},"geometry":{"type":"Polygon","coordinates":[[[-117.89999999999976,34.09999999999998],[-117.87499999999976,34.09999999999998],[-117.87499999999976,34.12499999999998],[-117.89999999999976,34.12499999999998],[-117.89999999999976,34.09999999999998]]]}},{"type":"Feature","properties":{"nearestScore":95,"avg5Score":96.0,"nearestDist":0.643,"reachMin":7.7,"walkMin":7.7,"bikeMin":2.6,"driveMin":1.0},"geometry":{"type":"Polygon","coordinates":[[[-117.87499999999976,34.09999999999998],[-117.84999999999975,34.09999999999998],[-117.84999999999975,34.12499999999998],[-117.87499999999976,34.12499999999998],[-117.87499999999976,34.09999999999998]]]}},{"type":"Feature","properties":{"nearestScore":96,"avg5Score":95.2,"nearestDist":0.235,"reachMin":2.8,"walkMin":2.8,"bikeMin":0.9,"driveMin":0.4},"geometry":{"type":"Polygon","coordinates":[[[-117.84999999999975,34.09999999999998],[-117.82499999999975,34.09999999999998],[-117.82499999999975,34.12499999999998],[-117.84999999999975,34.12499999999998],[-117.84999999999975,34.09999999999998]]]}},{"type":"Feature","properties":{"nearestScore":92,"avg5Score":94.6,"nearestDist":0.66,"reachMin":7.9,"walkMin":7.9,"bikeMin":2.6,"driveMin":1.0},"geometry":{"type":"Polygon","coordinates":[[[-117.82499999999975,34.09999999999998],[-117.79999999999974,34.09999999999998],[-117.79999999999974,34.12499999999998],[-117.82499999999975,34.12499999999998],[-117.82499999999975,34.09999999999998]]]}},{"type":"Feature","properties":{"nearestScore":98,"avg5Score":97.8,"nearestDist":0.848,"reachMin":10.2,"walkMin":10.2,"bikeMin":3.4,"driveMin":1.3},"geometry":{"type":"Polygon","coordinates":[[[-117.79999999999974,34.09999999999998],[-117.77499999999974,34.09999999999998],[-117.77499999999974,34.12499999999998],[-117.79999999999974,34.12499999999998],[-117.79999999999974,34.09999999999998]]]}},{"type":"Feature","properties":{"nearestScore":94,"avg5Score":96.8,"nearestDist":0.014,"reachMin":0.2,"walkMin":0.2,"bikeMin":0.1,"driveMin":0.0},"geometry":{"type":"Polygon","coordinates":[[[-117.77499999999974,34.09999999999998],[-117.74999999999973,34.09999999999998],[-117.74999999999973,34.12499999999998],[-117.77499999999974,34.12499999999998],[-117.77499999999974,34.09999999999998]]]}},{"type":"Feature","properties":{"nearestScore":93,"avg5Score":95.2,"nearestDist":0.476,"reachMin":5.7,"walkMin":5.7,"bikeMin":1.9,"driveMin":0.7},"geometry":{"type":"Polygon","coordinates":[[[-117.74999999999973,34.09999999999998],[-117.72499999999972,34.09999999999998],[-117.72499999999972,34.12499999999998],[-117.74999999999973,34.12499999999998],[-117.74999999999973,34.09999999999998]]]}},{"type":"Feature","properties":{"nearestScore":100,"avg5Score":94.2,"nearestDist":0.634,"reachMin":7.6,"walkMin":7.6,"bikeMin":2.5,"driveMin":1.0},"geometry":{"type":"Polygon","coordinates":[[[-117.72499999999972,34.09999999999998],[-117.69999999999972,34.09999999999998],[-117.69999999999972,34.12499999999998],[-117.72499999999972,34.12499999999998],[-117.72499999999972,34.09999999999998]]]}},{"type":"Feature","properties":{"nearestScore":91,"avg5Score":94.4,"nearestDist":1.019,"reachMin":12.2,"walkMin":12.2,"bikeMin":4.1,"driveMin":1.5},"geometry":{"type":"Polygon","coordinates":[[[-117.69999999999972,34.09999999999998],[-117.67499999999971,34.09999999999998],[-117.67499999999971,34.12499999999998],[-117.69999999999972,34.12499999999998],[-117.69999999999972,34.09999999999998]]]}},{"type":"Feature","properties":{"nearestScore":96,"avg5Score":94.4,"nearestDist":3.047,"reachMin":36.6,"walkMin":36.6,"bikeMin":12.2,"driveMin":4.6},"geometry":{"type":"Polygon","coordinates":[[[-117.67499999999971,34.09999999999998],[-117.64999999999971,34.09999999999998],[-117.64999999999971,34.12499999999998],[-117.67499999999971,34.12499999999998],[-117.67499999999971,34.09999999999998]]]}},{"type":"Feature","properties":{"nearestScore":100,"avg5Score":97.8,"nearestDist":10.443,"reachMin":125.3,"walkMin":125.3,"bikeMin":41.8,"driveMin":15.7},"geometry":{"type":"Polygon","coordinates":[[[-118.95,34.12499999999998],[-118.925,34.12499999999998],[-118.925,34.14999999999998],[-118.95,34.14999999999998],[-118.95,34.12499999999998]]]}},{"type":"Feature","properties":{"nearestScore":100,"avg5Score":96.6,"nearestDist":8.145,"reachMin":97.7,"walkMin":97.7,"bikeMin":32.6,"driveMin":12.2},"geometry":{"type":"Polygon","coordinates":[[[-118.925,34.12499999999998],[-118.89999999999999,34.12499999999998],[-118.89999999999999,34.14999999999998],[-118.925,34.14999999999998],[-118.925,34.12499999999998]]]}},{"type":"Feature","properties":{"nearestScore":100,"avg5Score":96.6,"nearestDist":5.849,"reachMin":70.2,"walkMin":70.2,"bikeMin":23.4,"driveMin":8.8},"geometry":{"type":"Polygon","coordinates":[[[-118.89999999999999,34.12499999999998],[-118.87499999999999,34.12499999999998],[-118.87499999999999,34.14999999999998],[-118.89999999999999,34.14999999999998],[-118.89999999999999,34.12499999999998]]]}},{"type":"Feature","properties":{"nearestScore":100,"avg5Score":96.6,"nearestDist":3.561,"reachMin":42.7,"walkMin":42.7,"bikeMin":14.2,"driveMin":5.3},"geometry":{"type":"Polygon","coordinates":[[[-118.87499999999999,34.12499999999998],[-118.84999999999998,34.12499999999998],[-118.84999999999998,34.14999999999998],[-118.87499999999999,34.14999999999998],[-118.87499999999999,34.12499999999998]]]}},{"type":"Feature","properties":{"nearestScore":100,"avg5Score":96.6,"nearestDist":1.317,"reachMin":15.8,"walkMin":15.8,"bikeMin":5.3,"driveMin":2.0},"geometry":{"type":"Polygon","coordinates":[[[-118.84999999999998,34.12499999999998],[-118.82499999999997,34.12499999999998],[-118.82499999999997,34.14999999999998],[-118.84999999999998,34.14999999999998],[-118.84999999999998,34.12499999999998]]]}},{"type":"Feature","properties":{"nearestScore":100,"avg5Score":96.6,"nearestDist":1.174,"reachMin":14.1,"walkMin":14.1,"bikeMin":4.7,"driveMin":1.8},"geometry":{"type":"Polygon","coordinates":[[[-118.82499999999997,34.12499999999998],[-118.79999999999997,34.12499999999998],[-118.79999999999997,34.14999999999998],[-118.82499999999997,34.14999999999998],[-118.82499999999997,34.12499999999998]]]}},{"type":"Feature","properties":{"nearestScore":97,"avg5Score":94.8,"nearestDist":1.003,"reachMin":12.0,"walkMin":12.0,"bikeMin":4.0,"driveMin":1.5},"geometry":{"type":"Polygon","coordinates":[[[-118.79999999999997,34.12499999999998],[-118.77499999999996,34.12499999999998],[-118.77499999999996,34.14999999999998],[-118.79999999999997,34.14999999999998],[-118.79999999999997,34.12499999999998]]]}},{"type":"Feature","properties":{"nearestScore":93,"avg5Score":94.8,"nearestDist":0.686,"reachMin":8.2,"walkMin":8.2,"bikeMin":2.7,"driveMin":1.0},"geometry":{"type":"Polygon","coordinates":[[[-118.77499999999996,34.12499999999998],[-118.74999999999996,34.12499999999998],[-118.74999999999996,34.14999999999998],[-118.77499999999996,34.14999999999998],[-118.77499999999996,34.12499999999998]]]}},{"type":"Feature","properties":{"nearestScore":90,"avg5Score":93.4,"nearestDist":0.845,"reachMin":10.1,"walkMin":10.1,"bikeMin":3.4,"driveMin":1.3},"geometry":{"type":"Polygon","coordinates":[[[-118.74999999999996,34.12499999999998],[-118.72499999999995,34.12499999999998],[-118.72499999999995,34.14999999999998],[-118.74999999999996,34.14999999999998],[-118.74999999999996,34.12499999999998]]]}},{"type":"Feature","properties":{"nearestScore":97,"avg5Score":92.2,"nearestDist":0.83,"reachMin":10.0,"walkMin":10.0,"bikeMin":3.3,"driveMin":1.2},"geometry":{"type":"Polygon","coordinates":[[[-118.72499999999995,34.12499999999998],[-118.69999999999995,34.12499999999998],[-118.69999999999995,34.14999999999998],[-118.72499999999995,34.14999999999998],[-118.72499999999995,34.12499999999998]]]}},{"type":"Feature","properties":{"nearestScore":92,"avg5Score":94.8,"nearestDist":1.2,"reachMin":14.4,"walkMin":14.4,"bikeMin":4.8,"driveMin":1.8},"geometry":{"type":"Polygon","coordinates":[[[-118.69999999999995,34.12499999999998],[-118.67499999999994,34.12499999999998],[-118.67499999999994,34.14999999999998],[-118.69999999999995,34.14999999999998],[-118.69999999999995,34.12499999999998]]]}},{"type":"Feature","properties":{"nearestScore":91,"avg5Score":93.8,"nearestDist":0.698,"reachMin":8.4,"walkMin":8.4,"bikeMin":2.8,"driveMin":1.0},"geometry":{"type":"Polygon","coordinates":[[[-118.67499999999994,34.12499999999998],[-118.64999999999993,34.12499999999998],[-118.64999999999993,34.14999999999998],[-118.67499999999994,34.14999999999998],[-118.67499999999994,34.12499999999998]]]}},{"type":"Feature","properties":{"nearestScore":95,"avg5Score":89.8,"nearestDist":1.924,"reachMin":23.1,"walkMin":23.1,"bikeMin":7.7,"driveMin":2.9},"geometry":{"type":"Polygon","coordinates":[[[-118.64999999999993,34.12499999999998],[-118.62499999999993,34.12499999999998],[-118.62499999999993,34.14999999999998],[-118.64999999999993,34.14999999999998],[-118.64999999999993,34.12499999999998]]]}},{"type":"Feature","properties":{"nearestScore":97,"avg5Score":95.4,"nearestDist":1.027,"reachMin":12.3,"walkMin":12.3,"bikeMin":4.1,"driveMin":1.5},"geometry":{"type":"Polygon","coordinates":[[[-118.62499999999993,34.12499999999998],[-118.59999999999992,34.12499999999998],[-118.59999999999992,34.14999999999998],[-118.62499999999993,34.14999999999998],[-118.62499999999993,34.12499999999998]]]}},{"type":"Feature","properties":{"nearestScore":91,"avg5Score":95.6,"nearestDist":1.818,"reachMin":21.8,"walkMin":21.8,"bikeMin":7.3,"driveMin":2.7},"geometry":{"type":"Polygon","coordinates":[[[-118.59999999999992,34.12499999999998],[-118.57499999999992,34.12499999999998],[-118.57499999999992,34.14999999999998],[-118.59999999999992,34.14999999999998],[-118.59999999999992,34.12499999999998]]]}},{"type":"Feature","properties":{"nearestScore":99,"avg5Score":96.0,"nearestDist":2.009,"reachMin":24.1,"walkMin":24.1,"bikeMin":8.0,"driveMin":3.0},"geometry":{"type":"Polygon","coordinates":[[[-118.57499999999992,34.12499999999998],[-118.54999999999991,34.12499999999998],[-118.54999999999991,34.14999999999998],[-118.57499999999992,34.14999999999998],[-118.57499999999992,34.12499999999998]]]}},{"type":"Feature","properties":{"nearestScore":99,"avg5Score":96.4,"nearestDist":0.643,"reachMin":7.7,"walkMin":7.7,"bikeMin":2.6,"driveMin":1.0},"geometry":{"type":"Polygon","coordinates":[[[-118.54999999999991,34.12499999999998],[-118.5249999999999,34.12499999999998],[-118.5249999999999,34.14999999999998],[-118.54999999999991,34.14999999999998],[-118.54999999999991,34.12499999999998]]]}},{"type":"Feature","properties":{"nearestScore":98,"avg5Score":97.2,"nearestDist":2.595,"reachMin":31.1,"walkMin":31.1,"bikeMin":10.4,"driveMin":3.9},"geometry":{"type":"Polygon","coordinates":[[[-118.5249999999999,34.12499999999998],[-118.4999999999999,34.12499999999998],[-118.4999999999999,34.14999999999998],[-118.5249999999999,34.14999999999998],[-118.5249999999999,34.12499999999998]]]}},{"type":"Feature","properties":{"nearestScore":99,"avg5Score":97.4,"nearestDist":1.904,"reachMin":22.8,"walkMin":22.8,"bikeMin":7.6,"driveMin":2.9},"geometry":{"type":"Polygon","coordinates":[[[-118.4999999999999,34.12499999999998],[-118.4749999999999,34.12499999999998],[-118.4749999999999,34.14999999999998],[-118.4999999999999,34.14999999999998],[-118.4999999999999,34.12499999999998]]]}},{"type":"Feature","properties":{"nearestScore":93,"avg5Score":96.2,"nearestDist":1.598,"reachMin":19.2,"walkMin":19.2,"bikeMin":6.4,"driveMin":2.4},"geometry":{"type":"Polygon","coordinates":[[[-118.4749999999999,34.12499999999998],[-118.44999999999989,34.12499999999998],[-118.44999999999989,34.14999999999998],[-118.4749999999999,34.14999999999998],[-118.4749999999999,34.12499999999998]]]}},{"type":"Feature","properties":{"nearestScore":96,"avg5Score":94.2,"nearestDist":1.195,"reachMin":14.3,"walkMin":14.3,"bikeMin":4.8,"driveMin":1.8},"geometry":{"type":"Polygon","coordinates":[[[-118.44999999999989,34.12499999999998],[-118.42499999999988,34.12499999999998],[-118.42499999999988,34.14999999999998],[-118.44999999999989,34.14999999999998],[-118.44999999999989,34.12499999999998]]]}},{"type":"Feature","properties":{"nearestScore":97,"avg5Score":95.2,"nearestDist":0.801,"reachMin":9.6,"walkMin":9.6,"bikeMin":3.2,"driveMin":1.2},"geometry":{"type":"Polygon","coordinates":[[[-118.42499999999988,34.12499999999998],[-118.39999999999988,34.12499999999998],[-118.39999999999988,34.14999999999998],[-118.42499999999988,34.14999999999998],[-118.42499999999988,34.12499999999998]]]}},{"type":"Feature","properties":{"nearestScore":94,"avg5Score":92.8,"nearestDist":0.376,"reachMin":4.5,"walkMin":4.5,"bikeMin":1.5,"driveMin":0.6},"geometry":{"type":"Polygon","coordinates":[[[-118.39999999999988,34.12499999999998],[-118.37499999999987,34.12499999999998],[-118.37499999999987,34.14999999999998],[-118.39999999999988,34.14999999999998],[-118.39999999999988,34.12499999999998]]]}},{"type":"Feature","properties":{"nearestScore":94,"avg5Score":94.6,"nearestDist":0.084,"reachMin":1.0,"walkMin":1.0,"bikeMin":0.3,"driveMin":0.1},"geometry":{"type":"Polygon","coordinates":[[[-118.37499999999987,34.12499999999998],[-118.34999999999987,34.12499999999998],[-118.34999999999987,34.14999999999998],[-118.37499999999987,34.14999999999998],[-118.37499999999987,34.12499999999998]]]}},{"type":"Feature","properties":{"nearestScore":98,"avg5Score":95.2,"nearestDist":0.721,"reachMin":8.7,"walkMin":8.7,"bikeMin":2.9,"driveMin":1.1},"geometry":{"type":"Polygon","coordinates":[[[-118.34999999999987,34.12499999999998],[-118.32499999999986,34.12499999999998],[-118.32499999999986,34.14999999999998],[-118.34999999999987,34.14999999999998],[-118.34999999999987,34.12499999999998]]]}},{"type":"Feature","properties":{"nearestScore":96,"avg5Score":94.6,"nearestDist":1.721,"reachMin":20.7,"walkMin":20.7,"bikeMin":6.9,"driveMin":2.6},"geometry":{"type":"Polygon","coordinates":[[[-118.32499999999986,34.12499999999998],[-118.29999999999986,34.12499999999998],[-118.29999999999986,34.14999999999998],[-118.32499999999986,34.14999999999998],[-118.32499999999986,34.12499999999998]]]}},{"type":"Feature","properties":{"nearestScore":97,"avg5Score":96.6,"nearestDist":0.458,"reachMin":5.5,"walkMin":5.5,"bikeMin":1.8,"driveMin":0.7},"geometry":{"type":"Polygon","coordinates":[[[-118.29999999999986,34.12499999999998],[-118.27499999999985,34.12499999999998],[-118.27499999999985,34.14999999999998],[-118.29999999999986,34.14999999999998],[-118.29999999999986,34.12499999999998]]]}},{"type":"Feature","properties":{"nearestScore":95,"avg5Score":96.0,"nearestDist":0.228,"reachMin":2.7,"walkMin":2.7,"bikeMin":0.9,"driveMin":0.3},"geometry":{"type":"Polygon","coordinates":[[[-118.27499999999985,34.12499999999998],[-118.24999999999984,34.12499999999998],[-118.24999999999984,34.14999999999998],[-118.27499999999985,34.14999999999998],[-118.27499999999985,34.12499999999998]]]}},{"type":"Feature","properties":{"nearestScore":94,"avg5Score":94.6,"nearestDist":0.383,"reachMin":4.6,"walkMin":4.6,"bikeMin":1.5,"driveMin":0.6},"geometry":{"type":"Polygon","coordinates":[[[-118.24999999999984,34.12499999999998],[-118.22499999999984,34.12499999999998],[-118.22499999999984,34.14999999999998],[-118.24999999999984,34.14999999999998],[-118.24999999999984,34.12499999999998]]]}},{"type":"Feature","properties":{"nearestScore":95,"avg5Score":92.4,"nearestDist":0.169,"reachMin":2.0,"walkMin":2.0,"bikeMin":0.7,"driveMin":0.3},"geometry":{"type":"Polygon","coordinates":[[[-118.22499999999984,34.12499999999998],[-118.19999999999983,34.12499999999998],[-118.19999999999983,34.14999999999998],[-118.22499999999984,34.14999999999998],[-118.22499999999984,34.12499999999998]]]}},{"type":"Feature","properties":{"nearestScore":97,"avg5Score":96.2,"nearestDist":0.101,"reachMin":1.2,"walkMin":1.2,"bikeMin":0.4,"driveMin":0.2},"geometry":{"type":"Polygon","coordinates":[[[-118.19999999999983,34.12499999999998],[-118.17499999999983,34.12499999999998],[-118.17499999999983,34.14999999999998],[-118.19999999999983,34.14999999999998],[-118.19999999999983,34.12499999999998]]]}},{"type":"Feature","properties":{"nearestScore":99,"avg5Score":97.4,"nearestDist":1.839,"reachMin":22.1,"walkMin":22.1,"bikeMin":7.4,"driveMin":2.8},"geometry":{"type":"Polygon","coordinates":[[[-118.17499999999983,34.12499999999998],[-118.14999999999982,34.12499999999998],[-118.14999999999982,34.14999999999998],[-118.17499999999983,34.14999999999998],[-118.17499999999983,34.12499999999998]]]}},{"type":"Feature","properties":{"nearestScore":99,"avg5Score":97.4,"nearestDist":1.863,"reachMin":22.4,"walkMin":22.4,"bikeMin":7.5,"driveMin":2.8},"geometry":{"type":"Polygon","coordinates":[[[-118.14999999999982,34.12499999999998],[-118.12499999999982,34.12499999999998],[-118.12499999999982,34.14999999999998],[-118.14999999999982,34.14999999999998],[-118.14999999999982,34.12499999999998]]]}},{"type":"Feature","properties":{"nearestScore":97,"avg5Score":96.2,"nearestDist":1.212,"reachMin":14.5,"walkMin":14.5,"bikeMin":4.8,"driveMin":1.8},"geometry":{"type":"Polygon","coordinates":[[[-118.12499999999982,34.12499999999998],[-118.09999999999981,34.12499999999998],[-118.09999999999981,34.14999999999998],[-118.12499999999982,34.14999999999998],[-118.12499999999982,34.12499999999998]]]}},{"type":"Feature","properties":{"nearestScore":97,"avg5Score":96.4,"nearestDist":1.083,"reachMin":13.0,"walkMin":13.0,"bikeMin":4.3,"driveMin":1.6},"geometry":{"type":"Polygon","coordinates":[[[-118.09999999999981,34.12499999999998],[-118.0749999999998,34.12499999999998],[-118.0749999999998,34.14999999999998],[-118.09999999999981,34.14999999999998],[-118.09999999999981,34.12499999999998]]]}},{"type":"Feature","properties":{"nearestScore":90,"avg5Score":90.0,"nearestDist":0.748,"reachMin":9.0,"walkMin":9.0,"bikeMin":3.0,"driveMin":1.1},"geometry":{"type":"Polygon","coordinates":[[[-118.0749999999998,34.12499999999998],[-118.0499999999998,34.12499999999998],[-118.0499999999998,34.14999999999998],[-118.0749999999998,34.14999999999998],[-118.0749999999998,34.12499999999998]]]}},{"type":"Feature","properties":{"nearestScore":100,"avg5Score":96.4,"nearestDist":0.192,"reachMin":2.3,"walkMin":2.3,"bikeMin":0.8,"driveMin":0.3},"geometry":{"type":"Polygon","coordinates":[[[-118.0499999999998,34.12499999999998],[-118.02499999999979,34.12499999999998],[-118.02499999999979,34.14999999999998],[-118.0499999999998,34.14999999999998],[-118.0499999999998,34.12499999999998]]]}},{"type":"Feature","properties":{"nearestScore":96,"avg5Score":95.6,"nearestDist":0.304,"reachMin":3.6,"walkMin":3.6,"bikeMin":1.2,"driveMin":0.5},"geometry":{"type":"Polygon","coordinates":[[[-118.02499999999979,34.12499999999998],[-117.99999999999979,34.12499999999998],[-117.99999999999979,34.14999999999998],[-118.02499999999979,34.14999999999998],[-118.02499999999979,34.12499999999998]]]}},{"type":"Feature","properties":{"nearestScore":98,"avg5Score":95.6,"nearestDist":0.251,"reachMin":3.0,"walkMin":3.0,"bikeMin":1.0,"driveMin":0.4},"geometry":{"type":"Polygon","coordinates":[[[-117.99999999999979,34.12499999999998],[-117.97499999999978,34.12499999999998],[-117.97499999999978,34.14999999999998],[-117.99999999999979,34.14999999999998],[-117.99999999999979,34.12499999999998]]]}},{"type":"Feature","properties":{"nearestScore":96,"avg5Score":95.0,"nearestDist":0.35,"reachMin":4.2,"walkMin":4.2,"bikeMin":1.4,"driveMin":0.5},"geometry":{"type":"Polygon","coordinates":[[[-117.97499999999978,34.12499999999998],[-117.94999999999978,34.12499999999998],[-117.94999999999978,34.14999999999998],[-117.97499999999978,34.14999999999998],[-117.97499999999978,34.12499999999998]]]}},{"type":"Feature","properties":{"nearestScore":98,"avg5Score":96.2,"nearestDist":0.651,"reachMin":7.8,"walkMin":7.8,"bikeMin":2.6,"driveMin":1.0},"geometry":{"type":"Polygon","coordinates":[[[-117.94999999999978,34.12499999999998],[-117.92499999999977,34.12499999999998],[-117.92499999999977,34.14999999999998],[-117.94999999999978,34.14999999999998],[-117.94999999999978,34.12499999999998]]]}},{"type":"Feature","properties":{"nearestScore":99,"avg5Score":92.8,"nearestDist":0.491,"reachMin":5.9,"walkMin":5.9,"bikeMin":2.0,"driveMin":0.7},"geometry":{"type":"Polygon","coordinates":[[[-117.92499999999977,34.12499999999998],[-117.89999999999976,34.12499999999998],[-117.89999999999976,34.14999999999998],[-117.92499999999977,34.14999999999998],[-117.92499999999977,34.12499999999998]]]}},{"type":"Feature","properties":{"nearestScore":98,"avg5Score":96.6,"nearestDist":0.634,"reachMin":7.6,"walkMin":7.6,"bikeMin":2.5,"driveMin":1.0},"geometry":{"type":"Polygon","coordinates":[[[-117.89999999999976,34.12499999999998],[-117.87499999999976,34.12499999999998],[-117.87499999999976,34.14999999999998],[-117.89999999999976,34.14999999999998],[-117.89999999999976,34.12499999999998]]]}},{"type":"Feature","properties":{"nearestScore":97,"avg5Score":96.0,"nearestDist":0.264,"reachMin":3.2,"walkMin":3.2,"bikeMin":1.1,"driveMin":0.4},"geometry":{"type":"Polygon","coordinates":[[[-117.87499999999976,34.12499999999998],[-117.84999999999975,34.12499999999998],[-117.84999999999975,34.14999999999998],[-117.87499999999976,34.14999999999998],[-117.87499999999976,34.12499999999998]]]}},{"type":"Feature","properties":{"nearestScore":95,"avg5Score":91.0,"nearestDist":0.968,"reachMin":11.6,"walkMin":11.6,"bikeMin":3.9,"driveMin":1.5},"geometry":{"type":"Polygon","coordinates":[[[-117.84999999999975,34.12499999999998],[-117.82499999999975,34.12499999999998],[-117.82499999999975,34.14999999999998],[-117.84999999999975,34.14999999999998],[-117.84999999999975,34.12499999999998]]]}},{"type":"Feature","properties":{"nearestScore":94,"avg5Score":87.6,"nearestDist":0.908,"reachMin":10.9,"walkMin":10.9,"bikeMin":3.6,"driveMin":1.4},"geometry":{"type":"Polygon","coordinates":[[[-117.82499999999975,34.12499999999998],[-117.79999999999974,34.12499999999998],[-117.79999999999974,34.14999999999998],[-117.82499999999975,34.14999999999998],[-117.82499999999975,34.12499999999998]]]}},{"type":"Feature","properties":{"nearestScore":96,"avg5Score":90.6,"nearestDist":0.187,"reachMin":2.2,"walkMin":2.2,"bikeMin":0.7,"driveMin":0.3},"geometry":{"type":"Polygon","coordinates":[[[-117.79999999999974,34.12499999999998],[-117.77499999999974,34.12499999999998],[-117.77499999999974,34.14999999999998],[-117.79999999999974,34.14999999999998],[-117.79999999999974,34.12499999999998]]]}},{"type":"Feature","properties":{"nearestScore":97,"avg5Score":97.2,"nearestDist":0.464,"reachMin":5.6,"walkMin":5.6,"bikeMin":1.9,"driveMin":0.7},"geometry":{"type":"Polygon","coordinates":[[[-117.77499999999974,34.12499999999998],[-117.74999999999973,34.12499999999998],[-117.74999999999973,34.14999999999998],[-117.77499999999974,34.14999999999998],[-117.77499999999974,34.12499999999998]]]}},{"type":"Feature","properties":{"nearestScore":99,"avg5Score":97.0,"nearestDist":1.917,"reachMin":23.0,"walkMin":23.0,"bikeMin":7.7,"driveMin":2.9},"geometry":{"type":"Polygon","coordinates":[[[-117.74999999999973,34.12499999999998],[-117.72499999999972,34.12499999999998],[-117.72499999999972,34.14999999999998],[-117.74999999999973,34.14999999999998],[-117.74999999999973,34.12499999999998]]]}},{"type":"Feature","properties":{"nearestScore":90,"avg5Score":93.8,"nearestDist":1.873,"reachMin":22.5,"walkMin":22.5,"bikeMin":7.5,"driveMin":2.8},"geometry":{"type":"Polygon","coordinates":[[[-117.72499999999972,34.12499999999998],[-117.69999999999972,34.12499999999998],[-117.69999999999972,34.14999999999998],[-117.72499999999972,34.14999999999998],[-117.72499999999972,34.12499999999998]]]}},{"type":"Feature","properties":{"nearestScore":96,"avg5Score":94.8,"nearestDist":1.849,"reachMin":22.2,"walkMin":22.2,"bikeMin":7.4,"driveMin":2.8},"geometry":{"type":"Polygon","coordinates":[[[-117.69999999999972,34.12499999999998],[-117.67499999999971,34.12499999999998],[-117.67499999999971,34.14999999999998],[-117.69999999999972,34.14999999999998],[-117.69999999999972,34.12499999999998]]]}},{"type":"Feature","properties":{"nearestScore":96,"avg5Score":94.4,"nearestDist":3.366,"reachMin":40.4,"walkMin":40.4,"bikeMin":13.5,"driveMin":5.0},"geometry":{"type":"Polygon","coordinates":[[[-117.67499999999971,34.12499999999998],[-117.64999999999971,34.12499999999998],[-117.64999999999971,34.14999999999998],[-117.67499999999971,34.14999999999998],[-117.67499999999971,34.12499999999998]]]}},{"type":"Feature","properties":{"nearestScore":100,"avg5Score":96.6,"nearestDist":10.927,"reachMin":131.1,"walkMin":131.1,"bikeMin":43.7,"driveMin":16.4},"geometry":{"type":"Polygon","coordinates":[[[-118.95,34.14999999999998],[-118.925,34.14999999999998],[-118.925,34.174999999999976],[-118.95,34.174999999999976],[-118.95,34.14999999999998]]]}},{"type":"Feature","properties":{"nearestScore":97,"avg5Score":96.6,"nearestDist":8.723,"reachMin":104.7,"walkMin":104.7,"bikeMin":34.9,"driveMin":13.1},"geometry":{"type":"Polygon","coordinates":[[[-118.925,34.14999999999998],[-118.89999999999999,34.14999999999998],[-118.89999999999999,34.174999999999976],[-118.925,34.174999999999976],[-118.925,34.14999999999998]]]}},{"type":"Feature","properties":{"nearestScore":97,"avg5Score":96.6,"nearestDist":6.478,"reachMin":77.7,"walkMin":77.7,"bikeMin":25.9,"driveMin":9.7},"geometry":{"type":"Polygon","coordinates":[[[-118.89999999999999,34.14999999999998],[-118.87499999999999,34.14999999999998],[-118.87499999999999,34.174999999999976],[-118.89999999999999,34.174999999999976],[-118.89999999999999,34.14999999999998]]]}},{"type":"Feature","properties":{"nearestScore":97,"avg5Score":96.6,"nearestDist":4.276,"reachMin":51.3,"walkMin":51.3,"bikeMin":17.1,"driveMin":6.4},"geometry":{"type":"Polygon","coordinates":[[[-118.87499999999999,34.14999999999998],[-118.84999999999998,34.14999999999998],[-118.84999999999998,34.174999999999976],[-118.87499999999999,34.174999999999976],[-118.87499999999999,34.14999999999998]]]}},{"type":"Feature","properties":{"nearestScore":92,"avg5Score":95.0,"nearestDist":2.268,"reachMin":27.2,"walkMin":27.2,"bikeMin":9.1,"driveMin":3.4},"geometry":{"type":"Polygon","coordinates":[[[-118.84999999999998,34.14999999999998],[-118.82499999999997,34.14999999999998],[-118.82499999999997,34.174999999999976],[-118.84999999999998,34.174999999999976],[-118.84999999999998,34.14999999999998]]]}},{"type":"Feature","properties":{"nearestScore":95,"avg5Score":95.4,"nearestDist":1.283,"reachMin":15.4,"walkMin":15.4,"bikeMin":5.1,"driveMin":1.9},"geometry":{"type":"Polygon","coordinates":[[[-118.82499999999997,34.14999999999998],[-118.79999999999997,34.14999999999998],[-118.79999999999997,34.174999999999976],[-118.82499999999997,34.174999999999976],[-118.82499999999997,34.14999999999998]]]}},{"type":"Feature","properties":{"nearestScore":97,"avg5Score":94.0,"nearestDist":0.787,"reachMin":9.4,"walkMin":9.4,"bikeMin":3.1,"driveMin":1.2},"geometry":{"type":"Polygon","coordinates":[[[-118.79999999999997,34.14999999999998],[-118.77499999999996,34.14999999999998],[-118.77499999999996,34.174999999999976],[-118.79999999999997,34.174999999999976],[-118.79999999999997,34.14999999999998]]]}},{"type":"Feature","properties":{"nearestScore":92,"avg5Score":93.6,"nearestDist":0.885,"reachMin":10.6,"walkMin":10.6,"bikeMin":3.5,"driveMin":1.3},"geometry":{"type":"Polygon","coordinates":[[[-118.77499999999996,34.14999999999998],[-118.74999999999996,34.14999999999998],[-118.74999999999996,34.174999999999976],[-118.77499999999996,34.174999999999976],[-118.77499999999996,34.14999999999998]]]}},{"type":"Feature","properties":{"nearestScore":92,"avg5Score":93.6,"nearestDist":1.851,"reachMin":22.2,"walkMin":22.2,"bikeMin":7.4,"driveMin":2.8},"geometry":{"type":"Polygon","coordinates":[[[-118.74999999999996,34.14999999999998],[-118.72499999999995,34.14999999999998],[-118.72499999999995,34.174999999999976],[-118.74999999999996,34.174999999999976],[-118.74999999999996,34.14999999999998]]]}},{"type":"Feature","properties":{"nearestScore":98,"avg5Score":97.4,"nearestDist":0.919,"reachMin":11.0,"walkMin":11.0,"bikeMin":3.7,"driveMin":1.4},"geometry":{"type":"Polygon","coordinates":[[[-118.72499999999995,34.14999999999998],[-118.69999999999995,34.14999999999998],[-118.69999999999995,34.174999999999976],[-118.72499999999995,34.174999999999976],[-118.72499999999995,34.14999999999998]]]}},{"type":"Feature","properties":{"nearestScore":98,"avg5Score":97.4,"nearestDist":1.378,"reachMin":16.5,"walkMin":16.5,"bikeMin":5.5,"driveMin":2.1},"geometry":{"type":"Polygon","coordinates":[[[-118.69999999999995,34.14999999999998],[-118.67499999999994,34.14999999999998],[-118.67499999999994,34.174999999999976],[-118.69999999999995,34.174999999999976],[-118.69999999999995,34.14999999999998]]]}},{"type":"Feature","properties":{"nearestScore":96,"avg5Score":94.8,"nearestDist":1.375,"reachMin":16.5,"walkMin":16.5,"bikeMin":5.5,"driveMin":2.1},"geometry":{"type":"Polygon","coordinates":[[[-118.67499999999994,34.14999999999998],[-118.64999999999993,34.14999999999998],[-118.64999999999993,34.174999999999976],[-118.67499999999994,34.174999999999976],[-118.67499999999994,34.14999999999998]]]}},{"type":"Feature","properties":{"nearestScore":98,"avg5Score":96.6,"nearestDist":0.366,"reachMin":4.4,"walkMin":4.4,"bikeMin":1.5,"driveMin":0.5},"geometry":{"type":"Polygon","coordinates":[[[-118.64999999999993,34.14999999999998],[-118.62499999999993,34.14999999999998],[-118.62499999999993,34.174999999999976],[-118.64999999999993,34.174999999999976],[-118.64999999999993,34.14999999999998]]]}},{"type":"Feature","properties":{"nearestScore":93,"avg5Score":94.2,"nearestDist":0.715,"reachMin":8.6,"walkMin":8.6,"bikeMin":2.9,"driveMin":1.1},"geometry":{"type":"Polygon","coordinates":[[[-118.62499999999993,34.14999999999998],[-118.59999999999992,34.14999999999998],[-118.59999999999992,34.174999999999976],[-118.62499999999993,34.174999999999976],[-118.62499999999993,34.14999999999998]]]}},{"type":"Feature","properties":{"nearestScore":96,"avg5Score":96.4,"nearestDist":0.434,"reachMin":5.2,"walkMin":5.2,"bikeMin":1.7,"driveMin":0.7},"geometry":{"type":"Polygon","coordinates":[[[-118.59999999999992,34.14999999999998],[-118.57499999999992,34.14999999999998],[-118.57499999999992,34.174999999999976],[-118.59999999999992,34.174999999999976],[-118.59999999999992,34.14999999999998]]]}},{"type":"Feature","properties":{"nearestScore":98,"avg5Score":96.0,"nearestDist":1.107,"reachMin":13.3,"walkMin":13.3,"bikeMin":4.4,"driveMin":1.7},"geometry":{"type":"Polygon","coordinates":[[[-118.57499999999992,34.14999999999998],[-118.54999999999991,34.14999999999998],[-118.54999999999991,34.174999999999976],[-118.57499999999992,34.174999999999976],[-118.57499999999992,34.14999999999998]]]}},{"type":"Feature","properties":{"nearestScore":99,"avg5Score":96.8,"nearestDist":0.225,"reachMin":2.7,"walkMin":2.7,"bikeMin":0.9,"driveMin":0.3},"geometry":{"type":"Polygon","coordinates":[[[-118.54999999999991,34.14999999999998],[-118.5249999999999,34.14999999999998],[-118.5249999999999,34.174999999999976],[-118.54999999999991,34.174999999999976],[-118.54999999999991,34.14999999999998]]]}},{"type":"Feature","properties":{"nearestScore":92,"avg5Score":96.4,"nearestDist":0.165,"reachMin":2.0,"walkMin":2.0,"bikeMin":0.7,"driveMin":0.2},"geometry":{"type":"Polygon","coordinates":[[[-118.5249999999999,34.14999999999998],[-118.4999999999999,34.14999999999998],[-118.4999999999999,34.174999999999976],[-118.5249999999999,34.174999999999976],[-118.5249999999999,34.14999999999998]]]}},{"type":"Feature","properties":{"nearestScore":94,"avg5Score":95.2,"nearestDist":0.466,"reachMin":5.6,"walkMin":5.6,"bikeMin":1.9,"driveMin":0.7},"geometry":{"type":"Polygon","coordinates":[[[-118.4999999999999,34.14999999999998],[-118.4749999999999,34.14999999999998],[-118.4749999999999,34.174999999999976],[-118.4999999999999,34.174999999999976],[-118.4999999999999,34.14999999999998]]]}},{"type":"Feature","properties":{"nearestScore":95,"avg5Score":93.0,"nearestDist":0.372,"reachMin":4.5,"walkMin":4.5,"bikeMin":1.5,"driveMin":0.6},"geometry":{"type":"Polygon","coordinates":[[[-118.4749999999999,34.14999999999998],[-118.44999999999989,34.14999999999998],[-118.44999999999989,34.174999999999976],[-118.4749999999999,34.174999999999976],[-118.4749999999999,34.14999999999998]]]}},{"type":"Feature","properties":{"nearestScore":94,"avg5Score":95.2,"nearestDist":0.552,"reachMin":6.6,"walkMin":6.6,"bikeMin":2.2,"driveMin":0.8},"geometry":{"type":"Polygon","coordinates":[[[-118.44999999999989,34.14999999999998],[-118.42499999999988,34.14999999999998],[-118.42499999999988,34.174999999999976],[-118.44999999999989,34.174999999999976],[-118.44999999999989,34.14999999999998]]]}},{"type":"Feature","properties":{"nearestScore":91,"avg5Score":92.4,"nearestDist":0.294,"reachMin":3.5,"walkMin":3.5,"bikeMin":1.2,"driveMin":0.4},"geometry":{"type":"Polygon","coordinates":[[[-118.42499999999988,34.14999999999998],[-118.39999999999988,34.14999999999998],[-118.39999999999988,34.174999999999976],[-118.42499999999988,34.174999999999976],[-118.42499999999988,34.14999999999998]]]}},{"type":"Feature","properties":{"nearestScore":98,"avg5Score":93.2,"nearestDist":0.259,"reachMin":3.1,"walkMin":3.1,"bikeMin":1.0,"driveMin":0.4},"geometry":{"type":"Polygon","coordinates":[[[-118.39999999999988,34.14999999999998],[-118.37499999999987,34.14999999999998],[-118.37499999999987,34.174999999999976],[-118.39999999999988,34.174999999999976],[-118.39999999999988,34.14999999999998]]]}},{"type":"Feature","properties":{"nearestScore":98,"avg5Score":95.6,"nearestDist":0.261,"reachMin":3.1,"walkMin":3.1,"bikeMin":1.0,"driveMin":0.4},"geometry":{"type":"Polygon","coordinates":[[[-118.37499999999987,34.14999999999998],[-118.34999999999987,34.14999999999998],[-118.34999999999987,34.174999999999976],[-118.37499999999987,34.174999999999976],[-118.37499999999987,34.14999999999998]]]}},{"type":"Feature","properties":{"nearestScore":94,"avg5Score":97.4,"nearestDist":0.597,"reachMin":7.2,"walkMin":7.2,"bikeMin":2.4,"driveMin":0.9},"geometry":{"type":"Polygon","coordinates":[[[-118.34999999999987,34.14999999999998],[-118.32499999999986,34.14999999999998],[-118.32499999999986,34.174999999999976],[-118.34999999999987,34.174999999999976],[-118.34999999999987,34.14999999999998]]]}},{"type":"Feature","properties":{"nearestScore":97,"avg5Score":95.8,"nearestDist":0.091,"reachMin":1.1,"walkMin":1.1,"bikeMin":0.4,"driveMin":0.1},"geometry":{"type":"Polygon","coordinates":[[[-118.32499999999986,34.14999999999998],[-118.29999999999986,34.14999999999998],[-118.29999999999986,34.174999999999976],[-118.32499999999986,34.174999999999976],[-118.32499999999986,34.14999999999998]]]}},{"type":"Feature","properties":{"nearestScore":100,"avg5Score":98.6,"nearestDist":0.205,"reachMin":2.5,"walkMin":2.5,"bikeMin":0.8,"driveMin":0.3},"geometry":{"type":"Polygon","coordinates":[[[-118.29999999999986,34.14999999999998],[-118.27499999999985,34.14999999999998],[-118.27499999999985,34.174999999999976],[-118.29999999999986,34.174999999999976],[-118.29999999999986,34.14999999999998]]]}},{"type":"Feature","properties":{"nearestScore":99,"avg5Score":94.8,"nearestDist":0.153,"reachMin":1.8,"walkMin":1.8,"bikeMin":0.6,"driveMin":0.2},"geometry":{"type":"Polygon","coordinates":[[[-118.27499999999985,34.14999999999998],[-118.24999999999984,34.14999999999998],[-118.24999999999984,34.174999999999976],[-118.27499999999985,34.174999999999976],[-118.27499999999985,34.14999999999998]]]}},{"type":"Feature","properties":{"nearestScore":99,"avg5Score":97.2,"nearestDist":0.401,"reachMin":4.8,"walkMin":4.8,"bikeMin":1.6,"driveMin":0.6},"geometry":{"type":"Polygon","coordinates":[[[-118.24999999999984,34.14999999999998],[-118.22499999999984,34.14999999999998],[-118.22499999999984,34.174999999999976],[-118.24999999999984,34.174999999999976],[-118.24999999999984,34.14999999999998]]]}},{"type":"Feature","properties":{"nearestScore":92,"avg5Score":93.6,"nearestDist":0.992,"reachMin":11.9,"walkMin":11.9,"bikeMin":4.0,"driveMin":1.5},"geometry":{"type":"Polygon","coordinates":[[[-118.22499999999984,34.14999999999998],[-118.19999999999983,34.14999999999998],[-118.19999999999983,34.174999999999976],[-118.22499999999984,34.174999999999976],[-118.22499999999984,34.14999999999998]]]}},{"type":"Feature","properties":{"nearestScore":91,"avg5Score":94.0,"nearestDist":0.532,"reachMin":6.4,"walkMin":6.4,"bikeMin":2.1,"driveMin":0.8},"geometry":{"type":"Polygon","coordinates":[[[-118.19999999999983,34.14999999999998],[-118.17499999999983,34.14999999999998],[-118.17499999999983,34.174999999999976],[-118.19999999999983,34.174999999999976],[-118.19999999999983,34.14999999999998]]]}},{"type":"Feature","properties":{"nearestScore":97,"avg5Score":95.2,"nearestDist":2.249,"reachMin":27.0,"walkMin":27.0,"bikeMin":9.0,"driveMin":3.4},"geometry":{"type":"Polygon","coordinates":[[[-118.17499999999983,34.14999999999998],[-118.14999999999982,34.14999999999998],[-118.14999999999982,34.174999999999976],[-118.17499999999983,34.174999999999976],[-118.17499999999983,34.14999999999998]]]}},{"type":"Feature","properties":{"nearestScore":93,"avg5Score":95.8,"nearestDist":2.467,"reachMin":29.6,"walkMin":29.6,"bikeMin":9.9,"driveMin":3.7},"geometry":{"type":"Polygon","coordinates":[[[-118.14999999999982,34.14999999999998],[-118.12499999999982,34.14999999999998],[-118.12499999999982,34.174999999999976],[-118.14999999999982,34.174999999999976],[-118.14999999999982,34.14999999999998]]]}},{"type":"Feature","properties":{"nearestScore":94,"avg5Score":94.8,"nearestDist":1.269,"reachMin":15.2,"walkMin":15.2,"bikeMin":5.1,"driveMin":1.9},"geometry":{"type":"Polygon","coordinates":[[[-118.12499999999982,34.14999999999998],[-118.09999999999981,34.14999999999998],[-118.09999999999981,34.174999999999976],[-118.12499999999982,34.174999999999976],[-118.12499999999982,34.14999999999998]]]}},{"type":"Feature","properties":{"nearestScore":96,"avg5Score":96.0,"nearestDist":0.783,"reachMin":9.4,"walkMin":9.4,"bikeMin":3.1,"driveMin":1.2},"geometry":{"type":"Polygon","coordinates":[[[-118.09999999999981,34.14999999999998],[-118.0749999999998,34.14999999999998],[-118.0749999999998,34.174999999999976],[-118.09999999999981,34.174999999999976],[-118.09999999999981,34.14999999999998]]]}},{"type":"Feature","properties":{"nearestScore":94,"avg5Score":93.4,"nearestDist":0.235,"reachMin":2.8,"walkMin":2.8,"bikeMin":0.9,"driveMin":0.4},"geometry":{"type":"Polygon","coordinates":[[[-118.0749999999998,34.14999999999998],[-118.0499999999998,34.14999999999998],[-118.0499999999998,34.174999999999976],[-118.0749999999998,34.174999999999976],[-118.0749999999998,34.14999999999998]]]}},{"type":"Feature","properties":{"nearestScore":97,"avg5Score":96.2,"nearestDist":0.312,"reachMin":3.7,"walkMin":3.7,"bikeMin":1.2,"driveMin":0.5},"geometry":{"type":"Polygon","coordinates":[[[-118.0499999999998,34.14999999999998],[-118.02499999999979,34.14999999999998],[-118.02499999999979,34.174999999999976],[-118.0499999999998,34.174999999999976],[-118.0499999999998,34.14999999999998]]]}},{"type":"Feature","properties":{"nearestScore":96,"avg5Score":95.4,"nearestDist":1.274,"reachMin":15.3,"walkMin":15.3,"bikeMin":5.1,"driveMin":1.9},"geometry":{"type":"Polygon","coordinates":[[[-118.02499999999979,34.14999999999998],[-117.99999999999979,34.14999999999998],[-117.99999999999979,34.174999999999976],[-118.02499999999979,34.174999999999976],[-118.02499999999979,34.14999999999998]]]}},{"type":"Feature","properties":{"nearestScore":93,"avg5Score":94.2,"nearestDist":1.592,"reachMin":19.1,"walkMin":19.1,"bikeMin":6.4,"driveMin":2.4},"geometry":{"type":"Polygon","coordinates":[[[-117.99999999999979,34.14999999999998],[-117.97499999999978,34.14999999999998],[-117.97499999999978,34.174999999999976],[-117.99999999999979,34.174999999999976],[-117.99999999999979,34.14999999999998]]]}},{"type":"Feature","properties":{"nearestScore":91,"avg5Score":93.0,"nearestDist":2.14,"reachMin":25.7,"walkMin":25.7,"bikeMin":8.6,"driveMin":3.2},"geometry":{"type":"Polygon","coordinates":[[[-117.97499999999978,34.14999999999998],[-117.94999999999978,34.14999999999998],[-117.94999999999978,34.174999999999976],[-117.97499999999978,34.174999999999976],[-117.97499999999978,34.14999999999998]]]}},{"type":"Feature","properties":{"nearestScore":92,"avg5Score":94.8,"nearestDist":2.733,"reachMin":32.8,"walkMin":32.8,"bikeMin":10.9,"driveMin":4.1},"geometry":{"type":"Polygon","coordinates":[[[-117.94999999999978,34.14999999999998],[-117.92499999999977,34.14999999999998],[-117.92499999999977,34.174999999999976],[-117.94999999999978,34.174999999999976],[-117.94999999999978,34.14999999999998]]]}},{"type":"Feature","properties":{"nearestScore":92,"avg5Score":93.8,"nearestDist":1.8,"reachMin":21.6,"walkMin":21.6,"bikeMin":7.2,"driveMin":2.7},"geometry":{"type":"Polygon","coordinates":[[[-117.92499999999977,34.14999999999998],[-117.89999999999976,34.14999999999998],[-117.89999999999976,34.174999999999976],[-117.92499999999977,34.174999999999976],[-117.92499999999977,34.14999999999998]]]}},{"type":"Feature","properties":{"nearestScore":92,"avg5Score":93.6,"nearestDist":2.601,"reachMin":31.2,"walkMin":31.2,"bikeMin":10.4,"driveMin":3.9},"geometry":{"type":"Polygon","coordinates":[[[-117.89999999999976,34.14999999999998],[-117.87499999999976,34.14999999999998],[-117.87499999999976,34.174999999999976],[-117.89999999999976,34.174999999999976],[-117.89999999999976,34.14999999999998]]]}},{"type":"Feature","properties":{"nearestScore":95,"avg5Score":94.0,"nearestDist":2.612,"reachMin":31.3,"walkMin":31.3,"bikeMin":10.4,"driveMin":3.9},"geometry":{"type":"Polygon","coordinates":[[[-117.87499999999976,34.14999999999998],[-117.84999999999975,34.14999999999998],[-117.84999999999975,34.174999999999976],[-117.87499999999976,34.174999999999976],[-117.87499999999976,34.14999999999998]]]}},{"type":"Feature","properties":{"nearestScore":95,"avg5Score":93.4,"nearestDist":3.651,"reachMin":43.8,"walkMin":43.8,"bikeMin":14.6,"driveMin":5.5},"geometry":{"type":"Polygon","coordinates":[[[-117.84999999999975,34.14999999999998],[-117.82499999999975,34.14999999999998],[-117.82499999999975,34.174999999999976],[-117.84999999999975,34.174999999999976],[-117.84999999999975,34.14999999999998]]]}},{"type":"Feature","properties":{"nearestScore":94,"avg5Score":87.4,"nearestDist":3.412,"reachMin":40.9,"walkMin":40.9,"bikeMin":13.6,"driveMin":5.1},"geometry":{"type":"Polygon","coordinates":[[[-117.82499999999975,34.14999999999998],[-117.79999999999974,34.14999999999998],[-117.79999999999974,34.174999999999976],[-117.82499999999975,34.174999999999976],[-117.82499999999975,34.14999999999998]]]}},{"type":"Feature","properties":{"nearestScore":96,"avg5Score":95.4,"nearestDist":2.8,"reachMin":33.6,"walkMin":33.6,"bikeMin":11.2,"driveMin":4.2},"geometry":{"type":"Polygon","coordinates":[[[-117.79999999999974,34.14999999999998],[-117.77499999999974,34.14999999999998],[-117.77499999999974,34.174999999999976],[-117.79999999999974,34.174999999999976],[-117.79999999999974,34.14999999999998]]]}},{"type":"Feature","properties":{"nearestScore":99,"avg5Score":97.2,"nearestDist":1.917,"reachMin":23.0,"walkMin":23.0,"bikeMin":7.7,"driveMin":2.9},"geometry":{"type":"Polygon","coordinates":[[[-117.77499999999974,34.14999999999998],[-117.74999999999973,34.14999999999998],[-117.74999999999973,34.174999999999976],[-117.77499999999974,34.174999999999976],[-117.77499999999974,34.14999999999998]]]}},{"type":"Feature","properties":{"nearestScore":99,"avg5Score":95.0,"nearestDist":2.444,"reachMin":29.3,"walkMin":29.3,"bikeMin":9.8,"driveMin":3.7},"geometry":{"type":"Polygon","coordinates":[[[-117.74999999999973,34.14999999999998],[-117.72499999999972,34.14999999999998],[-117.72499999999972,34.174999999999976],[-117.74999999999973,34.174999999999976],[-117.74999999999973,34.14999999999998]]]}},{"type":"Feature","properties":{"nearestScore":99,"avg5Score":93.8,"nearestDist":4.342,"reachMin":52.1,"walkMin":52.1,"bikeMin":17.4,"driveMin":6.5},"geometry":{"type":"Polygon","coordinates":[[[-117.72499999999972,34.14999999999998],[-117.69999999999972,34.14999999999998],[-117.69999999999972,34.174999999999976],[-117.72499999999972,34.174999999999976],[-117.72499999999972,34.14999999999998]]]}},{"type":"Feature","properties":{"nearestScore":96,"avg5Score":94.8,"nearestDist":4.574,"reachMin":54.9,"walkMin":54.9,"bikeMin":18.3,"driveMin":6.9},"geometry":{"type":"Polygon","coordinates":[[[-117.69999999999972,34.14999999999998],[-117.67499999999971,34.14999999999998],[-117.67499999999971,34.174999999999976],[-117.69999999999972,34.174999999999976],[-117.69999999999972,34.14999999999998]]]}},{"type":"Feature","properties":{"nearestScore":96,"avg5Score":94.8,"nearestDist":5.37,"reachMin":64.4,"walkMin":64.4,"bikeMin":21.5,"driveMin":8.1},"geometry":{"type":"Polygon","coordinates":[[[-117.67499999999971,34.14999999999998],[-117.64999999999971,34.14999999999998],[-117.64999999999971,34.174999999999976],[-117.67499999999971,34.174999999999976],[-117.67499999999971,34.14999999999998]]]}},{"type":"Feature","properties":{"nearestScore":97,"avg5Score":96.6,"nearestDist":11.714,"reachMin":140.6,"walkMin":140.6,"bikeMin":46.9,"driveMin":17.6},"geometry":{"type":"Polygon","coordinates":[[[-118.95,34.174999999999976],[-118.925,34.174999999999976],[-118.925,34.199999999999974],[-118.95,34.199999999999974],[-118.95,34.174999999999976]]]}},{"type":"Feature","properties":{"nearestScore":97,"avg5Score":96.6,"nearestDist":9.611,"reachMin":115.3,"walkMin":115.3,"bikeMin":38.4,"driveMin":14.4},"geometry":{"type":"Polygon","coordinates":[[[-118.925,34.174999999999976],[-118.89999999999999,34.174999999999976],[-118.89999999999999,34.199999999999974],[-118.925,34.199999999999974],[-118.925,34.174999999999976]]]}},{"type":"Feature","properties":{"nearestScore":92,"avg5Score":96.6,"nearestDist":7.62,"reachMin":91.4,"walkMin":91.4,"bikeMin":30.5,"driveMin":11.4},"geometry":{"type":"Polygon","coordinates":[[[-118.89999999999999,34.174999999999976],[-118.87499999999999,34.174999999999976],[-118.87499999999999,34.199999999999974],[-118.89999999999999,34.199999999999974],[-118.89999999999999,34.174999999999976]]]}},{"type":"Feature","properties":{"nearestScore":92,"avg5Score":95.6,"nearestDist":5.856,"reachMin":70.3,"walkMin":70.3,"bikeMin":23.4,"driveMin":8.8},"geometry":{"type":"Polygon","coordinates":[[[-118.87499999999999,34.174999999999976],[-118.84999999999998,34.174999999999976],[-118.84999999999998,34.199999999999974],[-118.87499999999999,34.199999999999974],[-118.87499999999999,34.174999999999976]]]}},{"type":"Feature","properties":{"nearestScore":92,"avg5Score":96.0,"nearestDist":4.593,"reachMin":55.1,"walkMin":55.1,"bikeMin":18.4,"driveMin":6.9},"geometry":{"type":"Polygon","coordinates":[[[-118.84999999999998,34.174999999999976],[-118.82499999999997,34.174999999999976],[-118.82499999999997,34.199999999999974],[-118.84999999999998,34.199999999999974],[-118.84999999999998,34.174999999999976]]]}},{"type":"Feature","properties":{"nearestScore":97,"avg5Score":95.4,"nearestDist":3.536,"reachMin":42.4,"walkMin":42.4,"bikeMin":14.1,"driveMin":5.3},"geometry":{"type":"Polygon","coordinates":[[[-118.82499999999997,34.174999999999976],[-118.79999999999997,34.174999999999976],[-118.79999999999997,34.199999999999974],[-118.82499999999997,34.199999999999974],[-118.82499999999997,34.174999999999976]]]}},{"type":"Feature","properties":{"nearestScore":97,"avg5Score":95.6,"nearestDist":3.507,"reachMin":42.1,"walkMin":42.1,"bikeMin":14.0,"driveMin":5.3},"geometry":{"type":"Polygon","coordinates":[[[-118.79999999999997,34.174999999999976],[-118.77499999999996,34.174999999999976],[-118.77499999999996,34.199999999999974],[-118.79999999999997,34.199999999999974],[-118.79999999999997,34.174999999999976]]]}},{"type":"Feature","properties":{"nearestScore":92,"avg5Score":93.6,"nearestDist":3.5,"reachMin":42.0,"walkMin":42.0,"bikeMin":14.0,"driveMin":5.2},"geometry":{"type":"Polygon","coordinates":[[[-118.77499999999996,34.174999999999976],[-118.74999999999996,34.174999999999976],[-118.74999999999996,34.199999999999974],[-118.77499999999996,34.199999999999974],[-118.77499999999996,34.174999999999976]]]}},{"type":"Feature","properties":{"nearestScore":92,"avg5Score":93.6,"nearestDist":3.859,"reachMin":46.3,"walkMin":46.3,"bikeMin":15.4,"driveMin":5.8},"geometry":{"type":"Polygon","coordinates":[[[-118.74999999999996,34.174999999999976],[-118.72499999999995,34.174999999999976],[-118.72499999999995,34.199999999999974],[-118.74999999999996,34.199999999999974],[-118.74999999999996,34.174999999999976]]]}},{"type":"Feature","properties":{"nearestScore":98,"avg5Score":97.4,"nearestDist":2.786,"reachMin":33.4,"walkMin":33.4,"bikeMin":11.1,"driveMin":4.2},"geometry":{"type":"Polygon","coordinates":[[[-118.72499999999995,34.174999999999976],[-118.69999999999995,34.174999999999976],[-118.69999999999995,34.199999999999974],[-118.72499999999995,34.199999999999974],[-118.72499999999995,34.174999999999976]]]}},{"type":"Feature","properties":{"nearestScore":99,"avg5Score":97.4,"nearestDist":2.895,"reachMin":34.7,"walkMin":34.7,"bikeMin":11.6,"driveMin":4.3},"geometry":{"type":"Polygon","coordinates":[[[-118.69999999999995,34.174999999999976],[-118.67499999999994,34.174999999999976],[-118.67499999999994,34.199999999999974],[-118.69999999999995,34.199999999999974],[-118.69999999999995,34.174999999999976]]]}},{"type":"Feature","properties":{"nearestScore":99,"avg5Score":97.6,"nearestDist":0.76,"reachMin":9.1,"walkMin":9.1,"bikeMin":3.0,"driveMin":1.1},"geometry":{"type":"Polygon","coordinates":[[[-118.67499999999994,34.174999999999976],[-118.64999999999993,34.174999999999976],[-118.64999999999993,34.199999999999974],[-118.67499999999994,34.199999999999974],[-118.67499999999994,34.174999999999976]]]}},{"type":"Feature","properties":{"nearestScore":97,"avg5Score":97.4,"nearestDist":0.383,"reachMin":4.6,"walkMin":4.6,"bikeMin":1.5,"driveMin":0.6},"geometry":{"type":"Polygon","coordinates":[[[-118.64999999999993,34.174999999999976],[-118.62499999999993,34.174999999999976],[-118.62499999999993,34.199999999999974],[-118.64999999999993,34.199999999999974],[-118.64999999999993,34.174999999999976]]]}},{"type":"Feature","properties":{"nearestScore":98,"avg5Score":95.4,"nearestDist":0.594,"reachMin":7.1,"walkMin":7.1,"bikeMin":2.4,"driveMin":0.9},"geometry":{"type":"Polygon","coordinates":[[[-118.62499999999993,34.174999999999976],[-118.59999999999992,34.174999999999976],[-118.59999999999992,34.199999999999974],[-118.62499999999993,34.199999999999974],[-118.62499999999993,34.174999999999976]]]}},{"type":"Feature","properties":{"nearestScore":95,"avg5Score":95.4,"nearestDist":0.357,"reachMin":4.3,"walkMin":4.3,"bikeMin":1.4,"driveMin":0.5},"geometry":{"type":"Polygon","coordinates":[[[-118.59999999999992,34.174999999999976],[-118.57499999999992,34.174999999999976],[-118.57499999999992,34.199999999999974],[-118.59999999999992,34.199999999999974],[-118.59999999999992,34.174999999999976]]]}},{"type":"Feature","properties":{"nearestScore":95,"avg5Score":95.4,"nearestDist":0.579,"reachMin":6.9,"walkMin":6.9,"bikeMin":2.3,"driveMin":0.9},"geometry":{"type":"Polygon","coordinates":[[[-118.57499999999992,34.174999999999976],[-118.54999999999991,34.174999999999976],[-118.54999999999991,34.199999999999974],[-118.57499999999992,34.199999999999974],[-118.57499999999992,34.174999999999976]]]}},{"type":"Feature","properties":{"nearestScore":97,"avg5Score":96.6,"nearestDist":0.15,"reachMin":1.8,"walkMin":1.8,"bikeMin":0.6,"driveMin":0.2},"geometry":{"type":"Polygon","coordinates":[[[-118.54999999999991,34.174999999999976],[-118.5249999999999,34.174999999999976],[-118.5249999999999,34.199999999999974],[-118.54999999999991,34.199999999999974],[-118.54999999999991,34.174999999999976]]]}},{"type":"Feature","properties":{"nearestScore":98,"avg5Score":96.2,"nearestDist":0.107,"reachMin":1.3,"walkMin":1.3,"bikeMin":0.4,"driveMin":0.2},"geometry":{"type":"Polygon","coordinates":[[[-118.5249999999999,34.174999999999976],[-118.4999999999999,34.174999999999976],[-118.4999999999999,34.199999999999974],[-118.5249999999999,34.199999999999974],[-118.5249999999999,34.174999999999976]]]}},{"type":"Feature","properties":{"nearestScore":100,"avg5Score":97.2,"nearestDist":0.264,"reachMin":3.2,"walkMin":3.2,"bikeMin":1.1,"driveMin":0.4},"geometry":{"type":"Polygon","coordinates":[[[-118.4999999999999,34.174999999999976],[-118.4749999999999,34.174999999999976],[-118.4749999999999,34.199999999999974],[-118.4999999999999,34.199999999999974],[-118.4999999999999,34.174999999999976]]]}},{"type":"Feature","properties":{"nearestScore":98,"avg5Score":96.0,"nearestDist":0.249,"reachMin":3.0,"walkMin":3.0,"bikeMin":1.0,"driveMin":0.4},"geometry":{"type":"Polygon","coordinates":[[[-118.4749999999999,34.174999999999976],[-118.44999999999989,34.174999999999976],[-118.44999999999989,34.199999999999974],[-118.4749999999999,34.199999999999974],[-118.4749999999999,34.174999999999976]]]}},{"type":"Feature","properties":{"nearestScore":92,"avg5Score":91.0,"nearestDist":0.178,"reachMin":2.1,"walkMin":2.1,"bikeMin":0.7,"driveMin":0.3},"geometry":{"type":"Polygon","coordinates":[[[-118.44999999999989,34.174999999999976],[-118.42499999999988,34.174999999999976],[-118.42499999999988,34.199999999999974],[-118.44999999999989,34.199999999999974],[-118.44999999999989,34.174999999999976]]]}},{"type":"Feature","properties":{"nearestScore":93,"avg5Score":93.4,"nearestDist":0.103,"reachMin":1.2,"walkMin":1.2,"bikeMin":0.4,"driveMin":0.2},"geometry":{"type":"Polygon","coordinates":[[[-118.42499999999988,34.174999999999976],[-118.39999999999988,34.174999999999976],[-118.39999999999988,34.199999999999974],[-118.42499999999988,34.199999999999974],[-118.42499999999988,34.174999999999976]]]}},{"type":"Feature","properties":{"nearestScore":91,"avg5Score":92.8,"nearestDist":0.033,"reachMin":0.4,"walkMin":0.4,"bikeMin":0.1,"driveMin":0.0},"geometry":{"type":"Polygon","coordinates":[[[-118.39999999999988,34.174999999999976],[-118.37499999999987,34.174999999999976],[-118.37499999999987,34.199999999999974],[-118.39999999999988,34.199999999999974],[-118.39999999999988,34.174999999999976]]]}},{"type":"Feature","properties":{"nearestScore":96,"avg5Score":93.2,"nearestDist":0.341,"reachMin":4.1,"walkMin":4.1,"bikeMin":1.4,"driveMin":0.5},"geometry":{"type":"Polygon","coordinates":[[[-118.37499999999987,34.174999999999976],[-118.34999999999987,34.174999999999976],[-118.34999999999987,34.199999999999974],[-118.37499999999987,34.199999999999974],[-118.37499999999987,34.174999999999976]]]}},{"type":"Feature","properties":{"nearestScore":93,"avg5Score":95.0,"nearestDist":0.328,"reachMin":3.9,"walkMin":3.9,"bikeMin":1.3,"driveMin":0.5},"geometry":{"type":"Polygon","coordinates":[[[-118.34999999999987,34.174999999999976],[-118.32499999999986,34.174999999999976],[-118.32499999999986,34.199999999999974],[-118.34999999999987,34.199999999999974],[-118.34999999999987,34.174999999999976]]]}},{"type":"Feature","properties":{"nearestScore":95,"avg5Score":96.0,"nearestDist":0.2,"reachMin":2.4,"walkMin":2.4,"bikeMin":0.8,"driveMin":0.3},"geometry":{"type":"Polygon","coordinates":[[[-118.32499999999986,34.174999999999976],[-118.29999999999986,34.174999999999976],[-118.29999999999986,34.199999999999974],[-118.32499999999986,34.199999999999974],[-118.32499999999986,34.174999999999976]]]}},{"type":"Feature","properties":{"nearestScore":96,"avg5Score":96.2,"nearestDist":1.543,"reachMin":18.5,"walkMin":18.5,"bikeMin":6.2,"driveMin":2.3},"geometry":{"type":"Polygon","coordinates":[[[-118.29999999999986,34.174999999999976],[-118.27499999999985,34.174999999999976],[-118.27499999999985,34.199999999999974],[-118.29999999999986,34.199999999999974],[-118.29999999999986,34.174999999999976]]]}},{"type":"Feature","properties":{"nearestScore":91,"avg5Score":93.2,"nearestDist":2.27,"reachMin":27.2,"walkMin":27.2,"bikeMin":9.1,"driveMin":3.4},"geometry":{"type":"Polygon","coordinates":[[[-118.27499999999985,34.174999999999976],[-118.24999999999984,34.174999999999976],[-118.24999999999984,34.199999999999974],[-118.27499999999985,34.199999999999974],[-118.27499999999985,34.174999999999976]]]}},{"type":"Feature","properties":{"nearestScore":94,"avg5Score":93.4,"nearestDist":0.716,"reachMin":8.6,"walkMin":8.6,"bikeMin":2.9,"driveMin":1.1},"geometry":{"type":"Polygon","coordinates":[[[-118.24999999999984,34.174999999999976],[-118.22499999999984,34.174999999999976],[-118.22499999999984,34.199999999999974],[-118.24999999999984,34.199999999999974],[-118.24999999999984,34.174999999999976]]]}},{"type":"Feature","properties":{"nearestScore":92,"avg5Score":90.6,"nearestDist":1.214,"reachMin":14.6,"walkMin":14.6,"bikeMin":4.9,"driveMin":1.8},"geometry":{"type":"Polygon","coordinates":[[[-118.22499999999984,34.174999999999976],[-118.19999999999983,34.174999999999976],[-118.19999999999983,34.199999999999974],[-118.22499999999984,34.199999999999974],[-118.22499999999984,34.174999999999976]]]}},{"type":"Feature","properties":{"nearestScore":98,"avg5Score":93.8,"nearestDist":1.107,"reachMin":13.3,"walkMin":13.3,"bikeMin":4.4,"driveMin":1.7},"geometry":{"type":"Polygon","coordinates":[[[-118.19999999999983,34.174999999999976],[-118.17499999999983,34.174999999999976],[-118.17499999999983,34.199999999999974],[-118.19999999999983,34.199999999999974],[-118.19999999999983,34.174999999999976]]]}},{"type":"Feature","properties":{"nearestScore":95,"avg5Score":95.2,"nearestDist":0.324,"reachMin":3.9,"walkMin":3.9,"bikeMin":1.3,"driveMin":0.5},"geometry":{"type":"Polygon","coordinates":[[[-118.17499999999983,34.174999999999976],[-118.14999999999982,34.174999999999976],[-118.14999999999982,34.199999999999974],[-118.17499999999983,34.199999999999974],[-118.17499999999983,34.174999999999976]]]}},{"type":"Feature","properties":{"nearestScore":93,"avg5Score":94.6,"nearestDist":0.51,"reachMin":6.1,"walkMin":6.1,"bikeMin":2.0,"driveMin":0.8},"geometry":{"type":"Polygon","coordinates":[[[-118.14999999999982,34.174999999999976],[-118.12499999999982,34.174999999999976],[-118.12499999999982,34.199999999999974],[-118.14999999999982,34.199999999999974],[-118.14999999999982,34.174999999999976]]]}},{"type":"Feature","properties":{"nearestScore":94,"avg5Score":94.8,"nearestDist":0.992,"reachMin":11.9,"walkMin":11.9,"bikeMin":4.0,"driveMin":1.5},"geometry":{"type":"Polygon","coordinates":[[[-118.12499999999982,34.174999999999976],[-118.09999999999981,34.174999999999976],[-118.09999999999981,34.199999999999974],[-118.12499999999982,34.199999999999974],[-118.12499999999982,34.174999999999976]]]}},{"type":"Feature","properties":{"nearestScore":97,"avg5Score":95.4,"nearestDist":2.197,"reachMin":26.4,"walkMin":26.4,"bikeMin":8.8,"driveMin":3.3},"geometry":{"type":"Polygon","coordinates":[[[-118.09999999999981,34.174999999999976],[-118.0749999999998,34.174999999999976],[-118.0749999999998,34.199999999999974],[-118.09999999999981,34.199999999999974],[-118.09999999999981,34.174999999999976]]]}},{"type":"Feature","properties":{"nearestScore":94,"avg5Score":93.6,"nearestDist":2.855,"reachMin":34.3,"walkMin":34.3,"bikeMin":11.4,"driveMin":4.3},"geometry":{"type":"Polygon","coordinates":[[[-118.0749999999998,34.174999999999976],[-118.0499999999998,34.174999999999976],[-118.0499999999998,34.199999999999974],[-118.0749999999998,34.199999999999974],[-118.0749999999998,34.174999999999976]]]}},{"type":"Feature","properties":{"nearestScore":97,"avg5Score":96.6,"nearestDist":2.85,"reachMin":34.2,"walkMin":34.2,"bikeMin":11.4,"driveMin":4.3},"geometry":{"type":"Polygon","coordinates":[[[-118.0499999999998,34.174999999999976],[-118.02499999999979,34.174999999999976],[-118.02499999999979,34.199999999999974],[-118.0499999999998,34.199999999999974],[-118.0499999999998,34.174999999999976]]]}},{"type":"Feature","properties":{"nearestScore":97,"avg5Score":96.2,"nearestDist":3.85,"reachMin":46.2,"walkMin":46.2,"bikeMin":15.4,"driveMin":5.8},"geometry":{"type":"Polygon","coordinates":[[[-118.02499999999979,34.174999999999976],[-117.99999999999979,34.174999999999976],[-117.99999999999979,34.199999999999974],[-118.02499999999979,34.199999999999974],[-118.02499999999979,34.174999999999976]]]}},{"type":"Feature","properties":{"nearestScore":93,"avg5Score":94.0,"nearestDist":4.135,"reachMin":49.6,"walkMin":49.6,"bikeMin":16.5,"driveMin":6.2},"geometry":{"type":"Polygon","coordinates":[[[-117.99999999999979,34.174999999999976],[-117.97499999999978,34.174999999999976],[-117.97499999999978,34.199999999999974],[-117.99999999999979,34.199999999999974],[-117.99999999999979,34.174999999999976]]]}},{"type":"Feature","properties":{"nearestScore":91,"avg5Score":93.4,"nearestDist":4.887,"reachMin":58.6,"walkMin":58.6,"bikeMin":19.5,"driveMin":7.3},"geometry":{"type":"Polygon","coordinates":[[[-117.97499999999978,34.174999999999976],[-117.94999999999978,34.174999999999976],[-117.94999999999978,34.199999999999974],[-117.97499999999978,34.199999999999974],[-117.97499999999978,34.174999999999976]]]}},{"type":"Feature","properties":{"nearestScore":92,"avg5Score":92.4,"nearestDist":5.246,"reachMin":63.0,"walkMin":63.0,"bikeMin":21.0,"driveMin":7.9},"geometry":{"type":"Polygon","coordinates":[[[-117.94999999999978,34.174999999999976],[-117.92499999999977,34.174999999999976],[-117.92499999999977,34.199999999999974],[-117.94999999999978,34.199999999999974],[-117.94999999999978,34.174999999999976]]]}},{"type":"Feature","properties":{"nearestScore":92,"avg5Score":93.8,"nearestDist":4.561,"reachMin":54.7,"walkMin":54.7,"bikeMin":18.2,"driveMin":6.8},"geometry":{"type":"Polygon","coordinates":[[[-117.92499999999977,34.174999999999976],[-117.89999999999976,34.174999999999976],[-117.89999999999976,34.199999999999974],[-117.92499999999977,34.199999999999974],[-117.92499999999977,34.174999999999976]]]}},{"type":"Feature","properties":{"nearestScore":92,"avg5Score":93.6,"nearestDist":4.933,"reachMin":59.2,"walkMin":59.2,"bikeMin":19.7,"driveMin":7.4},"geometry":{"type":"Polygon","coordinates":[[[-117.89999999999976,34.174999999999976],[-117.87499999999976,34.174999999999976],[-117.87499999999976,34.199999999999974],[-117.89999999999976,34.199999999999974],[-117.89999999999976,34.174999999999976]]]}},{"type":"Feature","properties":{"nearestScore":95,"avg5Score":94.0,"nearestDist":5.385,"reachMin":64.6,"walkMin":64.6,"bikeMin":21.5,"driveMin":8.1},"geometry":{"type":"Polygon","coordinates":[[[-117.87499999999976,34.174999999999976],[-117.84999999999975,34.174999999999976],[-117.84999999999975,34.199999999999974],[-117.87499999999976,34.199999999999974],[-117.87499999999976,34.174999999999976]]]}},{"type":"Feature","properties":{"nearestScore":95,"avg5Score":94.0,"nearestDist":5.958,"reachMin":71.5,"walkMin":71.5,"bikeMin":23.8,"driveMin":8.9},"geometry":{"type":"Polygon","coordinates":[[[-117.84999999999975,34.174999999999976],[-117.82499999999975,34.174999999999976],[-117.82499999999975,34.199999999999974],[-117.84999999999975,34.199999999999974],[-117.84999999999975,34.174999999999976]]]}},{"type":"Feature","properties":{"nearestScore":96,"avg5Score":94.2,"nearestDist":6.103,"reachMin":73.2,"walkMin":73.2,"bikeMin":24.4,"driveMin":9.2},"geometry":{"type":"Polygon","coordinates":[[[-117.82499999999975,34.174999999999976],[-117.79999999999974,34.174999999999976],[-117.79999999999974,34.199999999999974],[-117.82499999999975,34.199999999999974],[-117.82499999999975,34.174999999999976]]]}},{"type":"Feature","properties":{"nearestScore":99,"avg5Score":95.4,"nearestDist":5.451,"reachMin":65.4,"walkMin":65.4,"bikeMin":21.8,"driveMin":8.2},"geometry":{"type":"Polygon","coordinates":[[[-117.79999999999974,34.174999999999976],[-117.77499999999974,34.174999999999976],[-117.77499999999974,34.199999999999974],[-117.79999999999974,34.199999999999974],[-117.79999999999974,34.174999999999976]]]}},{"type":"Feature","properties":{"nearestScore":99,"avg5Score":92.0,"nearestDist":4.629,"reachMin":55.5,"walkMin":55.5,"bikeMin":18.5,"driveMin":6.9},"geometry":{"type":"Polygon","coordinates":[[[-117.77499999999974,34.174999999999976],[-117.74999999999973,34.174999999999976],[-117.74999999999973,34.199999999999974],[-117.77499999999974,34.199999999999974],[-117.77499999999974,34.174999999999976]]]}},{"type":"Feature","properties":{"nearestScore":99,"avg5Score":95.0,"nearestDist":4.871,"reachMin":58.5,"walkMin":58.5,"bikeMin":19.5,"driveMin":7.3},"geometry":{"type":"Polygon","coordinates":[[[-117.74999999999973,34.174999999999976],[-117.72499999999972,34.174999999999976],[-117.72499999999972,34.199999999999974],[-117.74999999999973,34.199999999999974],[-117.74999999999973,34.174999999999976]]]}},{"type":"Feature","properties":{"nearestScore":99,"avg5Score":93.8,"nearestDist":6.05,"reachMin":72.6,"walkMin":72.6,"bikeMin":24.2,"driveMin":9.1},"geometry":{"type":"Polygon","coordinates":[[[-117.72499999999972,34.174999999999976],[-117.69999999999972,34.174999999999976],[-117.69999999999972,34.199999999999974],[-117.72499999999972,34.199999999999974],[-117.72499999999972,34.174999999999976]]]}},{"type":"Feature","properties":{"nearestScore":96,"avg5Score":94.8,"nearestDist":7.341,"reachMin":88.1,"walkMin":88.1,"bikeMin":29.4,"driveMin":11.0},"geometry":{"type":"Polygon","coordinates":[[[-117.69999999999972,34.174999999999976],[-117.67499999999971,34.174999999999976],[-117.67499999999971,34.199999999999974],[-117.69999999999972,34.199999999999974],[-117.69999999999972,34.174999999999976]]]}},{"type":"Feature","properties":{"nearestScore":96,"avg5Score":94.8,"nearestDist":7.861,"reachMin":94.3,"walkMin":94.3,"bikeMin":31.4,"driveMin":11.8},"geometry":{"type":"Polygon","coordinates":[[[-117.67499999999971,34.174999999999976],[-117.64999999999971,34.174999999999976],[-117.64999999999971,34.199999999999974],[-117.67499999999971,34.199999999999974],[-117.67499999999971,34.174999999999976]]]}},{"type":"Feature","properties":{"nearestScore":92,"avg5Score":96.6,"nearestDist":12.99,"reachMin":155.9,"walkMin":155.9,"bikeMin":52.0,"driveMin":19.5},"geometry":{"type":"Polygon","coordinates":[[[-118.95,34.199999999999974],[-118.925,34.199999999999974],[-118.925,34.22499999999997],[-118.95,34.22499999999997],[-118.95,34.199999999999974]]]}},{"type":"Feature","properties":{"nearestScore":92,"avg5Score":95.6,"nearestDist":11.127,"reachMin":133.5,"walkMin":133.5,"bikeMin":44.5,"driveMin":16.7},"geometry":{"type":"Polygon","coordinates":[[[-118.925,34.199999999999974],[-118.89999999999999,34.199999999999974],[-118.89999999999999,34.22499999999997],[-118.925,34.22499999999997],[-118.925,34.199999999999974]]]}},{"type":"Feature","properties":{"nearestScore":92,"avg5Score":95.6,"nearestDist":9.458,"reachMin":113.5,"walkMin":113.5,"bikeMin":37.8,"driveMin":14.2},"geometry":{"type":"Polygon","coordinates":[[[-118.89999999999999,34.199999999999974],[-118.87499999999999,34.199999999999974],[-118.87499999999999,34.22499999999997],[-118.89999999999999,34.22499999999997],[-118.89999999999999,34.199999999999974]]]}},{"type":"Feature","properties":{"nearestScore":92,"avg5Score":96.0,"nearestDist":8.105,"reachMin":97.3,"walkMin":97.3,"bikeMin":32.4,"driveMin":12.2},"geometry":{"type":"Polygon","coordinates":[[[-118.87499999999999,34.199999999999974],[-118.84999999999998,34.199999999999974],[-118.84999999999998,34.22499999999997],[-118.87499999999999,34.22499999999997],[-118.87499999999999,34.199999999999974]]]}},{"type":"Feature","properties":{"nearestScore":97,"avg5Score":95.2,"nearestDist":7.037,"reachMin":84.4,"walkMin":84.4,"bikeMin":28.1,"driveMin":10.6},"geometry":{"type":"Polygon","coordinates":[[[-118.84999999999998,34.199999999999974],[-118.82499999999997,34.199999999999974],[-118.82499999999997,34.22499999999997],[-118.84999999999998,34.22499999999997],[-118.84999999999998,34.199999999999974]]]}},{"type":"Feature","properties":{"nearestScore":97,"avg5Score":95.0,"nearestDist":6.224,"reachMin":74.7,"walkMin":74.7,"bikeMin":24.9,"driveMin":9.3},"geometry":{"type":"Polygon","coordinates":[[[-118.82499999999997,34.199999999999974],[-118.79999999999997,34.199999999999974],[-118.79999999999997,34.22499999999997],[-118.82499999999997,34.22499999999997],[-118.82499999999997,34.199999999999974]]]}},{"type":"Feature","properties":{"nearestScore":97,"avg5Score":95.6,"nearestDist":6.207,"reachMin":74.5,"walkMin":74.5,"bikeMin":24.8,"driveMin":9.3},"geometry":{"type":"Polygon","coordinates":[[[-118.79999999999997,34.199999999999974],[-118.77499999999996,34.199999999999974],[-118.77499999999996,34.22499999999997],[-118.79999999999997,34.22499999999997],[-118.79999999999997,34.199999999999974]]]}},{"type":"Feature","properties":{"nearestScore":92,"avg5Score":93.6,"nearestDist":6.259,"reachMin":75.1,"walkMin":75.1,"bikeMin":25.0,"driveMin":9.4},"geometry":{"type":"Polygon","coordinates":[[[-118.77499999999996,34.199999999999974],[-118.74999999999996,34.199999999999974],[-118.74999999999996,34.22499999999997],[-118.77499999999996,34.22499999999997],[-118.77499999999996,34.199999999999974]]]}},{"type":"Feature","properties":{"nearestScore":98,"avg5Score":94.2,"nearestDist":6.294,"reachMin":75.5,"walkMin":75.5,"bikeMin":25.2,"driveMin":9.4},"geometry":{"type":"Polygon","coordinates":[[[-118.74999999999996,34.199999999999974],[-118.72499999999995,34.199999999999974],[-118.72499999999995,34.22499999999997],[-118.74999999999996,34.22499999999997],[-118.74999999999996,34.199999999999974]]]}},{"type":"Feature","properties":{"nearestScore":98,"avg5Score":97.4,"nearestDist":5.488,"reachMin":65.9,"walkMin":65.9,"bikeMin":22.0,"driveMin":8.2},"geometry":{"type":"Polygon","coordinates":[[[-118.72499999999995,34.199999999999974],[-118.69999999999995,34.199999999999974],[-118.69999999999995,34.22499999999997],[-118.72499999999995,34.22499999999997],[-118.72499999999995,34.199999999999974]]]}},{"type":"Feature","properties":{"nearestScore":94,"avg5Score":96.0,"nearestDist":3.941,"reachMin":47.3,"walkMin":47.3,"bikeMin":15.8,"driveMin":5.9},"geometry":{"type":"Polygon","coordinates":[[[-118.69999999999995,34.199999999999974],[-118.67499999999994,34.199999999999974],[-118.67499999999994,34.22499999999997],[-118.69999999999995,34.22499999999997],[-118.69999999999995,34.199999999999974]]]}},{"type":"Feature","properties":{"nearestScore":94,"avg5Score":96.0,"nearestDist":1.741,"reachMin":20.9,"walkMin":20.9,"bikeMin":7.0,"driveMin":2.6},"geometry":{"type":"Polygon","coordinates":[[[-118.67499999999994,34.199999999999974],[-118.64999999999993,34.199999999999974],[-118.64999999999993,34.22499999999997],[-118.67499999999994,34.22499999999997],[-118.67499999999994,34.199999999999974]]]}},{"type":"Feature","properties":{"nearestScore":94,"avg5Score":96.0,"nearestDist":0.947,"reachMin":11.4,"walkMin":11.4,"bikeMin":3.8,"driveMin":1.4},"geometry":{"type":"Polygon","coordinates":[[[-118.64999999999993,34.199999999999974],[-118.62499999999993,34.199999999999974],[-118.62499999999993,34.22499999999997],[-118.64999999999993,34.22499999999997],[-118.64999999999993,34.199999999999974]]]}},{"type":"Feature","properties":{"nearestScore":98,"avg5Score":96.8,"nearestDist":0.751,"reachMin":9.0,"walkMin":9.0,"bikeMin":3.0,"driveMin":1.1},"geometry":{"type":"Polygon","coordinates":[[[-118.62499999999993,34.199999999999974],[-118.59999999999992,34.199999999999974],[-118.59999999999992,34.22499999999997],[-118.62499999999993,34.22499999999997],[-118.62499999999993,34.199999999999974]]]}},{"type":"Feature","properties":{"nearestScore":99,"avg5Score":97.4,"nearestDist":0.671,"reachMin":8.1,"walkMin":8.1,"bikeMin":2.7,"driveMin":1.0},"geometry":{"type":"Polygon","coordinates":[[[-118.59999999999992,34.199999999999974],[-118.57499999999992,34.199999999999974],[-118.57499999999992,34.22499999999997],[-118.59999999999992,34.22499999999997],[-118.59999999999992,34.199999999999974]]]}},{"type":"Feature","properties":{"nearestScore":97,"avg5Score":96.4,"nearestDist":0.821,"reachMin":9.9,"walkMin":9.9,"bikeMin":3.3,"driveMin":1.2},"geometry":{"type":"Polygon","coordinates":[[[-118.57499999999992,34.199999999999974],[-118.54999999999991,34.199999999999974],[-118.54999999999991,34.22499999999997],[-118.57499999999992,34.22499999999997],[-118.57499999999992,34.199999999999974]]]}},{"type":"Feature","properties":{"nearestScore":97,"avg5Score":94.2,"nearestDist":0.421,"reachMin":5.1,"walkMin":5.1,"bikeMin":1.7,"driveMin":0.6},"geometry":{"type":"Polygon","coordinates":[[[-118.54999999999991,34.199999999999974],[-118.5249999999999,34.199999999999974],[-118.5249999999999,34.22499999999997],[-118.54999999999991,34.22499999999997],[-118.54999999999991,34.199999999999974]]]}},{"type":"Feature","properties":{"nearestScore":92,"avg5Score":95.4,"nearestDist":0.49,"reachMin":5.9,"walkMin":5.9,"bikeMin":2.0,"driveMin":0.7},"geometry":{"type":"Polygon","coordinates":[[[-118.5249999999999,34.199999999999974],[-118.4999999999999,34.199999999999974],[-118.4999999999999,34.22499999999997],[-118.5249999999999,34.22499999999997],[-118.5249999999999,34.199999999999974]]]}},{"type":"Feature","properties":{"nearestScore":95,"avg5Score":94.0,"nearestDist":0.392,"reachMin":4.7,"walkMin":4.7,"bikeMin":1.6,"driveMin":0.6},"geometry":{"type":"Polygon","coordinates":[[[-118.4999999999999,34.199999999999974],[-118.4749999999999,34.199999999999974],[-118.4749999999999,34.22499999999997],[-118.4999999999999,34.22499999999997],[-118.4999999999999,34.199999999999974]]]}},{"type":"Feature","properties":{"nearestScore":95,"avg5Score":92.6,"nearestDist":0.347,"reachMin":4.2,"walkMin":4.2,"bikeMin":1.4,"driveMin":0.5},"geometry":{"type":"Polygon","coordinates":[[[-118.4749999999999,34.199999999999974],[-118.44999999999989,34.199999999999974],[-118.44999999999989,34.22499999999997],[-118.4749999999999,34.22499999999997],[-118.4749999999999,34.199999999999974]]]}},{"type":"Feature","properties":{"nearestScore":100,"avg5Score":93.8,"nearestDist":0.698,"reachMin":8.4,"walkMin":8.4,"bikeMin":2.8,"driveMin":1.0},"geometry":{"type":"Polygon","coordinates":[[[-118.44999999999989,34.199999999999974],[-118.42499999999988,34.199999999999974],[-118.42499999999988,34.22499999999997],[-118.44999999999989,34.22499999999997],[-118.44999999999989,34.199999999999974]]]}},{"type":"Feature","properties":{"nearestScore":91,"avg5Score":92.6,"nearestDist":0.743,"reachMin":8.9,"walkMin":8.9,"bikeMin":3.0,"driveMin":1.1},"geometry":{"type":"Polygon","coordinates":[[[-118.42499999999988,34.199999999999974],[-118.39999999999988,34.199999999999974],[-118.39999999999988,34.22499999999997],[-118.42499999999988,34.22499999999997],[-118.42499999999988,34.199999999999974]]]}},{"type":"Feature","properties":{"nearestScore":91,"avg5Score":94.8,"nearestDist":0.392,"reachMin":4.7,"walkMin":4.7,"bikeMin":1.6,"driveMin":0.6},"geometry":{"type":"Polygon","coordinates":[[[-118.39999999999988,34.199999999999974],[-118.37499999999987,34.199999999999974],[-118.37499999999987,34.22499999999997],[-118.39999999999988,34.22499999999997],[-118.39999999999988,34.199999999999974]]]}},{"type":"Feature","properties":{"nearestScore":97,"avg5Score":94.8,"nearestDist":0.762,"reachMin":9.1,"walkMin":9.1,"bikeMin":3.0,"driveMin":1.1},"geometry":{"type":"Polygon","coordinates":[[[-118.37499999999987,34.199999999999974],[-118.34999999999987,34.199999999999974],[-118.34999999999987,34.22499999999997],[-118.37499999999987,34.22499999999997],[-118.37499999999987,34.199999999999974]]]}},{"type":"Feature","properties":{"nearestScore":94,"avg5Score":92.8,"nearestDist":0.703,"reachMin":8.4,"walkMin":8.4,"bikeMin":2.8,"driveMin":1.1},"geometry":{"type":"Polygon","coordinates":[[[-118.34999999999987,34.199999999999974],[-118.32499999999986,34.199999999999974],[-118.32499999999986,34.22499999999997],[-118.34999999999987,34.22499999999997],[-118.34999999999987,34.199999999999974]]]}},{"type":"Feature","properties":{"nearestScore":92,"avg5Score":92.6,"nearestDist":0.982,"reachMin":11.8,"walkMin":11.8,"bikeMin":3.9,"driveMin":1.5},"geometry":{"type":"Polygon","coordinates":[[[-118.32499999999986,34.199999999999974],[-118.29999999999986,34.199999999999974],[-118.29999999999986,34.22499999999997],[-118.32499999999986,34.22499999999997],[-118.32499999999986,34.199999999999974]]]}},{"type":"Feature","properties":{"nearestScore":92,"avg5Score":93.8,"nearestDist":1.737,"reachMin":20.8,"walkMin":20.8,"bikeMin":6.9,"driveMin":2.6},"geometry":{"type":"Polygon","coordinates":[[[-118.29999999999986,34.199999999999974],[-118.27499999999985,34.199999999999974],[-118.27499999999985,34.22499999999997],[-118.29999999999986,34.22499999999997],[-118.29999999999986,34.199999999999974]]]}},{"type":"Feature","properties":{"nearestScore":90,"avg5Score":92.6,"nearestDist":1.664,"reachMin":20.0,"walkMin":20.0,"bikeMin":6.7,"driveMin":2.5},"geometry":{"type":"Polygon","coordinates":[[[-118.27499999999985,34.199999999999974],[-118.24999999999984,34.199999999999974],[-118.24999999999984,34.22499999999997],[-118.27499999999985,34.22499999999997],[-118.27499999999985,34.199999999999974]]]}},{"type":"Feature","properties":{"nearestScore":96,"avg5Score":93.0,"nearestDist":0.311,"reachMin":3.7,"walkMin":3.7,"bikeMin":1.2,"driveMin":0.5},"geometry":{"type":"Polygon","coordinates":[[[-118.24999999999984,34.199999999999974],[-118.22499999999984,34.199999999999974],[-118.22499999999984,34.22499999999997],[-118.24999999999984,34.22499999999997],[-118.24999999999984,34.199999999999974]]]}},{"type":"Feature","properties":{"nearestScore":92,"avg5Score":93.8,"nearestDist":0.411,"reachMin":4.9,"walkMin":4.9,"bikeMin":1.6,"driveMin":0.6},"geometry":{"type":"Polygon","coordinates":[[[-118.22499999999984,34.199999999999974],[-118.19999999999983,34.199999999999974],[-118.19999999999983,34.22499999999997],[-118.22499999999984,34.22499999999997],[-118.22499999999984,34.199999999999974]]]}},{"type":"Feature","properties":{"nearestScore":95,"avg5Score":95.4,"nearestDist":0.242,"reachMin":2.9,"walkMin":2.9,"bikeMin":1.0,"driveMin":0.4},"geometry":{"type":"Polygon","coordinates":[[[-118.19999999999983,34.199999999999974],[-118.17499999999983,34.199999999999974],[-118.17499999999983,34.22499999999997],[-118.19999999999983,34.22499999999997],[-118.19999999999983,34.199999999999974]]]}},{"type":"Feature","properties":{"nearestScore":100,"avg5Score":96.6,"nearestDist":1.11,"reachMin":13.3,"walkMin":13.3,"bikeMin":4.4,"driveMin":1.7},"geometry":{"type":"Polygon","coordinates":[[[-118.17499999999983,34.199999999999974],[-118.14999999999982,34.199999999999974],[-118.14999999999982,34.22499999999997],[-118.17499999999983,34.22499999999997],[-118.17499999999983,34.199999999999974]]]}},{"type":"Feature","properties":{"nearestScore":100,"avg5Score":95.4,"nearestDist":2.257,"reachMin":27.1,"walkMin":27.1,"bikeMin":9.0,"driveMin":3.4},"geometry":{"type":"Polygon","coordinates":[[[-118.14999999999982,34.199999999999974],[-118.12499999999982,34.199999999999974],[-118.12499999999982,34.22499999999997],[-118.14999999999982,34.22499999999997],[-118.14999999999982,34.199999999999974]]]}},{"type":"Feature","properties":{"nearestScore":93,"avg5Score":93.8,"nearestDist":3.06,"reachMin":36.7,"walkMin":36.7,"bikeMin":12.2,"driveMin":4.6},"geometry":{"type":"Polygon","coordinates":[[[-118.12499999999982,34.199999999999974],[-118.09999999999981,34.199999999999974],[-118.09999999999981,34.22499999999997],[-118.12499999999982,34.22499999999997],[-118.12499999999982,34.199999999999974]]]}},{"type":"Feature","properties":{"nearestScore":94,"avg5Score":94.4,"nearestDist":4.392,"reachMin":52.7,"walkMin":52.7,"bikeMin":17.6,"driveMin":6.6},"geometry":{"type":"Polygon","coordinates":[[[-118.09999999999981,34.199999999999974],[-118.0749999999998,34.199999999999974],[-118.0749999999998,34.22499999999997],[-118.09999999999981,34.22499999999997],[-118.09999999999981,34.199999999999974]]]}},{"type":"Feature","properties":{"nearestScore":96,"avg5Score":96.0,"nearestDist":5.375,"reachMin":64.5,"walkMin":64.5,"bikeMin":21.5,"driveMin":8.1},"geometry":{"type":"Polygon","coordinates":[[[-118.0749999999998,34.199999999999974],[-118.0499999999998,34.199999999999974],[-118.0499999999998,34.22499999999997],[-118.0749999999998,34.22499999999997],[-118.0749999999998,34.199999999999974]]]}},{"type":"Feature","properties":{"nearestScore":97,"avg5Score":96.6,"nearestDist":5.622,"reachMin":67.5,"walkMin":67.5,"bikeMin":22.5,"driveMin":8.4},"geometry":{"type":"Polygon","coordinates":[[[-118.0499999999998,34.199999999999974],[-118.02499999999979,34.199999999999974],[-118.02499999999979,34.22499999999997],[-118.0499999999998,34.22499999999997],[-118.0499999999998,34.199999999999974]]]}},{"type":"Feature","properties":{"nearestScore":97,"avg5Score":96.6,"nearestDist":6.189,"reachMin":74.3,"walkMin":74.3,"bikeMin":24.8,"driveMin":9.3},"geometry":{"type":"Polygon","coordinates":[[[-118.02499999999979,34.199999999999974],[-117.99999999999979,34.199999999999974],[-117.99999999999979,34.22499999999997],[-118.02499999999979,34.22499999999997],[-118.02499999999979,34.199999999999974]]]}},{"type":"Feature","properties":{"nearestScore":93,"avg5Score":94.0,"nearestDist":6.864,"reachMin":82.4,"walkMin":82.4,"bikeMin":27.5,"driveMin":10.3},"geometry":{"type":"Polygon","coordinates":[[[-117.99999999999979,34.199999999999974],[-117.97499999999978,34.199999999999974],[-117.97499999999978,34.22499999999997],[-117.99999999999979,34.22499999999997],[-117.99999999999979,34.199999999999974]]]}},{"type":"Feature","properties":{"nearestScore":93,"avg5Score":93.0,"nearestDist":7.553,"reachMin":90.6,"walkMin":90.6,"bikeMin":30.2,"driveMin":11.3},"geometry":{"type":"Polygon","coordinates":[[[-117.97499999999978,34.199999999999974],[-117.94999999999978,34.199999999999974],[-117.94999999999978,34.22499999999997],[-117.97499999999978,34.22499999999997],[-117.97499999999978,34.199999999999974]]]}},{"type":"Feature","properties":{"nearestScore":92,"avg5Score":92.6,"nearestDist":7.788,"reachMin":93.5,"walkMin":93.5,"bikeMin":31.2,"driveMin":11.7},"geometry":{"type":"Polygon","coordinates":[[[-117.94999999999978,34.199999999999974],[-117.92499999999977,34.199999999999974],[-117.92499999999977,34.22499999999997],[-117.94999999999978,34.22499999999997],[-117.94999999999978,34.199999999999974]]]}},{"type":"Feature","properties":{"nearestScore":92,"avg5Score":93.8,"nearestDist":7.337,"reachMin":88.0,"walkMin":88.0,"bikeMin":29.3,"driveMin":11.0},"geometry":{"type":"Polygon","coordinates":[[[-117.92499999999977,34.199999999999974],[-117.89999999999976,34.199999999999974],[-117.89999999999976,34.22499999999997],[-117.92499999999977,34.22499999999997],[-117.92499999999977,34.199999999999974]]]}},{"type":"Feature","properties":{"nearestScore":92,"avg5Score":93.0,"nearestDist":7.573,"reachMin":90.9,"walkMin":90.9,"bikeMin":30.3,"driveMin":11.4},"geometry":{"type":"Polygon","coordinates":[[[-117.89999999999976,34.199999999999974],[-117.87499999999976,34.199999999999974],[-117.87499999999976,34.22499999999997],[-117.89999999999976,34.22499999999997],[-117.89999999999976,34.199999999999974]]]}},{"type":"Feature","properties":{"nearestScore":95,"avg5Score":94.0,"nearestDist":8.163,"reachMin":98.0,"walkMin":98.0,"bikeMin":32.7,"driveMin":12.2},"geometry":{"type":"Polygon","coordinates":[[[-117.87499999999976,34.199999999999974],[-117.84999999999975,34.199999999999974],[-117.84999999999975,34.22499999999997],[-117.87499999999976,34.22499999999997],[-117.87499999999976,34.199999999999974]]]}},{"type":"Feature","properties":{"nearestScore":95,"avg5Score":94.0,"nearestDist":8.552,"reachMin":102.6,"walkMin":102.6,"bikeMin":34.2,"driveMin":12.8},"geometry":{"type":"Polygon","coordinates":[[[-117.84999999999975,34.199999999999974],[-117.82499999999975,34.199999999999974],[-117.82499999999975,34.22499999999997],[-117.84999999999975,34.22499999999997],[-117.84999999999975,34.199999999999974]]]}},{"type":"Feature","properties":{"nearestScore":96,"avg5Score":96.4,"nearestDist":8.715,"reachMin":104.6,"walkMin":104.6,"bikeMin":34.9,"driveMin":13.1},"geometry":{"type":"Polygon","coordinates":[[[-117.82499999999975,34.199999999999974],[-117.79999999999974,34.199999999999974],[-117.79999999999974,34.22499999999997],[-117.82499999999975,34.22499999999997],[-117.82499999999975,34.199999999999974]]]}},{"type":"Feature","properties":{"nearestScore":99,"avg5Score":96.6,"nearestDist":7.932,"reachMin":95.2,"walkMin":95.2,"bikeMin":31.7,"driveMin":11.9},"geometry":{"type":"Polygon","coordinates":[[[-117.79999999999974,34.199999999999974],[-117.77499999999974,34.199999999999974],[-117.77499999999974,34.22499999999997],[-117.79999999999974,34.22499999999997],[-117.79999999999974,34.199999999999974]]]}},{"type":"Feature","properties":{"nearestScore":99,"avg5Score":95.8,"nearestDist":7.392,"reachMin":88.7,"walkMin":88.7,"bikeMin":29.6,"driveMin":11.1},"geometry":{"type":"Polygon","coordinates":[[[-117.77499999999974,34.199999999999974],[-117.74999999999973,34.199999999999974],[-117.74999999999973,34.22499999999997],[-117.77499999999974,34.22499999999997],[-117.77499999999974,34.199999999999974]]]}},{"type":"Feature","properties":{"nearestScore":99,"avg5Score":95.0,"nearestDist":7.545,"reachMin":90.5,"walkMin":90.5,"bikeMin":30.2,"driveMin":11.3},"geometry":{"type":"Polygon","coordinates":[[[-117.74999999999973,34.199999999999974],[-117.72499999999972,34.199999999999974],[-117.72499999999972,34.22499999999997],[-117.74999999999973,34.22499999999997],[-117.74999999999973,34.199999999999974]]]}},{"type":"Feature","properties":{"nearestScore":99,"avg5Score":93.8,"nearestDist":8.355,"reachMin":100.3,"walkMin":100.3,"bikeMin":33.4,"driveMin":12.5},"geometry":{"type":"Polygon","coordinates":[[[-117.72499999999972,34.199999999999974],[-117.69999999999972,34.199999999999974],[-117.69999999999972,34.22499999999997],[-117.72499999999972,34.22499999999997],[-117.72499999999972,34.199999999999974]]]}},{"type":"Feature","properties":{"nearestScore":99,"avg5Score":96.0,"nearestDist":9.657,"reachMin":115.9,"walkMin":115.9,"bikeMin":38.6,"driveMin":14.5},"geometry":{"type":"Polygon","coordinates":[[[-117.69999999999972,34.199999999999974],[-117.67499999999971,34.199999999999974],[-117.67499999999971,34.22499999999997],[-117.69999999999972,34.22499999999997],[-117.69999999999972,34.199999999999974]]]}},{"type":"Feature","properties":{"nearestScore":96,"avg5Score":94.8,"nearestDist":10.498,"reachMin":126.0,"walkMin":126.0,"bikeMin":42.0,"driveMin":15.7},"geometry":{"type":"Polygon","coordinates":[[[-117.67499999999971,34.199999999999974],[-117.64999999999971,34.199999999999974],[-117.64999999999971,34.22499999999997],[-117.67499999999971,34.22499999999997],[-117.67499999999971,34.199999999999974]]]}},{"type":"Feature","properties":{"nearestScore":92,"avg5Score":95.6,"nearestDist":14.682,"reachMin":176.2,"walkMin":176.2,"bikeMin":58.7,"driveMin":22.0},"geometry":{"type":"Polygon","coordinates":[[[-118.95,34.22499999999997],[-118.925,34.22499999999997],[-118.925,34.24999999999997],[-118.95,34.24999999999997],[-118.95,34.22499999999997]]]}},{"type":"Feature","properties":{"nearestScore":92,"avg5Score":95.6,"nearestDist":13.063,"reachMin":156.8,"walkMin":156.8,"bikeMin":52.3,"driveMin":19.6},"geometry":{"type":"Polygon","coordinates":[[[-118.925,34.22499999999997],[-118.89999999999999,34.22499999999997],[-118.89999999999999,34.24999999999997],[-118.925,34.24999999999997],[-118.925,34.22499999999997]]]}},{"type":"Feature","properties":{"nearestScore":92,"avg5Score":96.0,"nearestDist":11.675,"reachMin":140.1,"walkMin":140.1,"bikeMin":46.7,"driveMin":17.5},"geometry":{"type":"Polygon","coordinates":[[[-118.89999999999999,34.22499999999997],[-118.87499999999999,34.22499999999997],[-118.87499999999999,34.24999999999997],[-118.89999999999999,34.24999999999997],[-118.89999999999999,34.22499999999997]]]}},{"type":"Feature","properties":{"nearestScore":92,"avg5Score":95.6,"nearestDist":10.609,"reachMin":127.3,"walkMin":127.3,"bikeMin":42.4,"driveMin":15.9},"geometry":{"type":"Polygon","coordinates":[[[-118.87499999999999,34.22499999999997],[-118.84999999999998,34.22499999999997],[-118.84999999999998,34.24999999999997],[-118.87499999999999,34.24999999999997],[-118.87499999999999,34.22499999999997]]]}},{"type":"Feature","properties":{"nearestScore":97,"avg5Score":96.4,"nearestDist":9.55,"reachMin":114.6,"walkMin":114.6,"bikeMin":38.2,"driveMin":14.3},"geometry":{"type":"Polygon","coordinates":[[[-118.84999999999998,34.22499999999997],[-118.82499999999997,34.22499999999997],[-118.82499999999997,34.24999999999997],[-118.84999999999998,34.24999999999997],[-118.84999999999998,34.22499999999997]]]}},{"type":"Feature","properties":{"nearestScore":97,"avg5Score":95.0,"nearestDist":8.968,"reachMin":107.6,"walkMin":107.6,"bikeMin":35.9,"driveMin":13.5},"geometry":{"type":"Polygon","coordinates":[[[-118.82499999999997,34.22499999999997],[-118.79999999999997,34.22499999999997],[-118.79999999999997,34.24999999999997],[-118.82499999999997,34.24999999999997],[-118.82499999999997,34.22499999999997]]]}},{"type":"Feature","properties":{"nearestScore":97,"avg5Score":95.6,"nearestDist":8.956,"reachMin":107.5,"walkMin":107.5,"bikeMin":35.8,"driveMin":13.4},"geometry":{"type":"Polygon","coordinates":[[[-118.79999999999997,34.22499999999997],[-118.77499999999996,34.22499999999997],[-118.77499999999996,34.24999999999997],[-118.79999999999997,34.24999999999997],[-118.79999999999997,34.22499999999997]]]}},{"type":"Feature","properties":{"nearestScore":92,"avg5Score":93.6,"nearestDist":9.031,"reachMin":108.4,"walkMin":108.4,"bikeMin":36.1,"driveMin":13.5},"geometry":{"type":"Polygon","coordinates":[[[-118.77499999999996,34.22499999999997],[-118.74999999999996,34.22499999999997],[-118.74999999999996,34.24999999999997],[-118.77499999999996,34.24999999999997],[-118.77499999999996,34.22499999999997]]]}},{"type":"Feature","properties":{"nearestScore":94,"avg5Score":96.0,"nearestDist":8.705,"reachMin":104.5,"walkMin":104.5,"bikeMin":34.8,"driveMin":13.1},"geometry":{"type":"Polygon","coordinates":[[[-118.74999999999996,34.22499999999997],[-118.72499999999995,34.22499999999997],[-118.72499999999995,34.24999999999997],[-118.74999999999996,34.24999999999997],[-118.74999999999996,34.22499999999997]]]}},{"type":"Feature","properties":{"nearestScore":94,"avg5Score":96.0,"nearestDist":6.492,"reachMin":77.9,"walkMin":77.9,"bikeMin":26.0,"driveMin":9.7},"geometry":{"type":"Polygon","coordinates":[[[-118.72499999999995,34.22499999999997],[-118.69999999999995,34.22499999999997],[-118.69999999999995,34.24999999999997],[-118.72499999999995,34.24999999999997],[-118.72499999999995,34.22499999999997]]]}},{"type":"Feature","properties":{"nearestScore":94,"avg5Score":95.0,"nearestDist":4.369,"reachMin":52.4,"walkMin":52.4,"bikeMin":17.5,"driveMin":6.6},"geometry":{"type":"Polygon","coordinates":[[[-118.69999999999995,34.22499999999997],[-118.67499999999994,34.22499999999997],[-118.67499999999994,34.24999999999997],[-118.69999999999995,34.24999999999997],[-118.69999999999995,34.22499999999997]]]}},{"type":"Feature","properties":{"nearestScore":94,"avg5Score":95.0,"nearestDist":2.566,"reachMin":30.8,"walkMin":30.8,"bikeMin":10.3,"driveMin":3.8},"geometry":{"type":"Polygon","coordinates":[[[-118.67499999999994,34.22499999999997],[-118.64999999999993,34.22499999999997],[-118.64999999999993,34.24999999999997],[-118.67499999999994,34.24999999999997],[-118.67499999999994,34.22499999999997]]]}},{"type":"Feature","properties":{"nearestScore":94,"avg5Score":95.0,"nearestDist":2.112,"reachMin":25.3,"walkMin":25.3,"bikeMin":8.4,"driveMin":3.2},"geometry":{"type":"Polygon","coordinates":[[[-118.64999999999993,34.22499999999997],[-118.62499999999993,34.22499999999997],[-118.62499999999993,34.24999999999997],[-118.64999999999993,34.24999999999997],[-118.64999999999993,34.22499999999997]]]}},{"type":"Feature","properties":{"nearestScore":98,"avg5Score":95.0,"nearestDist":0.818,"reachMin":9.8,"walkMin":9.8,"bikeMin":3.3,"driveMin":1.2},"geometry":{"type":"Polygon","coordinates":[[[-118.62499999999993,34.22499999999997],[-118.59999999999992,34.22499999999997],[-118.59999999999992,34.24999999999997],[-118.62499999999993,34.24999999999997],[-118.62499999999993,34.22499999999997]]]}},{"type":"Feature","properties":{"nearestScore":97,"avg5Score":96.6,"nearestDist":0.103,"reachMin":1.2,"walkMin":1.2,"bikeMin":0.4,"driveMin":0.2},"geometry":{"type":"Polygon","coordinates":[[[-118.59999999999992,34.22499999999997],[-118.57499999999992,34.22499999999997],[-118.57499999999992,34.24999999999997],[-118.59999999999992,34.24999999999997],[-118.59999999999992,34.22499999999997]]]}},{"type":"Feature","properties":{"nearestScore":94,"avg5Score":93.6,"nearestDist":0.134,"reachMin":1.6,"walkMin":1.6,"bikeMin":0.5,"driveMin":0.2},"geometry":{"type":"Polygon","coordinates":[[[-118.57499999999992,34.22499999999997],[-118.54999999999991,34.22499999999997],[-118.54999999999991,34.24999999999997],[-118.57499999999992,34.24999999999997],[-118.57499999999992,34.22499999999997]]]}},{"type":"Feature","properties":{"nearestScore":99,"avg5Score":96.4,"nearestDist":0.124,"reachMin":1.5,"walkMin":1.5,"bikeMin":0.5,"driveMin":0.2},"geometry":{"type":"Polygon","coordinates":[[[-118.54999999999991,34.22499999999997],[-118.5249999999999,34.22499999999997],[-118.5249999999999,34.24999999999997],[-118.54999999999991,34.24999999999997],[-118.54999999999991,34.22499999999997]]]}},{"type":"Feature","properties":{"nearestScore":94,"avg5Score":96.0,"nearestDist":0.937,"reachMin":11.2,"walkMin":11.2,"bikeMin":3.7,"driveMin":1.4},"geometry":{"type":"Polygon","coordinates":[[[-118.5249999999999,34.22499999999997],[-118.4999999999999,34.22499999999997],[-118.4999999999999,34.24999999999997],[-118.5249999999999,34.24999999999997],[-118.5249999999999,34.22499999999997]]]}},{"type":"Feature","properties":{"nearestScore":95,"avg5Score":93.2,"nearestDist":0.288,"reachMin":3.5,"walkMin":3.5,"bikeMin":1.2,"driveMin":0.4},"geometry":{"type":"Polygon","coordinates":[[[-118.4999999999999,34.22499999999997],[-118.4749999999999,34.22499999999997],[-118.4749999999999,34.24999999999997],[-118.4999999999999,34.24999999999997],[-118.4999999999999,34.22499999999997]]]}},{"type":"Feature","properties":{"nearestScore":95,"avg5Score":90.8,"nearestDist":0.397,"reachMin":4.8,"walkMin":4.8,"bikeMin":1.6,"driveMin":0.6},"geometry":{"type":"Polygon","coordinates":[[[-118.4749999999999,34.22499999999997],[-118.44999999999989,34.22499999999997],[-118.44999999999989,34.24999999999997],[-118.4749999999999,34.24999999999997],[-118.4749999999999,34.22499999999997]]]}},{"type":"Feature","properties":{"nearestScore":97,"avg5Score":94.2,"nearestDist":0.286,"reachMin":3.4,"walkMin":3.4,"bikeMin":1.1,"driveMin":0.4},"geometry":{"type":"Polygon","coordinates":[[[-118.44999999999989,34.22499999999997],[-118.42499999999988,34.22499999999997],[-118.42499999999988,34.24999999999997],[-118.44999999999989,34.24999999999997],[-118.44999999999989,34.22499999999997]]]}},{"type":"Feature","properties":{"nearestScore":98,"avg5Score":96.2,"nearestDist":0.333,"reachMin":4.0,"walkMin":4.0,"bikeMin":1.3,"driveMin":0.5},"geometry":{"type":"Polygon","coordinates":[[[-118.42499999999988,34.22499999999997],[-118.39999999999988,34.22499999999997],[-118.39999999999988,34.24999999999997],[-118.42499999999988,34.24999999999997],[-118.42499999999988,34.22499999999997]]]}},{"type":"Feature","properties":{"nearestScore":92,"avg5Score":91.2,"nearestDist":0.322,"reachMin":3.9,"walkMin":3.9,"bikeMin":1.3,"driveMin":0.5},"geometry":{"type":"Polygon","coordinates":[[[-118.39999999999988,34.22499999999997],[-118.37499999999987,34.22499999999997],[-118.37499999999987,34.24999999999997],[-118.39999999999988,34.24999999999997],[-118.39999999999988,34.22499999999997]]]}},{"type":"Feature","properties":{"nearestScore":95,"avg5Score":95.2,"nearestDist":0.635,"reachMin":7.6,"walkMin":7.6,"bikeMin":2.5,"driveMin":1.0},"geometry":{"type":"Polygon","coordinates":[[[-118.37499999999987,34.22499999999997],[-118.34999999999987,34.22499999999997],[-118.34999999999987,34.24999999999997],[-118.37499999999987,34.24999999999997],[-118.37499999999987,34.22499999999997]]]}},{"type":"Feature","properties":{"nearestScore":95,"avg5Score":94.0,"nearestDist":1.856,"reachMin":22.3,"walkMin":22.3,"bikeMin":7.4,"driveMin":2.8},"geometry":{"type":"Polygon","coordinates":[[[-118.34999999999987,34.22499999999997],[-118.32499999999986,34.22499999999997],[-118.32499999999986,34.24999999999997],[-118.34999999999987,34.24999999999997],[-118.34999999999987,34.22499999999997]]]}},{"type":"Feature","properties":{"nearestScore":94,"avg5Score":94.4,"nearestDist":2.303,"reachMin":27.6,"walkMin":27.6,"bikeMin":9.2,"driveMin":3.5},"geometry":{"type":"Polygon","coordinates":[[[-118.32499999999986,34.22499999999997],[-118.29999999999986,34.22499999999997],[-118.29999999999986,34.24999999999997],[-118.32499999999986,34.24999999999997],[-118.32499999999986,34.22499999999997]]]}},{"type":"Feature","properties":{"nearestScore":94,"avg5Score":95.4,"nearestDist":1.171,"reachMin":14.1,"walkMin":14.1,"bikeMin":4.7,"driveMin":1.8},"geometry":{"type":"Polygon","coordinates":[[[-118.29999999999986,34.22499999999997],[-118.27499999999985,34.22499999999997],[-118.27499999999985,34.24999999999997],[-118.29999999999986,34.24999999999997],[-118.29999999999986,34.22499999999997]]]}},{"type":"Feature","properties":{"nearestScore":95,"avg5Score":95.4,"nearestDist":0.062,"reachMin":0.7,"walkMin":0.7,"bikeMin":0.2,"driveMin":0.1},"geometry":{"type":"Polygon","coordinates":[[[-118.27499999999985,34.22499999999997],[-118.24999999999984,34.22499999999997],[-118.24999999999984,34.24999999999997],[-118.27499999999985,34.24999999999997],[-118.27499999999985,34.22499999999997]]]}},{"type":"Feature","properties":{"nearestScore":94,"avg5Score":93.2,"nearestDist":1.315,"reachMin":15.8,"walkMin":15.8,"bikeMin":5.3,"driveMin":2.0},"geometry":{"type":"Polygon","coordinates":[[[-118.24999999999984,34.22499999999997],[-118.22499999999984,34.22499999999997],[-118.22499999999984,34.24999999999997],[-118.24999999999984,34.24999999999997],[-118.24999999999984,34.22499999999997]]]}},{"type":"Feature","properties":{"nearestScore":90,"avg5Score":93.0,"nearestDist":2.648,"reachMin":31.8,"walkMin":31.8,"bikeMin":10.6,"driveMin":4.0},"geometry":{"type":"Polygon","coordinates":[[[-118.22499999999984,34.22499999999997],[-118.19999999999983,34.22499999999997],[-118.19999999999983,34.24999999999997],[-118.22499999999984,34.24999999999997],[-118.22499999999984,34.22499999999997]]]}},{"type":"Feature","properties":{"nearestScore":95,"avg5Score":94.0,"nearestDist":2.541,"reachMin":30.5,"walkMin":30.5,"bikeMin":10.2,"driveMin":3.8},"geometry":{"type":"Polygon","coordinates":[[[-118.19999999999983,34.22499999999997],[-118.17499999999983,34.22499999999997],[-118.17499999999983,34.24999999999997],[-118.19999999999983,34.24999999999997],[-118.19999999999983,34.22499999999997]]]}},{"type":"Feature","properties":{"nearestScore":95,"avg5Score":96.0,"nearestDist":3.403,"reachMin":40.8,"walkMin":40.8,"bikeMin":13.6,"driveMin":5.1},"geometry":{"type":"Polygon","coordinates":[[[-118.17499999999983,34.22499999999997],[-118.14999999999982,34.22499999999997],[-118.14999999999982,34.24999999999997],[-118.17499999999983,34.24999999999997],[-118.17499999999983,34.22499999999997]]]}},{"type":"Feature","properties":{"nearestScore":100,"avg5Score":96.6,"nearestDist":4.33,"reachMin":52.0,"walkMin":52.0,"bikeMin":17.3,"driveMin":6.5},"geometry":{"type":"Polygon","coordinates":[[[-118.14999999999982,34.22499999999997],[-118.12499999999982,34.22499999999997],[-118.12499999999982,34.24999999999997],[-118.14999999999982,34.24999999999997],[-118.14999999999982,34.22499999999997]]]}},{"type":"Feature","properties":{"nearestScore":93,"avg5Score":94.8,"nearestDist":5.577,"reachMin":66.9,"walkMin":66.9,"bikeMin":22.3,"driveMin":8.4},"geometry":{"type":"Polygon","coordinates":[[[-118.12499999999982,34.22499999999997],[-118.09999999999981,34.22499999999997],[-118.09999999999981,34.24999999999997],[-118.12499999999982,34.24999999999997],[-118.12499999999982,34.22499999999997]]]}},{"type":"Feature","properties":{"nearestScore":93,"avg5Score":93.8,"nearestDist":6.661,"reachMin":79.9,"walkMin":79.9,"bikeMin":26.6,"driveMin":10.0},"geometry":{"type":"Polygon","coordinates":[[[-118.09999999999981,34.22499999999997],[-118.0749999999998,34.22499999999997],[-118.0749999999998,34.24999999999997],[-118.09999999999981,34.24999999999997],[-118.09999999999981,34.22499999999997]]]}},{"type":"Feature","properties":{"nearestScore":94,"avg5Score":95.6,"nearestDist":7.976,"reachMin":95.7,"walkMin":95.7,"bikeMin":31.9,"driveMin":12.0},"geometry":{"type":"Polygon","coordinates":[[[-118.0749999999998,34.22499999999997],[-118.0499999999998,34.22499999999997],[-118.0499999999998,34.24999999999997],[-118.0749999999998,34.24999999999997],[-118.0749999999998,34.22499999999997]]]}},{"type":"Feature","properties":{"nearestScore":97,"avg5Score":96.6,"nearestDist":8.399,"reachMin":100.8,"walkMin":100.8,"bikeMin":33.6,"driveMin":12.6},"geometry":{"type":"Polygon","coordinates":[[[-118.0499999999998,34.22499999999997],[-118.02499999999979,34.22499999999997],[-118.02499999999979,34.24999999999997],[-118.0499999999998,34.24999999999997],[-118.0499999999998,34.22499999999997]]]}},{"type":"Feature","properties":{"nearestScore":97,"avg5Score":96.6,"nearestDist":8.789,"reachMin":105.5,"walkMin":105.5,"bikeMin":35.2,"driveMin":13.2},"geometry":{"type":"Polygon","coordinates":[[[-118.02499999999979,34.22499999999997],[-117.99999999999979,34.22499999999997],[-117.99999999999979,34.24999999999997],[-118.02499999999979,34.24999999999997],[-118.02499999999979,34.22499999999997]]]}},{"type":"Feature","properties":{"nearestScore":93,"avg5Score":94.0,"nearestDist":9.623,"reachMin":115.5,"walkMin":115.5,"bikeMin":38.5,"driveMin":14.4},"geometry":{"type":"Polygon","coordinates":[[[-117.99999999999979,34.22499999999997],[-117.97499999999978,34.22499999999997],[-117.97499999999978,34.24999999999997],[-117.99999999999979,34.24999999999997],[-117.99999999999979,34.22499999999997]]]}},{"type":"Feature","properties":{"nearestScore":93,"avg5Score":94.0,"nearestDist":10.126,"reachMin":121.5,"walkMin":121.5,"bikeMin":40.5,"driveMin":15.2},"geometry":{"type":"Polygon","coordinates":[[[-117.97499999999978,34.22499999999997],[-117.94999999999978,34.22499999999997],[-117.94999999999978,34.24999999999997],[-117.97499999999978,34.24999999999997],[-117.97499999999978,34.22499999999997]]]}},{"type":"Feature","properties":{"nearestScore":92,"avg5Score":92.6,"nearestDist":10.446,"reachMin":125.4,"walkMin":125.4,"bikeMin":41.8,"driveMin":15.7},"geometry":{"type":"Polygon","coordinates":[[[-117.94999999999978,34.22499999999997],[-117.92499999999977,34.22499999999997],[-117.92499999999977,34.24999999999997],[-117.94999999999978,34.24999999999997],[-117.94999999999978,34.22499999999997]]]}},{"type":"Feature","properties":{"nearestScore":92,"avg5Score":93.8,"nearestDist":10.114,"reachMin":121.4,"walkMin":121.4,"bikeMin":40.5,"driveMin":15.2},"geometry":{"type":"Polygon","coordinates":[[[-117.92499999999977,34.22499999999997],[-117.89999999999976,34.22499999999997],[-117.89999999999976,34.24999999999997],[-117.92499999999977,34.24999999999997],[-117.92499999999977,34.22499999999997]]]}},{"type":"Feature","properties":{"nearestScore":92,"avg5Score":94.6,"nearestDist":10.287,"reachMin":123.4,"walkMin":123.4,"bikeMin":41.1,"driveMin":15.4},"geometry":{"type":"Polygon","coordinates":[[[-117.89999999999976,34.22499999999997],[-117.87499999999976,34.22499999999997],[-117.87499999999976,34.24999999999997],[-117.89999999999976,34.24999999999997],[-117.89999999999976,34.22499999999997]]]}},{"type":"Feature","properties":{"nearestScore":98,"avg5Score":93.4,"nearestDist":9.944,"reachMin":119.3,"walkMin":119.3,"bikeMin":39.8,"driveMin":14.9},"geometry":{"type":"Polygon","coordinates":[[[-117.87499999999976,34.22499999999997],[-117.84999999999975,34.22499999999997],[-117.84999999999975,34.24999999999997],[-117.87499999999976,34.24999999999997],[-117.87499999999976,34.22499999999997]]]}},{"type":"Feature","properties":{"nearestScore":98,"avg5Score":94.2,"nearestDist":9.616,"reachMin":115.4,"walkMin":115.4,"bikeMin":38.5,"driveMin":14.4},"geometry":{"type":"Polygon","coordinates":[[[-117.84999999999975,34.22499999999997],[-117.82499999999975,34.22499999999997],[-117.82499999999975,34.24999999999997],[-117.84999999999975,34.24999999999997],[-117.84999999999975,34.22499999999997]]]}},{"type":"Feature","properties":{"nearestScore":98,"avg5Score":96.8,"nearestDist":9.829,"reachMin":117.9,"walkMin":117.9,"bikeMin":39.3,"driveMin":14.7},"geometry":{"type":"Polygon","coordinates":[[[-117.82499999999975,34.22499999999997],[-117.79999999999974,34.22499999999997],[-117.79999999999974,34.24999999999997],[-117.82499999999975,34.24999999999997],[-117.82499999999975,34.22499999999997]]]}},{"type":"Feature","properties":{"nearestScore":98,"avg5Score":96.8,"nearestDist":10.55,"reachMin":126.6,"walkMin":126.6,"bikeMin":42.2,"driveMin":15.8},"geometry":{"type":"Polygon","coordinates":[[[-117.79999999999974,34.22499999999997],[-117.77499999999974,34.22499999999997],[-117.77499999999974,34.24999999999997],[-117.79999999999974,34.24999999999997],[-117.79999999999974,34.22499999999997]]]}},{"type":"Feature","properties":{"nearestScore":99,"avg5Score":96.8,"nearestDist":10.164,"reachMin":122.0,"walkMin":122.0,"bikeMin":40.7,"driveMin":15.2},"geometry":{"type":"Polygon","coordinates":[[[-117.77499999999974,34.22499999999997],[-117.74999999999973,34.22499999999997],[-117.74999999999973,34.24999999999997],[-117.77499999999974,34.24999999999997],[-117.77499999999974,34.22499999999997]]]}},{"type":"Feature","properties":{"nearestScore":99,"avg5Score":96.0,"nearestDist":10.276,"reachMin":123.3,"walkMin":123.3,"bikeMin":41.1,"driveMin":15.4},"geometry":{"type":"Polygon","coordinates":[[[-117.74999999999973,34.22499999999997],[-117.72499999999972,34.22499999999997],[-117.72499999999972,34.24999999999997],[-117.74999999999973,34.24999999999997],[-117.74999999999973,34.22499999999997]]]}},{"type":"Feature","properties":{"nearestScore":99,"avg5Score":93.8,"nearestDist":10.884,"reachMin":130.6,"walkMin":130.6,"bikeMin":43.5,"driveMin":16.3},"geometry":{"type":"Polygon","coordinates":[[[-117.72499999999972,34.22499999999997],[-117.69999999999972,34.22499999999997],[-117.69999999999972,34.24999999999997],[-117.72499999999972,34.24999999999997],[-117.72499999999972,34.22499999999997]]]}},{"type":"Feature","properties":{"nearestScore":99,"avg5Score":96.0,"nearestDist":11.913,"reachMin":143.0,"walkMin":143.0,"bikeMin":47.7,"driveMin":17.9},"geometry":{"type":"Polygon","coordinates":[[[-117.69999999999972,34.22499999999997],[-117.67499999999971,34.22499999999997],[-117.67499999999971,34.24999999999997],[-117.69999999999972,34.24999999999997],[-117.69999999999972,34.22499999999997]]]}},{"type":"Feature","properties":{"nearestScore":96,"avg5Score":96.0,"nearestDist":13.194,"reachMin":158.3,"walkMin":158.3,"bikeMin":52.8,"driveMin":19.8},"geometry":{"type":"Polygon","coordinates":[[[-117.67499999999971,34.22499999999997],[-117.64999999999971,34.22499999999997],[-117.64999999999971,34.24999999999997],[-117.67499999999971,34.24999999999997],[-117.67499999999971,34.22499999999997]]]}},{"type":"Feature","properties":{"nearestScore":92,"avg5Score":95.6,"nearestDist":16.669,"reachMin":200.0,"walkMin":200.0,"bikeMin":66.7,"driveMin":25.0},"geometry":{"type":"Polygon","coordinates":[[[-118.95,34.24999999999997],[-118.925,34.24999999999997],[-118.925,34.27499999999997],[-118.95,34.27499999999997],[-118.95,34.24999999999997]]]}},{"type":"Feature","properties":{"nearestScore":92,"avg5Score":96.0,"nearestDist":15.262,"reachMin":183.1,"walkMin":183.1,"bikeMin":61.0,"driveMin":22.9},"geometry":{"type":"Polygon","coordinates":[[[-118.925,34.24999999999997],[-118.89999999999999,34.24999999999997],[-118.89999999999999,34.27499999999997],[-118.925,34.27499999999997],[-118.925,34.24999999999997]]]}},{"type":"Feature","properties":{"nearestScore":92,"avg5Score":96.0,"nearestDist":14.093,"reachMin":169.1,"walkMin":169.1,"bikeMin":56.4,"driveMin":21.1},"geometry":{"type":"Polygon","coordinates":[[[-118.89999999999999,34.24999999999997],[-118.87499999999999,34.24999999999997],[-118.87499999999999,34.27499999999997],[-118.89999999999999,34.27499999999997],[-118.89999999999999,34.24999999999997]]]}},{"type":"Feature","properties":{"nearestScore":97,"avg5Score":95.2,"nearestDist":13.026,"reachMin":156.3,"walkMin":156.3,"bikeMin":52.1,"driveMin":19.5},"geometry":{"type":"Polygon","coordinates":[[[-118.87499999999999,34.24999999999997],[-118.84999999999998,34.24999999999997],[-118.84999999999998,34.27499999999997],[-118.87499999999999,34.27499999999997],[-118.87499999999999,34.24999999999997]]]}},{"type":"Feature","properties":{"nearestScore":97,"avg5Score":95.6,"nearestDist":12.179,"reachMin":146.1,"walkMin":146.1,"bikeMin":48.7,"driveMin":18.3},"geometry":{"type":"Polygon","coordinates":[[[-118.84999999999998,34.24999999999997],[-118.82499999999997,34.24999999999997],[-118.82499999999997,34.27499999999997],[-118.84999999999998,34.27499999999997],[-118.84999999999998,34.24999999999997]]]}},{"type":"Feature","properties":{"nearestScore":97,"avg5Score":95.0,"nearestDist":11.729,"reachMin":140.7,"walkMin":140.7,"bikeMin":46.9,"driveMin":17.6},"geometry":{"type":"Polygon","coordinates":[[[-118.82499999999997,34.24999999999997],[-118.79999999999997,34.24999999999997],[-118.79999999999997,34.27499999999997],[-118.82499999999997,34.27499999999997],[-118.82499999999997,34.24999999999997]]]}},{"type":"Feature","properties":{"nearestScore":97,"avg5Score":95.6,"nearestDist":11.72,"reachMin":140.6,"walkMin":140.6,"bikeMin":46.9,"driveMin":17.6},"geometry":{"type":"Polygon","coordinates":[[[-118.79999999999997,34.24999999999997],[-118.77499999999996,34.24999999999997],[-118.77499999999996,34.27499999999997],[-118.79999999999997,34.27499999999997],[-118.79999999999997,34.24999999999997]]]}},{"type":"Feature","properties":{"nearestScore":94,"avg5Score":93.0,"nearestDist":11.788,"reachMin":141.5,"walkMin":141.5,"bikeMin":47.2,"driveMin":17.7},"geometry":{"type":"Polygon","coordinates":[[[-118.77499999999996,34.24999999999997],[-118.74999999999996,34.24999999999997],[-118.74999999999996,34.27499999999997],[-118.77499999999996,34.27499999999997],[-118.77499999999996,34.24999999999997]]]}},{"type":"Feature","properties":{"nearestScore":94,"avg5Score":96.0,"nearestDist":9.735,"reachMin":116.8,"walkMin":116.8,"bikeMin":38.9,"driveMin":14.6},"geometry":{"type":"Polygon","coordinates":[[[-118.74999999999996,34.24999999999997],[-118.72499999999995,34.24999999999997],[-118.72499999999995,34.27499999999997],[-118.74999999999996,34.27499999999997],[-118.74999999999996,34.24999999999997]]]}},{"type":"Feature","properties":{"nearestScore":94,"avg5Score":95.0,"nearestDist":7.82,"reachMin":93.8,"walkMin":93.8,"bikeMin":31.3,"driveMin":11.7},"geometry":{"type":"Polygon","coordinates":[[[-118.72499999999995,34.24999999999997],[-118.69999999999995,34.24999999999997],[-118.69999999999995,34.27499999999997],[-118.72499999999995,34.27499999999997],[-118.72499999999995,34.24999999999997]]]}},{"type":"Feature","properties":{"nearestScore":94,"avg5Score":94.6,"nearestDist":6.172,"reachMin":74.1,"walkMin":74.1,"bikeMin":24.7,"driveMin":9.3},"geometry":{"type":"Polygon","coordinates":[[[-118.69999999999995,34.24999999999997],[-118.67499999999994,34.24999999999997],[-118.67499999999994,34.27499999999997],[-118.69999999999995,34.27499999999997],[-118.69999999999995,34.24999999999997]]]}},{"type":"Feature","properties":{"nearestScore":94,"avg5Score":94.6,"nearestDist":5.059,"reachMin":60.7,"walkMin":60.7,"bikeMin":20.2,"driveMin":7.6},"geometry":{"type":"Polygon","coordinates":[[[-118.67499999999994,34.24999999999997],[-118.64999999999993,34.24999999999997],[-118.64999999999993,34.27499999999997],[-118.67499999999994,34.27499999999997],[-118.67499999999994,34.24999999999997]]]}},{"type":"Feature","properties":{"nearestScore":92,"avg5Score":95.0,"nearestDist":2.997,"reachMin":36.0,"walkMin":36.0,"bikeMin":12.0,"driveMin":4.5},"geometry":{"type":"Polygon","coordinates":[[[-118.64999999999993,34.24999999999997],[-118.62499999999993,34.24999999999997],[-118.62499999999993,34.27499999999997],[-118.64999999999993,34.27499999999997],[-118.64999999999993,34.24999999999997]]]}},{"type":"Feature","properties":{"nearestScore":98,"avg5Score":93.4,"nearestDist":0.887,"reachMin":10.6,"walkMin":10.6,"bikeMin":3.5,"driveMin":1.3},"geometry":{"type":"Polygon","coordinates":[[[-118.62499999999993,34.24999999999997],[-118.59999999999992,34.24999999999997],[-118.59999999999992,34.27499999999997],[-118.62499999999993,34.27499999999997],[-118.62499999999993,34.24999999999997]]]}},{"type":"Feature","properties":{"nearestScore":99,"avg5Score":98.0,"nearestDist":0.554,"reachMin":6.6,"walkMin":6.6,"bikeMin":2.2,"driveMin":0.8},"geometry":{"type":"Polygon","coordinates":[[[-118.59999999999992,34.24999999999997],[-118.57499999999992,34.24999999999997],[-118.57499999999992,34.27499999999997],[-118.59999999999992,34.27499999999997],[-118.59999999999992,34.24999999999997]]]}},{"type":"Feature","properties":{"nearestScore":98,"avg5Score":95.6,"nearestDist":1.359,"reachMin":16.3,"walkMin":16.3,"bikeMin":5.4,"driveMin":2.0},"geometry":{"type":"Polygon","coordinates":[[[-118.57499999999992,34.24999999999997],[-118.54999999999991,34.24999999999997],[-118.54999999999991,34.27499999999997],[-118.57499999999992,34.27499999999997],[-118.57499999999992,34.24999999999997]]]}},{"type":"Feature","properties":{"nearestScore":93,"avg5Score":93.6,"nearestDist":0.474,"reachMin":5.7,"walkMin":5.7,"bikeMin":1.9,"driveMin":0.7},"geometry":{"type":"Polygon","coordinates":[[[-118.54999999999991,34.24999999999997],[-118.5249999999999,34.24999999999997],[-118.5249999999999,34.27499999999997],[-118.54999999999991,34.27499999999997],[-118.54999999999991,34.24999999999997]]]}},{"type":"Feature","properties":{"nearestScore":100,"avg5Score":95.8,"nearestDist":0.308,"reachMin":3.7,"walkMin":3.7,"bikeMin":1.2,"driveMin":0.5},"geometry":{"type":"Polygon","coordinates":[[[-118.5249999999999,34.24999999999997],[-118.4999999999999,34.24999999999997],[-118.4999999999999,34.27499999999997],[-118.5249999999999,34.27499999999997],[-118.5249999999999,34.24999999999997]]]}},{"type":"Feature","properties":{"nearestScore":92,"avg5Score":94.4,"nearestDist":0.598,"reachMin":7.2,"walkMin":7.2,"bikeMin":2.4,"driveMin":0.9},"geometry":{"type":"Polygon","coordinates":[[[-118.4999999999999,34.24999999999997],[-118.4749999999999,34.24999999999997],[-118.4749999999999,34.27499999999997],[-118.4999999999999,34.27499999999997],[-118.4999999999999,34.24999999999997]]]}},{"type":"Feature","properties":{"nearestScore":92,"avg5Score":92.6,"nearestDist":0.419,"reachMin":5.0,"walkMin":5.0,"bikeMin":1.7,"driveMin":0.6},"geometry":{"type":"Polygon","coordinates":[[[-118.4749999999999,34.24999999999997],[-118.44999999999989,34.24999999999997],[-118.44999999999989,34.27499999999997],[-118.4749999999999,34.27499999999997],[-118.4749999999999,34.24999999999997]]]}},{"type":"Feature","properties":{"nearestScore":92,"avg5Score":93.4,"nearestDist":0.174,"reachMin":2.1,"walkMin":2.1,"bikeMin":0.7,"driveMin":0.3},"geometry":{"type":"Polygon","coordinates":[[[-118.44999999999989,34.24999999999997],[-118.42499999999988,34.24999999999997],[-118.42499999999988,34.27499999999997],[-118.44999999999989,34.27499999999997],[-118.44999999999989,34.24999999999997]]]}},{"type":"Feature","properties":{"nearestScore":96,"avg5Score":95.8,"nearestDist":0.489,"reachMin":5.9,"walkMin":5.9,"bikeMin":2.0,"driveMin":0.7},"geometry":{"type":"Polygon","coordinates":[[[-118.42499999999988,34.24999999999997],[-118.39999999999988,34.24999999999997],[-118.39999999999988,34.27499999999997],[-118.42499999999988,34.27499999999997],[-118.42499999999988,34.24999999999997]]]}},{"type":"Feature","properties":{"nearestScore":95,"avg5Score":95.0,"nearestDist":0.88,"reachMin":10.6,"walkMin":10.6,"bikeMin":3.5,"driveMin":1.3},"geometry":{"type":"Polygon","coordinates":[[[-118.39999999999988,34.24999999999997],[-118.37499999999987,34.24999999999997],[-118.37499999999987,34.27499999999997],[-118.39999999999988,34.27499999999997],[-118.39999999999988,34.24999999999997]]]}},{"type":"Feature","properties":{"nearestScore":97,"avg5Score":96.2,"nearestDist":1.781,"reachMin":21.4,"walkMin":21.4,"bikeMin":7.1,"driveMin":2.7},"geometry":{"type":"Polygon","coordinates":[[[-118.37499999999987,34.24999999999997],[-118.34999999999987,34.24999999999997],[-118.34999999999987,34.27499999999997],[-118.37499999999987,34.27499999999997],[-118.37499999999987,34.24999999999997]]]}},{"type":"Feature","properties":{"nearestScore":92,"avg5Score":95.0,"nearestDist":0.857,"reachMin":10.3,"walkMin":10.3,"bikeMin":3.4,"driveMin":1.3},"geometry":{"type":"Polygon","coordinates":[[[-118.34999999999987,34.24999999999997],[-118.32499999999986,34.24999999999997],[-118.32499999999986,34.27499999999997],[-118.34999999999987,34.27499999999997],[-118.34999999999987,34.24999999999997]]]}},{"type":"Feature","properties":{"nearestScore":97,"avg5Score":96.4,"nearestDist":0.309,"reachMin":3.7,"walkMin":3.7,"bikeMin":1.2,"driveMin":0.5},"geometry":{"type":"Polygon","coordinates":[[[-118.32499999999986,34.24999999999997],[-118.29999999999986,34.24999999999997],[-118.29999999999986,34.27499999999997],[-118.32499999999986,34.27499999999997],[-118.32499999999986,34.24999999999997]]]}},{"type":"Feature","properties":{"nearestScore":94,"avg5Score":94.4,"nearestDist":1.02,"reachMin":12.2,"walkMin":12.2,"bikeMin":4.1,"driveMin":1.5},"geometry":{"type":"Polygon","coordinates":[[[-118.29999999999986,34.24999999999997],[-118.27499999999985,34.24999999999997],[-118.27499999999985,34.27499999999997],[-118.29999999999986,34.27499999999997],[-118.29999999999986,34.24999999999997]]]}},{"type":"Feature","properties":{"nearestScore":94,"avg5Score":94.4,"nearestDist":2.164,"reachMin":26.0,"walkMin":26.0,"bikeMin":8.7,"driveMin":3.2},"geometry":{"type":"Polygon","coordinates":[[[-118.27499999999985,34.24999999999997],[-118.24999999999984,34.24999999999997],[-118.24999999999984,34.27499999999997],[-118.27499999999985,34.27499999999997],[-118.27499999999985,34.24999999999997]]]}},{"type":"Feature","properties":{"nearestScore":96,"avg5Score":95.8,"nearestDist":3.535,"reachMin":42.4,"walkMin":42.4,"bikeMin":14.1,"driveMin":5.3},"geometry":{"type":"Polygon","coordinates":[[[-118.24999999999984,34.24999999999997],[-118.22499999999984,34.24999999999997],[-118.22499999999984,34.27499999999997],[-118.24999999999984,34.27499999999997],[-118.24999999999984,34.24999999999997]]]}},{"type":"Feature","properties":{"nearestScore":94,"avg5Score":92.0,"nearestDist":4.92,"reachMin":59.0,"walkMin":59.0,"bikeMin":19.7,"driveMin":7.4},"geometry":{"type":"Polygon","coordinates":[[[-118.22499999999984,34.24999999999997],[-118.19999999999983,34.24999999999997],[-118.19999999999983,34.27499999999997],[-118.22499999999984,34.27499999999997],[-118.22499999999984,34.24999999999997]]]}},{"type":"Feature","properties":{"nearestScore":95,"avg5Score":92.2,"nearestDist":5.32,"reachMin":63.8,"walkMin":63.8,"bikeMin":21.3,"driveMin":8.0},"geometry":{"type":"Polygon","coordinates":[[[-118.19999999999983,34.24999999999997],[-118.17499999999983,34.24999999999997],[-118.17499999999983,34.27499999999997],[-118.19999999999983,34.27499999999997],[-118.19999999999983,34.24999999999997]]]}},{"type":"Feature","properties":{"nearestScore":95,"avg5Score":95.6,"nearestDist":5.782,"reachMin":69.4,"walkMin":69.4,"bikeMin":23.1,"driveMin":8.7},"geometry":{"type":"Polygon","coordinates":[[[-118.17499999999983,34.24999999999997],[-118.14999999999982,34.24999999999997],[-118.14999999999982,34.27499999999997],[-118.17499999999983,34.27499999999997],[-118.17499999999983,34.24999999999997]]]}},{"type":"Feature","properties":{"nearestScore":100,"avg5Score":96.0,"nearestDist":6.918,"reachMin":83.0,"walkMin":83.0,"bikeMin":27.7,"driveMin":10.4},"geometry":{"type":"Polygon","coordinates":[[[-118.14999999999982,34.24999999999997],[-118.12499999999982,34.24999999999997],[-118.12499999999982,34.27499999999997],[-118.14999999999982,34.27499999999997],[-118.14999999999982,34.24999999999997]]]}},{"type":"Feature","properties":{"nearestScore":100,"avg5Score":95.4,"nearestDist":7.892,"reachMin":94.7,"walkMin":94.7,"bikeMin":31.6,"driveMin":11.8},"geometry":{"type":"Polygon","coordinates":[[[-118.12499999999982,34.24999999999997],[-118.09999999999981,34.24999999999997],[-118.09999999999981,34.27499999999997],[-118.12499999999982,34.27499999999997],[-118.12499999999982,34.24999999999997]]]}},{"type":"Feature","properties":{"nearestScore":93,"avg5Score":93.8,"nearestDist":9.031,"reachMin":108.4,"walkMin":108.4,"bikeMin":36.1,"driveMin":13.5},"geometry":{"type":"Polygon","coordinates":[[[-118.09999999999981,34.24999999999997],[-118.0749999999998,34.24999999999997],[-118.0749999999998,34.27499999999997],[-118.09999999999981,34.27499999999997],[-118.09999999999981,34.24999999999997]]]}},{"type":"Feature","properties":{"nearestScore":93,"avg5Score":93.6,"nearestDist":10.265,"reachMin":123.2,"walkMin":123.2,"bikeMin":41.1,"driveMin":15.4},"geometry":{"type":"Polygon","coordinates":[[[-118.0749999999998,34.24999999999997],[-118.0499999999998,34.24999999999997],[-118.0499999999998,34.27499999999997],[-118.0749999999998,34.27499999999997],[-118.0749999999998,34.24999999999997]]]}},{"type":"Feature","properties":{"nearestScore":98,"avg5Score":96.6,"nearestDist":11.159,"reachMin":133.9,"walkMin":133.9,"bikeMin":44.6,"driveMin":16.7},"geometry":{"type":"Polygon","coordinates":[[[-118.0499999999998,34.24999999999997],[-118.02499999999979,34.24999999999997],[-118.02499999999979,34.27499999999997],[-118.0499999999998,34.27499999999997],[-118.0499999999998,34.24999999999997]]]}},{"type":"Feature","properties":{"nearestScore":97,"avg5Score":96.6,"nearestDist":11.473,"reachMin":137.7,"walkMin":137.7,"bikeMin":45.9,"driveMin":17.2},"geometry":{"type":"Polygon","coordinates":[[[-118.02499999999979,34.24999999999997],[-117.99999999999979,34.24999999999997],[-117.99999999999979,34.27499999999997],[-118.02499999999979,34.27499999999997],[-118.02499999999979,34.24999999999997]]]}},{"type":"Feature","properties":{"nearestScore":97,"avg5Score":94.2,"nearestDist":12.202,"reachMin":146.4,"walkMin":146.4,"bikeMin":48.8,"driveMin":18.3},"geometry":{"type":"Polygon","coordinates":[[[-117.99999999999979,34.24999999999997],[-117.97499999999978,34.24999999999997],[-117.97499999999978,34.27499999999997],[-117.99999999999979,34.27499999999997],[-117.99999999999979,34.24999999999997]]]}},{"type":"Feature","properties":{"nearestScore":93,"avg5Score":94.0,"nearestDist":12.785,"reachMin":153.4,"walkMin":153.4,"bikeMin":51.1,"driveMin":19.2},"geometry":{"type":"Polygon","coordinates":[[[-117.97499999999978,34.24999999999997],[-117.94999999999978,34.24999999999997],[-117.94999999999978,34.27499999999997],[-117.97499999999978,34.27499999999997],[-117.97499999999978,34.24999999999997]]]}},{"type":"Feature","properties":{"nearestScore":98,"avg5Score":93.0,"nearestDist":11.648,"reachMin":139.8,"walkMin":139.8,"bikeMin":46.6,"driveMin":17.5},"geometry":{"type":"Polygon","coordinates":[[[-117.94999999999978,34.24999999999997],[-117.92499999999977,34.24999999999997],[-117.92499999999977,34.27499999999997],[-117.94999999999978,34.27499999999997],[-117.94999999999978,34.24999999999997]]]}},{"type":"Feature","properties":{"nearestScore":98,"avg5Score":94.6,"nearestDist":9.88,"reachMin":118.6,"walkMin":118.6,"bikeMin":39.5,"driveMin":14.8},"geometry":{"type":"Polygon","coordinates":[[[-117.92499999999977,34.24999999999997],[-117.89999999999976,34.24999999999997],[-117.89999999999976,34.27499999999997],[-117.92499999999977,34.27499999999997],[-117.92499999999977,34.24999999999997]]]}},{"type":"Feature","properties":{"nearestScore":98,"avg5Score":94.6,"nearestDist":8.374,"reachMin":100.5,"walkMin":100.5,"bikeMin":33.5,"driveMin":12.6},"geometry":{"type":"Polygon","coordinates":[[[-117.89999999999976,34.24999999999997],[-117.87499999999976,34.24999999999997],[-117.87499999999976,34.27499999999997],[-117.89999999999976,34.27499999999997],[-117.89999999999976,34.24999999999997]]]}},{"type":"Feature","properties":{"nearestScore":98,"avg5Score":93.4,"nearestDist":7.291,"reachMin":87.5,"walkMin":87.5,"bikeMin":29.2,"driveMin":10.9},"geometry":{"type":"Polygon","coordinates":[[[-117.87499999999976,34.24999999999997],[-117.84999999999975,34.24999999999997],[-117.84999999999975,34.27499999999997],[-117.87499999999976,34.27499999999997],[-117.87499999999976,34.24999999999997]]]}},{"type":"Feature","properties":{"nearestScore":98,"avg5Score":94.2,"nearestDist":6.837,"reachMin":82.0,"walkMin":82.0,"bikeMin":27.3,"driveMin":10.3},"geometry":{"type":"Polygon","coordinates":[[[-117.84999999999975,34.24999999999997],[-117.82499999999975,34.24999999999997],[-117.82499999999975,34.27499999999997],[-117.84999999999975,34.27499999999997],[-117.84999999999975,34.24999999999997]]]}},{"type":"Feature","properties":{"nearestScore":98,"avg5Score":96.8,"nearestDist":7.134,"reachMin":85.6,"walkMin":85.6,"bikeMin":28.5,"driveMin":10.7},"geometry":{"type":"Polygon","coordinates":[[[-117.82499999999975,34.24999999999997],[-117.79999999999974,34.24999999999997],[-117.79999999999974,34.27499999999997],[-117.82499999999975,34.27499999999997],[-117.82499999999975,34.24999999999997]]]}},{"type":"Feature","properties":{"nearestScore":98,"avg5Score":96.8,"nearestDist":8.098,"reachMin":97.2,"walkMin":97.2,"bikeMin":32.4,"driveMin":12.1},"geometry":{"type":"Polygon","coordinates":[[[-117.79999999999974,34.24999999999997],[-117.77499999999974,34.24999999999997],[-117.77499999999974,34.27499999999997],[-117.79999999999974,34.27499999999997],[-117.79999999999974,34.24999999999997]]]}},{"type":"Feature","properties":{"nearestScore":98,"avg5Score":98.0,"nearestDist":9.53,"reachMin":114.4,"walkMin":114.4,"bikeMin":38.1,"driveMin":14.3},"geometry":{"type":"Polygon","coordinates":[[[-117.77499999999974,34.24999999999997],[-117.74999999999973,34.24999999999997],[-117.74999999999973,34.27499999999997],[-117.77499999999974,34.27499999999997],[-117.77499999999974,34.24999999999997]]]}},{"type":"Feature","properties":{"nearestScore":98,"avg5Score":98.0,"nearestDist":11.252,"reachMin":135.0,"walkMin":135.0,"bikeMin":45.0,"driveMin":16.9},"geometry":{"type":"Polygon","coordinates":[[[-117.74999999999973,34.24999999999997],[-117.72499999999972,34.24999999999997],[-117.72499999999972,34.27499999999997],[-117.74999999999973,34.27499999999997],[-117.74999999999973,34.24999999999997]]]}},{"type":"Feature","properties":{"nearestScore":98,"avg5Score":98.0,"nearestDist":13.151,"reachMin":157.8,"walkMin":157.8,"bikeMin":52.6,"driveMin":19.7},"geometry":{"type":"Polygon","coordinates":[[[-117.72499999999972,34.24999999999997],[-117.69999999999972,34.24999999999997],[-117.69999999999972,34.27499999999997],[-117.72499999999972,34.27499999999997],[-117.72499999999972,34.24999999999997]]]}},{"type":"Feature","properties":{"nearestScore":99,"avg5Score":98.0,"nearestDist":14.353,"reachMin":172.2,"walkMin":172.2,"bikeMin":57.4,"driveMin":21.5},"geometry":{"type":"Polygon","coordinates":[[[-117.69999999999972,34.24999999999997],[-117.67499999999971,34.24999999999997],[-117.67499999999971,34.27499999999997],[-117.69999999999972,34.27499999999997],[-117.69999999999972,34.24999999999997]]]}},{"type":"Feature","properties":{"nearestScore":99,"avg5Score":97.2,"nearestDist":15.493,"reachMin":185.9,"walkMin":185.9,"bikeMin":62.0,"driveMin":23.2},"geometry":{"type":"Polygon","coordinates":[[[-117.67499999999971,34.24999999999997],[-117.64999999999971,34.24999999999997],[-117.64999999999971,34.27499999999997],[-117.67499999999971,34.27499999999997],[-117.67499999999971,34.24999999999997]]]}},{"type":"Feature","properties":{"nearestScore":92,"avg5Score":96.0,"nearestDist":18.857,"reachMin":226.3,"walkMin":226.3,"bikeMin":75.4,"driveMin":28.3},"geometry":{"type":"Polygon","coordinates":[[[-118.95,34.27499999999997],[-118.925,34.27499999999997],[-118.925,34.29999999999997],[-118.95,34.29999999999997],[-118.95,34.27499999999997]]]}},{"type":"Feature","properties":{"nearestScore":92,"avg5Score":96.0,"nearestDist":17.626,"reachMin":211.5,"walkMin":211.5,"bikeMin":70.5,"driveMin":26.4},"geometry":{"type":"Polygon","coordinates":[[[-118.925,34.27499999999997],[-118.89999999999999,34.27499999999997],[-118.89999999999999,34.29999999999997],[-118.925,34.29999999999997],[-118.925,34.27499999999997]]]}},{"type":"Feature","properties":{"nearestScore":97,"avg5Score":95.6,"nearestDist":16.558,"reachMin":198.7,"walkMin":198.7,"bikeMin":66.2,"driveMin":24.8},"geometry":{"type":"Polygon","coordinates":[[[-118.89999999999999,34.27499999999997],[-118.87499999999999,34.27499999999997],[-118.87499999999999,34.29999999999997],[-118.89999999999999,34.29999999999997],[-118.89999999999999,34.27499999999997]]]}},{"type":"Feature","properties":{"nearestScore":97,"avg5Score":95.8,"nearestDist":15.565,"reachMin":186.8,"walkMin":186.8,"bikeMin":62.3,"driveMin":23.3},"geometry":{"type":"Polygon","coordinates":[[[-118.87499999999999,34.27499999999997],[-118.84999999999998,34.27499999999997],[-118.84999999999998,34.29999999999997],[-118.87499999999999,34.29999999999997],[-118.87499999999999,34.27499999999997]]]}},{"type":"Feature","properties":{"nearestScore":97,"avg5Score":95.0,"nearestDist":14.864,"reachMin":178.4,"walkMin":178.4,"bikeMin":59.5,"driveMin":22.3},"geometry":{"type":"Polygon","coordinates":[[[-118.84999999999998,34.27499999999997],[-118.82499999999997,34.27499999999997],[-118.82499999999997,34.29999999999997],[-118.84999999999998,34.29999999999997],[-118.84999999999998,34.27499999999997]]]}},{"type":"Feature","properties":{"nearestScore":97,"avg5Score":95.0,"nearestDist":14.497,"reachMin":174.0,"walkMin":174.0,"bikeMin":58.0,"driveMin":21.7},"geometry":{"type":"Polygon","coordinates":[[[-118.82499999999997,34.27499999999997],[-118.79999999999997,34.27499999999997],[-118.79999999999997,34.29999999999997],[-118.82499999999997,34.29999999999997],[-118.82499999999997,34.27499999999997]]]}},{"type":"Feature","properties":{"nearestScore":97,"avg5Score":96.0,"nearestDist":14.49,"reachMin":173.9,"walkMin":173.9,"bikeMin":58.0,"driveMin":21.7},"geometry":{"type":"Polygon","coordinates":[[[-118.79999999999997,34.27499999999997],[-118.77499999999996,34.27499999999997],[-118.77499999999996,34.29999999999997],[-118.79999999999997,34.29999999999997],[-118.79999999999997,34.27499999999997]]]}},{"type":"Feature","properties":{"nearestScore":94,"avg5Score":93.2,"nearestDist":13.168,"reachMin":158.0,"walkMin":158.0,"bikeMin":52.7,"driveMin":19.8},"geometry":{"type":"Polygon","coordinates":[[[-118.77499999999996,34.27499999999997],[-118.74999999999996,34.27499999999997],[-118.74999999999996,34.29999999999997],[-118.77499999999996,34.29999999999997],[-118.77499999999996,34.27499999999997]]]}},{"type":"Feature","properties":{"nearestScore":94,"avg5Score":94.8,"nearestDist":11.367,"reachMin":136.4,"walkMin":136.4,"bikeMin":45.5,"driveMin":17.1},"geometry":{"type":"Polygon","coordinates":[[[-118.74999999999996,34.27499999999997],[-118.72499999999995,34.27499999999997],[-118.72499999999995,34.29999999999997],[-118.74999999999996,34.29999999999997],[-118.74999999999996,34.27499999999997]]]}},{"type":"Feature","properties":{"nearestScore":94,"avg5Score":94.8,"nearestDist":9.778,"reachMin":117.3,"walkMin":117.3,"bikeMin":39.1,"driveMin":14.7},"geometry":{"type":"Polygon","coordinates":[[[-118.72499999999995,34.27499999999997],[-118.69999999999995,34.27499999999997],[-118.69999999999995,34.29999999999997],[-118.72499999999995,34.29999999999997],[-118.72499999999995,34.27499999999997]]]}},{"type":"Feature","properties":{"nearestScore":98,"avg5Score":95.0,"nearestDist":8.275,"reachMin":99.3,"walkMin":99.3,"bikeMin":33.1,"driveMin":12.4},"geometry":{"type":"Polygon","coordinates":[[[-118.69999999999995,34.27499999999997],[-118.67499999999994,34.27499999999997],[-118.67499999999994,34.29999999999997],[-118.69999999999995,34.29999999999997],[-118.69999999999995,34.27499999999997]]]}},{"type":"Feature","properties":{"nearestScore":98,"avg5Score":95.0,"nearestDist":6.246,"reachMin":75.0,"walkMin":75.0,"bikeMin":25.0,"driveMin":9.4},"geometry":{"type":"Polygon","coordinates":[[[-118.67499999999994,34.27499999999997],[-118.64999999999993,34.27499999999997],[-118.64999999999993,34.29999999999997],[-118.67499999999994,34.29999999999997],[-118.67499999999994,34.27499999999997]]]}},{"type":"Feature","properties":{"nearestScore":98,"avg5Score":93.4,"nearestDist":4.483,"reachMin":53.8,"walkMin":53.8,"bikeMin":17.9,"driveMin":6.7},"geometry":{"type":"Polygon","coordinates":[[[-118.64999999999993,34.27499999999997],[-118.62499999999993,34.27499999999997],[-118.62499999999993,34.29999999999997],[-118.64999999999993,34.29999999999997],[-118.64999999999993,34.27499999999997]]]}},{"type":"Feature","properties":{"nearestScore":98,"avg5Score":92.0,"nearestDist":3.426,"reachMin":41.1,"walkMin":41.1,"bikeMin":13.7,"driveMin":5.1},"geometry":{"type":"Polygon","coordinates":[[[-118.62499999999993,34.27499999999997],[-118.59999999999992,34.27499999999997],[-118.59999999999992,34.29999999999997],[-118.62499999999993,34.29999999999997],[-118.62499999999993,34.27499999999997]]]}},{"type":"Feature","properties":{"nearestScore":98,"avg5Score":97.4,"nearestDist":1.868,"reachMin":22.4,"walkMin":22.4,"bikeMin":7.5,"driveMin":2.8},"geometry":{"type":"Polygon","coordinates":[[[-118.59999999999992,34.27499999999997],[-118.57499999999992,34.27499999999997],[-118.57499999999992,34.29999999999997],[-118.59999999999992,34.29999999999997],[-118.59999999999992,34.27499999999997]]]}},{"type":"Feature","properties":{"nearestScore":95,"avg5Score":96.4,"nearestDist":1.403,"reachMin":16.8,"walkMin":16.8,"bikeMin":5.6,"driveMin":2.1},"geometry":{"type":"Polygon","coordinates":[[[-118.57499999999992,34.27499999999997],[-118.54999999999991,34.27499999999997],[-118.54999999999991,34.29999999999997],[-118.57499999999992,34.29999999999997],[-118.57499999999992,34.27499999999997]]]}},{"type":"Feature","properties":{"nearestScore":97,"avg5Score":94.2,"nearestDist":1.895,"reachMin":22.7,"walkMin":22.7,"bikeMin":7.6,"driveMin":2.8},"geometry":{"type":"Polygon","coordinates":[[[-118.54999999999991,34.27499999999997],[-118.5249999999999,34.27499999999997],[-118.5249999999999,34.29999999999997],[-118.54999999999991,34.29999999999997],[-118.54999999999991,34.27499999999997]]]}},{"type":"Feature","properties":{"nearestScore":95,"avg5Score":96.0,"nearestDist":0.982,"reachMin":11.8,"walkMin":11.8,"bikeMin":3.9,"driveMin":1.5},"geometry":{"type":"Polygon","coordinates":[[[-118.5249999999999,34.27499999999997],[-118.4999999999999,34.27499999999997],[-118.4999999999999,34.29999999999997],[-118.5249999999999,34.29999999999997],[-118.5249999999999,34.27499999999997]]]}},{"type":"Feature","properties":{"nearestScore":97,"avg5Score":95.8,"nearestDist":1.096,"reachMin":13.2,"walkMin":13.2,"bikeMin":4.4,"driveMin":1.6},"geometry":{"type":"Polygon","coordinates":[[[-118.4999999999999,34.27499999999997],[-118.4749999999999,34.27499999999997],[-118.4749999999999,34.29999999999997],[-118.4999999999999,34.29999999999997],[-118.4999999999999,34.27499999999997]]]}},{"type":"Feature","properties":{"nearestScore":97,"avg5Score":95.2,"nearestDist":0.873,"reachMin":10.5,"walkMin":10.5,"bikeMin":3.5,"driveMin":1.3},"geometry":{"type":"Polygon","coordinates":[[[-118.4749999999999,34.27499999999997],[-118.44999999999989,34.27499999999997],[-118.44999999999989,34.29999999999997],[-118.4749999999999,34.29999999999997],[-118.4749999999999,34.27499999999997]]]}},{"type":"Feature","properties":{"nearestScore":93,"avg5Score":92.2,"nearestDist":0.145,"reachMin":1.7,"walkMin":1.7,"bikeMin":0.6,"driveMin":0.2},"geometry":{"type":"Polygon","coordinates":[[[-118.44999999999989,34.27499999999997],[-118.42499999999988,34.27499999999997],[-118.42499999999988,34.29999999999997],[-118.44999999999989,34.29999999999997],[-118.44999999999989,34.27499999999997]]]}},{"type":"Feature","properties":{"nearestScore":95,"avg5Score":95.2,"nearestDist":0.776,"reachMin":9.3,"walkMin":9.3,"bikeMin":3.1,"driveMin":1.2},"geometry":{"type":"Polygon","coordinates":[[[-118.42499999999988,34.27499999999997],[-118.39999999999988,34.27499999999997],[-118.39999999999988,34.29999999999997],[-118.42499999999988,34.29999999999997],[-118.42499999999988,34.27499999999997]]]}},{"type":"Feature","properties":{"nearestScore":93,"avg5Score":95.0,"nearestDist":1.061,"reachMin":12.7,"walkMin":12.7,"bikeMin":4.2,"driveMin":1.6},"geometry":{"type":"Polygon","coordinates":[[[-118.39999999999988,34.27499999999997],[-118.37499999999987,34.27499999999997],[-118.37499999999987,34.29999999999997],[-118.39999999999988,34.29999999999997],[-118.39999999999988,34.27499999999997]]]}},{"type":"Feature","properties":{"nearestScore":93,"avg5Score":96.0,"nearestDist":1.245,"reachMin":14.9,"walkMin":14.9,"bikeMin":5.0,"driveMin":1.9},"geometry":{"type":"Polygon","coordinates":[[[-118.37499999999987,34.27499999999997],[-118.34999999999987,34.27499999999997],[-118.34999999999987,34.29999999999997],[-118.37499999999987,34.29999999999997],[-118.37499999999987,34.27499999999997]]]}},{"type":"Feature","properties":{"nearestScore":92,"avg5Score":95.6,"nearestDist":1.925,"reachMin":23.1,"walkMin":23.1,"bikeMin":7.7,"driveMin":2.9},"geometry":{"type":"Polygon","coordinates":[[[-118.34999999999987,34.27499999999997],[-118.32499999999986,34.27499999999997],[-118.32499999999986,34.29999999999997],[-118.34999999999987,34.29999999999997],[-118.34999999999987,34.27499999999997]]]}},{"type":"Feature","properties":{"nearestScore":92,"avg5Score":95.6,"nearestDist":2.966,"reachMin":35.6,"walkMin":35.6,"bikeMin":11.9,"driveMin":4.4},"geometry":{"type":"Polygon","coordinates":[[[-118.32499999999986,34.27499999999997],[-118.29999999999986,34.27499999999997],[-118.29999999999986,34.29999999999997],[-118.32499999999986,34.29999999999997],[-118.32499999999986,34.27499999999997]]]}},{"type":"Feature","properties":{"nearestScore":94,"avg5Score":94.4,"nearestDist":3.384,"reachMin":40.6,"walkMin":40.6,"bikeMin":13.5,"driveMin":5.1},"geometry":{"type":"Polygon","coordinates":[[[-118.29999999999986,34.27499999999997],[-118.27499999999985,34.27499999999997],[-118.27499999999985,34.29999999999997],[-118.29999999999986,34.29999999999997],[-118.29999999999986,34.27499999999997]]]}},{"type":"Feature","properties":{"nearestScore":94,"avg5Score":94.0,"nearestDist":4.493,"reachMin":53.9,"walkMin":53.9,"bikeMin":18.0,"driveMin":6.7},"geometry":{"type":"Polygon","coordinates":[[[-118.27499999999985,34.27499999999997],[-118.24999999999984,34.27499999999997],[-118.24999999999984,34.29999999999997],[-118.27499999999985,34.29999999999997],[-118.27499999999985,34.27499999999997]]]}},{"type":"Feature","properties":{"nearestScore":94,"avg5Score":94.4,"nearestDist":5.763,"reachMin":69.2,"walkMin":69.2,"bikeMin":23.1,"driveMin":8.6},"geometry":{"type":"Polygon","coordinates":[[[-118.24999999999984,34.27499999999997],[-118.22499999999984,34.27499999999997],[-118.22499999999984,34.29999999999997],[-118.24999999999984,34.29999999999997],[-118.24999999999984,34.27499999999997]]]}},{"type":"Feature","properties":{"nearestScore":95,"avg5Score":95.0,"nearestDist":7.139,"reachMin":85.7,"walkMin":85.7,"bikeMin":28.6,"driveMin":10.7},"geometry":{"type":"Polygon","coordinates":[[[-118.22499999999984,34.27499999999997],[-118.19999999999983,34.27499999999997],[-118.19999999999983,34.29999999999997],[-118.22499999999984,34.29999999999997],[-118.22499999999984,34.27499999999997]]]}},{"type":"Feature","properties":{"nearestScore":95,"avg5Score":94.0,"nearestDist":8.1,"reachMin":97.2,"walkMin":97.2,"bikeMin":32.4,"driveMin":12.1},"geometry":{"type":"Polygon","coordinates":[[[-118.19999999999983,34.27499999999997],[-118.17499999999983,34.27499999999997],[-118.17499999999983,34.29999999999997],[-118.19999999999983,34.29999999999997],[-118.19999999999983,34.27499999999997]]]}},{"type":"Feature","properties":{"nearestScore":95,"avg5Score":95.4,"nearestDist":8.41,"reachMin":100.9,"walkMin":100.9,"bikeMin":33.6,"driveMin":12.6},"geometry":{"type":"Polygon","coordinates":[[[-118.17499999999983,34.27499999999997],[-118.14999999999982,34.27499999999997],[-118.14999999999982,34.29999999999997],[-118.17499999999983,34.29999999999997],[-118.17499999999983,34.27499999999997]]]}},{"type":"Feature","properties":{"nearestScore":95,"avg5Score":96.0,"nearestDist":9.296,"reachMin":111.6,"walkMin":111.6,"bikeMin":37.2,"driveMin":13.9},"geometry":{"type":"Polygon","coordinates":[[[-118.14999999999982,34.27499999999997],[-118.12499999999982,34.27499999999997],[-118.12499999999982,34.29999999999997],[-118.14999999999982,34.29999999999997],[-118.14999999999982,34.27499999999997]]]}},{"type":"Feature","properties":{"nearestScore":100,"avg5Score":96.0,"nearestDist":10.337,"reachMin":124.0,"walkMin":124.0,"bikeMin":41.3,"driveMin":15.5},"geometry":{"type":"Polygon","coordinates":[[[-118.12499999999982,34.27499999999997],[-118.09999999999981,34.27499999999997],[-118.09999999999981,34.29999999999997],[-118.12499999999982,34.29999999999997],[-118.12499999999982,34.27499999999997]]]}},{"type":"Feature","properties":{"nearestScore":100,"avg5Score":94.8,"nearestDist":11.482,"reachMin":137.8,"walkMin":137.8,"bikeMin":45.9,"driveMin":17.2},"geometry":{"type":"Polygon","coordinates":[[[-118.09999999999981,34.27499999999997],[-118.0749999999998,34.27499999999997],[-118.0749999999998,34.29999999999997],[-118.09999999999981,34.29999999999997],[-118.09999999999981,34.27499999999997]]]}},{"type":"Feature","properties":{"nearestScore":93,"avg5Score":93.8,"nearestDist":12.571,"reachMin":150.9,"walkMin":150.9,"bikeMin":50.3,"driveMin":18.9},"geometry":{"type":"Polygon","coordinates":[[[-118.0749999999998,34.27499999999997],[-118.0499999999998,34.27499999999997],[-118.0499999999998,34.29999999999997],[-118.0749999999998,34.29999999999997],[-118.0749999999998,34.27499999999997]]]}},{"type":"Feature","properties":{"nearestScore":93,"avg5Score":94.8,"nearestDist":13.871,"reachMin":166.5,"walkMin":166.5,"bikeMin":55.5,"driveMin":20.8},"geometry":{"type":"Polygon","coordinates":[[[-118.0499999999998,34.27499999999997],[-118.02499999999979,34.27499999999997],[-118.02499999999979,34.29999999999997],[-118.0499999999998,34.29999999999997],[-118.0499999999998,34.27499999999997]]]}},{"type":"Feature","properties":{"nearestScore":97,"avg5Score":96.6,"nearestDist":14.194,"reachMin":170.3,"walkMin":170.3,"bikeMin":56.8,"driveMin":21.3},"geometry":{"type":"Polygon","coordinates":[[[-118.02499999999979,34.27499999999997],[-117.99999999999979,34.27499999999997],[-117.99999999999979,34.29999999999997],[-118.02499999999979,34.29999999999997],[-118.02499999999979,34.27499999999997]]]}},{"type":"Feature","properties":{"nearestScore":98,"avg5Score":97.0,"nearestDist":14.599,"reachMin":175.2,"walkMin":175.2,"bikeMin":58.4,"driveMin":21.9},"geometry":{"type":"Polygon","coordinates":[[[-117.99999999999979,34.27499999999997],[-117.97499999999978,34.27499999999997],[-117.97499999999978,34.29999999999997],[-117.99999999999979,34.29999999999997],[-117.99999999999979,34.27499999999997]]]}},{"type":"Feature","properties":{"nearestScore":98,"avg5Score":94.4,"nearestDist":12.409,"reachMin":148.9,"walkMin":148.9,"bikeMin":49.6,"driveMin":18.6},"geometry":{"type":"Polygon","coordinates":[[[-117.97499999999978,34.27499999999997],[-117.94999999999978,34.27499999999997],[-117.94999999999978,34.29999999999997],[-117.97499999999978,34.29999999999997],[-117.97499999999978,34.27499999999997]]]}},{"type":"Feature","properties":{"nearestScore":98,"avg5Score":94.0,"nearestDist":10.266,"reachMin":123.2,"walkMin":123.2,"bikeMin":41.1,"driveMin":15.4},"geometry":{"type":"Polygon","coordinates":[[[-117.94999999999978,34.27499999999997],[-117.92499999999977,34.27499999999997],[-117.92499999999977,34.29999999999997],[-117.94999999999978,34.29999999999997],[-117.94999999999978,34.27499999999997]]]}},{"type":"Feature","properties":{"nearestScore":98,"avg5Score":94.6,"nearestDist":8.206,"reachMin":98.5,"walkMin":98.5,"bikeMin":32.8,"driveMin":12.3},"geometry":{"type":"Polygon","coordinates":[[[-117.92499999999977,34.27499999999997],[-117.89999999999976,34.27499999999997],[-117.89999999999976,34.29999999999997],[-117.92499999999977,34.29999999999997],[-117.92499999999977,34.27499999999997]]]}},{"type":"Feature","properties":{"nearestScore":98,"avg5Score":94.6,"nearestDist":6.312,"reachMin":75.7,"walkMin":75.7,"bikeMin":25.2,"driveMin":9.5},"geometry":{"type":"Polygon","coordinates":[[[-117.89999999999976,34.27499999999997],[-117.87499999999976,34.27499999999997],[-117.87499999999976,34.29999999999997],[-117.89999999999976,34.29999999999997],[-117.89999999999976,34.27499999999997]]]}},{"type":"Feature","properties":{"nearestScore":98,"avg5Score":93.4,"nearestDist":4.785,"reachMin":57.4,"walkMin":57.4,"bikeMin":19.1,"driveMin":7.2},"geometry":{"type":"Polygon","coordinates":[[[-117.87499999999976,34.27499999999997],[-117.84999999999975,34.27499999999997],[-117.84999999999975,34.29999999999997],[-117.87499999999976,34.29999999999997],[-117.87499999999976,34.27499999999997]]]}},{"type":"Feature","properties":{"nearestScore":98,"avg5Score":95.0,"nearestDist":4.061,"reachMin":48.7,"walkMin":48.7,"bikeMin":16.2,"driveMin":6.1},"geometry":{"type":"Polygon","coordinates":[[[-117.84999999999975,34.27499999999997],[-117.82499999999975,34.27499999999997],[-117.82499999999975,34.29999999999997],[-117.84999999999975,34.29999999999997],[-117.84999999999975,34.27499999999997]]]}},{"type":"Feature","properties":{"nearestScore":98,"avg5Score":98.0,"nearestDist":4.542,"reachMin":54.5,"walkMin":54.5,"bikeMin":18.2,"driveMin":6.8},"geometry":{"type":"Polygon","coordinates":[[[-117.82499999999975,34.27499999999997],[-117.79999999999974,34.27499999999997],[-117.79999999999974,34.29999999999997],[-117.82499999999975,34.29999999999997],[-117.82499999999975,34.27499999999997]]]}},{"type":"Feature","properties":{"nearestScore":98,"avg5Score":98.0,"nearestDist":5.942,"reachMin":71.3,"walkMin":71.3,"bikeMin":23.8,"driveMin":8.9},"geometry":{"type":"Polygon","coordinates":[[[-117.79999999999974,34.27499999999997],[-117.77499999999974,34.27499999999997],[-117.77499999999974,34.29999999999997],[-117.79999999999974,34.29999999999997],[-117.79999999999974,34.27499999999997]]]}},{"type":"Feature","properties":{"nearestScore":98,"avg5Score":98.4,"nearestDist":7.781,"reachMin":93.4,"walkMin":93.4,"bikeMin":31.1,"driveMin":11.7},"geometry":{"type":"Polygon","coordinates":[[[-117.77499999999974,34.27499999999997],[-117.74999999999973,34.27499999999997],[-117.74999999999973,34.29999999999997],[-117.77499999999974,34.29999999999997],[-117.77499999999974,34.27499999999997]]]}},{"type":"Feature","properties":{"nearestScore":98,"avg5Score":98.4,"nearestDist":9.814,"reachMin":117.8,"walkMin":117.8,"bikeMin":39.3,"driveMin":14.7},"geometry":{"type":"Polygon","coordinates":[[[-117.74999999999973,34.27499999999997],[-117.72499999999972,34.27499999999997],[-117.72499999999972,34.29999999999997],[-117.74999999999973,34.29999999999997],[-117.74999999999973,34.27499999999997]]]}},{"type":"Feature","properties":{"nearestScore":100,"avg5Score":98.4,"nearestDist":11.778,"reachMin":141.3,"walkMin":141.3,"bikeMin":47.1,"driveMin":17.7},"geometry":{"type":"Polygon","coordinates":[[[-117.72499999999972,34.27499999999997],[-117.69999999999972,34.27499999999997],[-117.69999999999972,34.29999999999997],[-117.72499999999972,34.29999999999997],[-117.72499999999972,34.27499999999997]]]}},{"type":"Feature","properties":{"nearestScore":100,"avg5Score":98.4,"nearestDist":12.241,"reachMin":146.9,"walkMin":146.9,"bikeMin":49.0,"driveMin":18.4},"geometry":{"type":"Polygon","coordinates":[[[-117.69999999999972,34.27499999999997],[-117.67499999999971,34.27499999999997],[-117.67499999999971,34.29999999999997],[-117.69999999999972,34.29999999999997],[-117.69999999999972,34.27499999999997]]]}},{"type":"Feature","properties":{"nearestScore":100,"avg5Score":98.2,"nearestDist":13.095,"reachMin":157.1,"walkMin":157.1,"bikeMin":52.4,"driveMin":19.6},"geometry":{"type":"Polygon","coordinates":[[[-117.67499999999971,34.27499999999997],[-117.64999999999971,34.27499999999997],[-117.64999999999971,34.29999999999997],[-117.67499999999971,34.29999999999997],[-117.67499999999971,34.27499999999997]]]}},{"type":"Feature","properties":{"nearestScore":92,"avg5Score":96.0,"nearestDist":21.184,"reachMin":254.2,"walkMin":254.2,"bikeMin":84.7,"driveMin":31.8},"geometry":{"type":"Polygon","coordinates":[[[-118.95,34.29999999999997],[-118.925,34.29999999999997],[-118.925,34.32499999999997],[-118.95,34.32499999999997],[-118.95,34.29999999999997]]]}},{"type":"Feature","properties":{"nearestScore":92,"avg5Score":96.0,"nearestDist":20.097,"reachMin":241.2,"walkMin":241.2,"bikeMin":80.4,"driveMin":30.1},"geometry":{"type":"Polygon","coordinates":[[[-118.925,34.29999999999997],[-118.89999999999999,34.29999999999997],[-118.89999999999999,34.32499999999997],[-118.925,34.32499999999997],[-118.925,34.29999999999997]]]}},{"type":"Feature","properties":{"nearestScore":97,"avg5Score":95.2,"nearestDist":19.032,"reachMin":228.4,"walkMin":228.4,"bikeMin":76.1,"driveMin":28.5},"geometry":{"type":"Polygon","coordinates":[[[-118.89999999999999,34.29999999999997],[-118.87499999999999,34.29999999999997],[-118.87499999999999,34.32499999999997],[-118.89999999999999,34.32499999999997],[-118.89999999999999,34.29999999999997]]]}},{"type":"Feature","properties":{"nearestScore":97,"avg5Score":95.4,"nearestDist":18.174,"reachMin":218.1,"walkMin":218.1,"bikeMin":72.7,"driveMin":27.3},"geometry":{"type":"Polygon","coordinates":[[[-118.87499999999999,34.29999999999997],[-118.84999999999998,34.29999999999997],[-118.84999999999998,34.32499999999997],[-118.87499999999999,34.32499999999997],[-118.87499999999999,34.29999999999997]]]}},{"type":"Feature","properties":{"nearestScore":97,"avg5Score":95.0,"nearestDist":17.578,"reachMin":210.9,"walkMin":210.9,"bikeMin":70.3,"driveMin":26.4},"geometry":{"type":"Polygon","coordinates":[[[-118.84999999999998,34.29999999999997],[-118.82499999999997,34.29999999999997],[-118.82499999999997,34.32499999999997],[-118.84999999999998,34.32499999999997],[-118.84999999999998,34.29999999999997]]]}},{"type":"Feature","properties":{"nearestScore":97,"avg5Score":95.0,"nearestDist":17.269,"reachMin":207.2,"walkMin":207.2,"bikeMin":69.1,"driveMin":25.9},"geometry":{"type":"Polygon","coordinates":[[[-118.82499999999997,34.29999999999997],[-118.79999999999997,34.29999999999997],[-118.79999999999997,34.32499999999997],[-118.82499999999997,34.32499999999997],[-118.82499999999997,34.29999999999997]]]}},{"type":"Feature","properties":{"nearestScore":94,"avg5Score":96.2,"nearestDist":16.673,"reachMin":200.1,"walkMin":200.1,"bikeMin":66.7,"driveMin":25.0},"geometry":{"type":"Polygon","coordinates":[[[-118.79999999999997,34.29999999999997],[-118.77499999999996,34.29999999999997],[-118.77499999999996,34.32499999999997],[-118.79999999999997,34.32499999999997],[-118.79999999999997,34.29999999999997]]]}},{"type":"Feature","properties":{"nearestScore":94,"avg5Score":94.8,"nearestDist":14.942,"reachMin":179.3,"walkMin":179.3,"bikeMin":59.8,"driveMin":22.4},"geometry":{"type":"Polygon","coordinates":[[[-118.77499999999996,34.29999999999997],[-118.74999999999996,34.29999999999997],[-118.74999999999996,34.32499999999997],[-118.77499999999996,34.32499999999997],[-118.77499999999996,34.29999999999997]]]}},{"type":"Feature","properties":{"nearestScore":94,"avg5Score":95.2,"nearestDist":13.383,"reachMin":160.6,"walkMin":160.6,"bikeMin":53.5,"driveMin":20.1},"geometry":{"type":"Polygon","coordinates":[[[-118.74999999999996,34.29999999999997],[-118.72499999999995,34.29999999999997],[-118.72499999999995,34.32499999999997],[-118.74999999999996,34.32499999999997],[-118.74999999999996,34.29999999999997]]]}},{"type":"Feature","properties":{"nearestScore":98,"avg5Score":95.0,"nearestDist":11.614,"reachMin":139.4,"walkMin":139.4,"bikeMin":46.5,"driveMin":17.4},"geometry":{"type":"Polygon","coordinates":[[[-118.72499999999995,34.29999999999997],[-118.69999999999995,34.29999999999997],[-118.69999999999995,34.32499999999997],[-118.72499999999995,34.32499999999997],[-118.72499999999995,34.29999999999997]]]}},{"type":"Feature","properties":{"nearestScore":98,"avg5Score":93.4,"nearestDist":9.74,"reachMin":116.9,"walkMin":116.9,"bikeMin":39.0,"driveMin":14.6},"geometry":{"type":"Polygon","coordinates":[[[-118.69999999999995,34.29999999999997],[-118.67499999999994,34.29999999999997],[-118.67499999999994,34.32499999999997],[-118.69999999999995,34.32499999999997],[-118.69999999999995,34.29999999999997]]]}},{"type":"Feature","properties":{"nearestScore":98,"avg5Score":93.4,"nearestDist":8.088,"reachMin":97.1,"walkMin":97.1,"bikeMin":32.4,"driveMin":12.1},"geometry":{"type":"Polygon","coordinates":[[[-118.67499999999994,34.29999999999997],[-118.64999999999993,34.29999999999997],[-118.64999999999993,34.32499999999997],[-118.67499999999994,34.32499999999997],[-118.67499999999994,34.29999999999997]]]}},{"type":"Feature","properties":{"nearestScore":98,"avg5Score":93.4,"nearestDist":6.819,"reachMin":81.8,"walkMin":81.8,"bikeMin":27.3,"driveMin":10.2},"geometry":{"type":"Polygon","coordinates":[[[-118.64999999999993,34.29999999999997],[-118.62499999999993,34.29999999999997],[-118.62499999999993,34.32499999999997],[-118.64999999999993,34.32499999999997],[-118.64999999999993,34.29999999999997]]]}},{"type":"Feature","properties":{"nearestScore":98,"avg5Score":97.4,"nearestDist":5.473,"reachMin":65.7,"walkMin":65.7,"bikeMin":21.9,"driveMin":8.2},"geometry":{"type":"Polygon","coordinates":[[[-118.62499999999993,34.29999999999997],[-118.59999999999992,34.29999999999997],[-118.59999999999992,34.32499999999997],[-118.62499999999993,34.32499999999997],[-118.62499999999993,34.29999999999997]]]}},{"type":"Feature","properties":{"nearestScore":98,"avg5Score":97.4,"nearestDist":4.364,"reachMin":52.4,"walkMin":52.4,"bikeMin":17.5,"driveMin":6.5},"geometry":{"type":"Polygon","coordinates":[[[-118.59999999999992,34.29999999999997],[-118.57499999999992,34.29999999999997],[-118.57499999999992,34.32499999999997],[-118.59999999999992,34.32499999999997],[-118.59999999999992,34.29999999999997]]]}},{"type":"Feature","properties":{"nearestScore":97,"avg5Score":96.4,"nearestDist":4.107,"reachMin":49.3,"walkMin":49.3,"bikeMin":16.4,"driveMin":6.2},"geometry":{"type":"Polygon","coordinates":[[[-118.57499999999992,34.29999999999997],[-118.54999999999991,34.29999999999997],[-118.54999999999991,34.32499999999997],[-118.57499999999992,34.32499999999997],[-118.57499999999992,34.29999999999997]]]}},{"type":"Feature","properties":{"nearestScore":95,"avg5Score":95.4,"nearestDist":3.638,"reachMin":43.7,"walkMin":43.7,"bikeMin":14.6,"driveMin":5.5},"geometry":{"type":"Polygon","coordinates":[[[-118.54999999999991,34.29999999999997],[-118.5249999999999,34.29999999999997],[-118.5249999999999,34.32499999999997],[-118.54999999999991,34.32499999999997],[-118.54999999999991,34.29999999999997]]]}},{"type":"Feature","properties":{"nearestScore":93,"avg5Score":95.4,"nearestDist":2.783,"reachMin":33.4,"walkMin":33.4,"bikeMin":11.1,"driveMin":4.2},"geometry":{"type":"Polygon","coordinates":[[[-118.5249999999999,34.29999999999997],[-118.4999999999999,34.29999999999997],[-118.4999999999999,34.32499999999997],[-118.5249999999999,34.32499999999997],[-118.5249999999999,34.29999999999997]]]}},{"type":"Feature","properties":{"nearestScore":94,"avg5Score":95.6,"nearestDist":1.065,"reachMin":12.8,"walkMin":12.8,"bikeMin":4.3,"driveMin":1.6},"geometry":{"type":"Polygon","coordinates":[[[-118.4999999999999,34.29999999999997],[-118.4749999999999,34.29999999999997],[-118.4749999999999,34.32499999999997],[-118.4999999999999,34.32499999999997],[-118.4999999999999,34.29999999999997]]]}},{"type":"Feature","properties":{"nearestScore":96,"avg5Score":93.8,"nearestDist":0.647,"reachMin":7.8,"walkMin":7.8,"bikeMin":2.6,"driveMin":1.0},"geometry":{"type":"Polygon","coordinates":[[[-118.4749999999999,34.29999999999997],[-118.44999999999989,34.29999999999997],[-118.44999999999989,34.32499999999997],[-118.4749999999999,34.32499999999997],[-118.4749999999999,34.29999999999997]]]}},{"type":"Feature","properties":{"nearestScore":97,"avg5Score":96.2,"nearestDist":0.065,"reachMin":0.8,"walkMin":0.8,"bikeMin":0.3,"driveMin":0.1},"geometry":{"type":"Polygon","coordinates":[[[-118.44999999999989,34.29999999999997],[-118.42499999999988,34.29999999999997],[-118.42499999999988,34.32499999999997],[-118.44999999999989,34.32499999999997],[-118.44999999999989,34.29999999999997]]]}},{"type":"Feature","properties":{"nearestScore":96,"avg5Score":95.8,"nearestDist":0.493,"reachMin":5.9,"walkMin":5.9,"bikeMin":2.0,"driveMin":0.7},"geometry":{"type":"Polygon","coordinates":[[[-118.42499999999988,34.29999999999997],[-118.39999999999988,34.29999999999997],[-118.39999999999988,34.32499999999997],[-118.42499999999988,34.32499999999997],[-118.42499999999988,34.29999999999997]]]}},{"type":"Feature","properties":{"nearestScore":96,"avg5Score":94.6,"nearestDist":2.789,"reachMin":33.5,"walkMin":33.5,"bikeMin":11.2,"driveMin":4.2},"geometry":{"type":"Polygon","coordinates":[[[-118.39999999999988,34.29999999999997],[-118.37499999999987,34.29999999999997],[-118.37499999999987,34.32499999999997],[-118.39999999999988,34.32499999999997],[-118.39999999999988,34.29999999999997]]]}},{"type":"Feature","properties":{"nearestScore":93,"avg5Score":96.0,"nearestDist":2.951,"reachMin":35.4,"walkMin":35.4,"bikeMin":11.8,"driveMin":4.4},"geometry":{"type":"Polygon","coordinates":[[[-118.37499999999987,34.29999999999997],[-118.34999999999987,34.29999999999997],[-118.34999999999987,34.32499999999997],[-118.37499999999987,34.32499999999997],[-118.37499999999987,34.29999999999997]]]}},{"type":"Feature","properties":{"nearestScore":93,"avg5Score":96.0,"nearestDist":4.436,"reachMin":53.2,"walkMin":53.2,"bikeMin":17.7,"driveMin":6.7},"geometry":{"type":"Polygon","coordinates":[[[-118.34999999999987,34.29999999999997],[-118.32499999999986,34.29999999999997],[-118.32499999999986,34.32499999999997],[-118.34999999999987,34.32499999999997],[-118.34999999999987,34.29999999999997]]]}},{"type":"Feature","properties":{"nearestScore":92,"avg5Score":95.6,"nearestDist":5.217,"reachMin":62.6,"walkMin":62.6,"bikeMin":20.9,"driveMin":7.8},"geometry":{"type":"Polygon","coordinates":[[[-118.32499999999986,34.29999999999997],[-118.29999999999986,34.29999999999997],[-118.29999999999986,34.32499999999997],[-118.32499999999986,34.32499999999997],[-118.32499999999986,34.29999999999997]]]}},{"type":"Feature","properties":{"nearestScore":94,"avg5Score":95.0,"nearestDist":6.028,"reachMin":72.3,"walkMin":72.3,"bikeMin":24.1,"driveMin":9.0},"geometry":{"type":"Polygon","coordinates":[[[-118.29999999999986,34.29999999999997],[-118.27499999999985,34.29999999999997],[-118.27499999999985,34.32499999999997],[-118.29999999999986,34.32499999999997],[-118.29999999999986,34.29999999999997]]]}},{"type":"Feature","properties":{"nearestScore":94,"avg5Score":94.6,"nearestDist":6.928,"reachMin":83.1,"walkMin":83.1,"bikeMin":27.7,"driveMin":10.4},"geometry":{"type":"Polygon","coordinates":[[[-118.27499999999985,34.29999999999997],[-118.24999999999984,34.29999999999997],[-118.24999999999984,34.32499999999997],[-118.27499999999985,34.32499999999997],[-118.27499999999985,34.29999999999997]]]}},{"type":"Feature","properties":{"nearestScore":94,"avg5Score":93.2,"nearestDist":8.083,"reachMin":97.0,"walkMin":97.0,"bikeMin":32.3,"driveMin":12.1},"geometry":{"type":"Polygon","coordinates":[[[-118.24999999999984,34.29999999999997],[-118.22499999999984,34.29999999999997],[-118.22499999999984,34.32499999999997],[-118.24999999999984,34.32499999999997],[-118.24999999999984,34.29999999999997]]]}},{"type":"Feature","properties":{"nearestScore":94,"avg5Score":93.2,"nearestDist":9.367,"reachMin":112.4,"walkMin":112.4,"bikeMin":37.5,"driveMin":14.1},"geometry":{"type":"Polygon","coordinates":[[[-118.22499999999984,34.29999999999997],[-118.19999999999983,34.29999999999997],[-118.19999999999983,34.32499999999997],[-118.22499999999984,34.32499999999997],[-118.22499999999984,34.29999999999997]]]}},{"type":"Feature","properties":{"nearestScore":93,"avg5Score":94.8,"nearestDist":10.741,"reachMin":128.9,"walkMin":128.9,"bikeMin":43.0,"driveMin":16.1},"geometry":{"type":"Polygon","coordinates":[[[-118.19999999999983,34.29999999999997],[-118.17499999999983,34.29999999999997],[-118.17499999999983,34.32499999999997],[-118.19999999999983,34.32499999999997],[-118.19999999999983,34.29999999999997]]]}},{"type":"Feature","properties":{"nearestScore":95,"avg5Score":93.6,"nearestDist":11.113,"reachMin":133.4,"walkMin":133.4,"bikeMin":44.5,"driveMin":16.7},"geometry":{"type":"Polygon","coordinates":[[[-118.17499999999983,34.29999999999997],[-118.14999999999982,34.29999999999997],[-118.14999999999982,34.32499999999997],[-118.17499999999983,34.32499999999997],[-118.17499999999983,34.29999999999997]]]}},{"type":"Feature","properties":{"nearestScore":95,"avg5Score":96.0,"nearestDist":11.797,"reachMin":141.6,"walkMin":141.6,"bikeMin":47.2,"driveMin":17.7},"geometry":{"type":"Polygon","coordinates":[[[-118.14999999999982,34.29999999999997],[-118.12499999999982,34.29999999999997],[-118.12499999999982,34.32499999999997],[-118.14999999999982,34.32499999999997],[-118.14999999999982,34.29999999999997]]]}},{"type":"Feature","properties":{"nearestScore":95,"avg5Score":96.0,"nearestDist":12.861,"reachMin":154.3,"walkMin":154.3,"bikeMin":51.4,"driveMin":19.3},"geometry":{"type":"Polygon","coordinates":[[[-118.12499999999982,34.29999999999997],[-118.09999999999981,34.29999999999997],[-118.09999999999981,34.32499999999997],[-118.12499999999982,34.32499999999997],[-118.12499999999982,34.29999999999997]]]}},{"type":"Feature","properties":{"nearestScore":100,"avg5Score":95.6,"nearestDist":13.851,"reachMin":166.2,"walkMin":166.2,"bikeMin":55.4,"driveMin":20.8},"geometry":{"type":"Polygon","coordinates":[[[-118.09999999999981,34.29999999999997],[-118.0749999999998,34.29999999999997],[-118.0749999999998,34.32499999999997],[-118.09999999999981,34.32499999999997],[-118.09999999999981,34.29999999999997]]]}},{"type":"Feature","properties":{"nearestScore":93,"avg5Score":94.8,"nearestDist":15.037,"reachMin":180.4,"walkMin":180.4,"bikeMin":60.1,"driveMin":22.6},"geometry":{"type":"Polygon","coordinates":[[[-118.0749999999998,34.29999999999997],[-118.0499999999998,34.29999999999997],[-118.0499999999998,34.32499999999997],[-118.0749999999998,34.32499999999997],[-118.0749999999998,34.29999999999997]]]}},{"type":"Feature","properties":{"nearestScore":93,"avg5Score":93.8,"nearestDist":16.139,"reachMin":193.7,"walkMin":193.7,"bikeMin":64.6,"driveMin":24.2},"geometry":{"type":"Polygon","coordinates":[[[-118.0499999999998,34.29999999999997],[-118.02499999999979,34.29999999999997],[-118.02499999999979,34.32499999999997],[-118.0499999999998,34.32499999999997],[-118.0499999999998,34.29999999999997]]]}},{"type":"Feature","properties":{"nearestScore":98,"avg5Score":97.0,"nearestDist":16.368,"reachMin":196.4,"walkMin":196.4,"bikeMin":65.5,"driveMin":24.6},"geometry":{"type":"Polygon","coordinates":[[[-118.02499999999979,34.29999999999997],[-117.99999999999979,34.29999999999997],[-117.99999999999979,34.32499999999997],[-118.02499999999979,34.32499999999997],[-118.02499999999979,34.29999999999997]]]}},{"type":"Feature","properties":{"nearestScore":98,"avg5Score":97.0,"nearestDist":14.08,"reachMin":169.0,"walkMin":169.0,"bikeMin":56.3,"driveMin":21.1},"geometry":{"type":"Polygon","coordinates":[[[-117.99999999999979,34.29999999999997],[-117.97499999999978,34.29999999999997],[-117.97499999999978,34.32499999999997],[-117.99999999999979,34.32499999999997],[-117.99999999999979,34.29999999999997]]]}},{"type":"Feature","properties":{"nearestScore":98,"avg5Score":94.6,"nearestDist":11.796,"reachMin":141.6,"walkMin":141.6,"bikeMin":47.2,"driveMin":17.7},"geometry":{"type":"Polygon","coordinates":[[[-117.97499999999978,34.29999999999997],[-117.94999999999978,34.29999999999997],[-117.94999999999978,34.32499999999997],[-117.97499999999978,34.32499999999997],[-117.97499999999978,34.29999999999997]]]}},{"type":"Feature","properties":{"nearestScore":98,"avg5Score":94.0,"nearestDist":9.516,"reachMin":114.2,"walkMin":114.2,"bikeMin":38.1,"driveMin":14.3},"geometry":{"type":"Polygon","coordinates":[[[-117.94999999999978,34.29999999999997],[-117.92499999999977,34.29999999999997],[-117.92499999999977,34.32499999999997],[-117.94999999999978,34.32499999999997],[-117.94999999999978,34.29999999999997]]]}},{"type":"Feature","properties":{"nearestScore":98,"avg5Score":94.8,"nearestDist":7.247,"reachMin":87.0,"walkMin":87.0,"bikeMin":29.0,"driveMin":10.9},"geometry":{"type":"Polygon","coordinates":[[[-117.92499999999977,34.29999999999997],[-117.89999999999976,34.29999999999997],[-117.89999999999976,34.32499999999997],[-117.92499999999977,34.32499999999997],[-117.92499999999977,34.29999999999997]]]}},{"type":"Feature","properties":{"nearestScore":98,"avg5Score":94.8,"nearestDist":5.003,"reachMin":60.0,"walkMin":60.0,"bikeMin":20.0,"driveMin":7.5},"geometry":{"type":"Polygon","coordinates":[[[-117.89999999999976,34.29999999999997],[-117.87499999999976,34.29999999999997],[-117.87499999999976,34.32499999999997],[-117.89999999999976,34.32499999999997],[-117.89999999999976,34.29999999999997]]]}},{"type":"Feature","properties":{"nearestScore":98,"avg5Score":96.0,"nearestDist":2.844,"reachMin":34.1,"walkMin":34.1,"bikeMin":11.4,"driveMin":4.3},"geometry":{"type":"Polygon","coordinates":[[[-117.87499999999976,34.29999999999997],[-117.84999999999975,34.29999999999997],[-117.84999999999975,34.32499999999997],[-117.87499999999976,34.32499999999997],[-117.87499999999976,34.29999999999997]]]}},{"type":"Feature","properties":{"nearestScore":98,"avg5Score":96.2,"nearestDist":1.297,"reachMin":15.6,"walkMin":15.6,"bikeMin":5.2,"driveMin":1.9},"geometry":{"type":"Polygon","coordinates":[[[-117.84999999999975,34.29999999999997],[-117.82499999999975,34.29999999999997],[-117.82499999999975,34.32499999999997],[-117.84999999999975,34.32499999999997],[-117.84999999999975,34.29999999999997]]]}},{"type":"Feature","properties":{"nearestScore":98,"avg5Score":98.2,"nearestDist":2.412,"reachMin":28.9,"walkMin":28.9,"bikeMin":9.6,"driveMin":3.6},"geometry":{"type":"Polygon","coordinates":[[[-117.82499999999975,34.29999999999997],[-117.79999999999974,34.29999999999997],[-117.79999999999974,34.32499999999997],[-117.82499999999975,34.32499999999997],[-117.82499999999975,34.29999999999997]]]}},{"type":"Feature","properties":{"nearestScore":98,"avg5Score":98.4,"nearestDist":4.528,"reachMin":54.3,"walkMin":54.3,"bikeMin":18.1,"driveMin":6.8},"geometry":{"type":"Polygon","coordinates":[[[-117.79999999999974,34.29999999999997],[-117.77499999999974,34.29999999999997],[-117.77499999999974,34.32499999999997],[-117.79999999999974,34.32499999999997],[-117.79999999999974,34.29999999999997]]]}},{"type":"Feature","properties":{"nearestScore":98,"avg5Score":98.4,"nearestDist":6.762,"reachMin":81.1,"walkMin":81.1,"bikeMin":27.0,"driveMin":10.1},"geometry":{"type":"Polygon","coordinates":[[[-117.77499999999974,34.29999999999997],[-117.74999999999973,34.29999999999997],[-117.74999999999973,34.32499999999997],[-117.77499999999974,34.32499999999997],[-117.77499999999974,34.29999999999997]]]}},{"type":"Feature","properties":{"nearestScore":100,"avg5Score":98.4,"nearestDist":8.988,"reachMin":107.9,"walkMin":107.9,"bikeMin":36.0,"driveMin":13.5},"geometry":{"type":"Polygon","coordinates":[[[-117.74999999999973,34.29999999999997],[-117.72499999999972,34.29999999999997],[-117.72499999999972,34.32499999999997],[-117.74999999999973,34.32499999999997],[-117.74999999999973,34.29999999999997]]]}},{"type":"Feature","properties":{"nearestScore":100,"avg5Score":98.4,"nearestDist":9.019,"reachMin":108.2,"walkMin":108.2,"bikeMin":36.1,"driveMin":13.5},"geometry":{"type":"Polygon","coordinates":[[[-117.72499999999972,34.29999999999997],[-117.69999999999972,34.29999999999997],[-117.69999999999972,34.32499999999997],[-117.72499999999972,34.32499999999997],[-117.72499999999972,34.29999999999997]]]}},{"type":"Feature","properties":{"nearestScore":100,"avg5Score":98.4,"nearestDist":9.615,"reachMin":115.4,"walkMin":115.4,"bikeMin":38.5,"driveMin":14.4},"geometry":{"type":"Polygon","coordinates":[[[-117.69999999999972,34.29999999999997],[-117.67499999999971,34.29999999999997],[-117.67499999999971,34.32499999999997],[-117.69999999999972,34.32499999999997],[-117.69999999999972,34.29999999999997]]]}},{"type":"Feature","properties":{"nearestScore":100,"avg5Score":98.2,"nearestDist":10.682,"reachMin":128.2,"walkMin":128.2,"bikeMin":42.7,"driveMin":16.0},"geometry":{"type":"Polygon","coordinates":[[[-117.67499999999971,34.29999999999997],[-117.64999999999971,34.29999999999997],[-117.64999999999971,34.32499999999997],[-117.67499999999971,34.32499999999997],[-117.67499999999971,34.29999999999997]]]}},{"type":"Feature","properties":{"nearestScore":92,"avg5Score":96.0,"nearestDist":23.61,"reachMin":283.3,"walkMin":283.3,"bikeMin":94.4,"driveMin":35.4},"geometry":{"type":"Polygon","coordinates":[[[-118.95,34.32499999999997],[-118.925,34.32499999999997],[-118.925,34.349999999999966],[-118.95,34.349999999999966],[-118.95,34.32499999999997]]]}},{"type":"Feature","properties":{"nearestScore":97,"avg5Score":95.6,"nearestDist":22.542,"reachMin":270.5,"walkMin":270.5,"bikeMin":90.2,"driveMin":33.8},"geometry":{"type":"Polygon","coordinates":[[[-118.925,34.32499999999997],[-118.89999999999999,34.32499999999997],[-118.89999999999999,34.349999999999966],[-118.925,34.349999999999966],[-118.925,34.32499999999997]]]}},{"type":"Feature","properties":{"nearestScore":97,"avg5Score":95.2,"nearestDist":21.58,"reachMin":259.0,"walkMin":259.0,"bikeMin":86.3,"driveMin":32.4},"geometry":{"type":"Polygon","coordinates":[[[-118.89999999999999,34.32499999999997],[-118.87499999999999,34.32499999999997],[-118.87499999999999,34.349999999999966],[-118.89999999999999,34.349999999999966],[-118.89999999999999,34.32499999999997]]]}},{"type":"Feature","properties":{"nearestScore":97,"avg5Score":95.6,"nearestDist":20.828,"reachMin":249.9,"walkMin":249.9,"bikeMin":83.3,"driveMin":31.2},"geometry":{"type":"Polygon","coordinates":[[[-118.87499999999999,34.32499999999997],[-118.84999999999998,34.32499999999997],[-118.84999999999998,34.349999999999966],[-118.87499999999999,34.349999999999966],[-118.87499999999999,34.32499999999997]]]}},{"type":"Feature","properties":{"nearestScore":97,"avg5Score":95.0,"nearestDist":20.31,"reachMin":243.7,"walkMin":243.7,"bikeMin":81.2,"driveMin":30.5},"geometry":{"type":"Polygon","coordinates":[[[-118.84999999999998,34.32499999999997],[-118.82499999999997,34.32499999999997],[-118.82499999999997,34.349999999999966],[-118.84999999999998,34.349999999999966],[-118.84999999999998,34.32499999999997]]]}},{"type":"Feature","properties":{"nearestScore":92,"avg5Score":95.0,"nearestDist":19.003,"reachMin":228.0,"walkMin":228.0,"bikeMin":76.0,"driveMin":28.5},"geometry":{"type":"Polygon","coordinates":[[[-118.82499999999997,34.32499999999997],[-118.79999999999997,34.32499999999997],[-118.79999999999997,34.349999999999966],[-118.82499999999997,34.349999999999966],[-118.82499999999997,34.32499999999997]]]}},{"type":"Feature","properties":{"nearestScore":92,"avg5Score":93.6,"nearestDist":16.811,"reachMin":201.7,"walkMin":201.7,"bikeMin":67.2,"driveMin":25.2},"geometry":{"type":"Polygon","coordinates":[[[-118.79999999999997,34.32499999999997],[-118.77499999999996,34.32499999999997],[-118.77499999999996,34.349999999999966],[-118.79999999999997,34.349999999999966],[-118.79999999999997,34.32499999999997]]]}},{"type":"Feature","properties":{"nearestScore":92,"avg5Score":94.0,"nearestDist":14.649,"reachMin":175.8,"walkMin":175.8,"bikeMin":58.6,"driveMin":22.0},"geometry":{"type":"Polygon","coordinates":[[[-118.77499999999996,34.32499999999997],[-118.74999999999996,34.32499999999997],[-118.74999999999996,34.349999999999966],[-118.77499999999996,34.349999999999966],[-118.77499999999996,34.32499999999997]]]}},{"type":"Feature","properties":{"nearestScore":92,"avg5Score":93.6,"nearestDist":12.535,"reachMin":150.4,"walkMin":150.4,"bikeMin":50.1,"driveMin":18.8},"geometry":{"type":"Polygon","coordinates":[[[-118.74999999999996,34.32499999999997],[-118.72499999999995,34.32499999999997],[-118.72499999999995,34.349999999999966],[-118.74999999999996,34.349999999999966],[-118.74999999999996,34.32499999999997]]]}},{"type":"Feature","properties":{"nearestScore":92,"avg5Score":94.4,"nearestDist":10.497,"reachMin":126.0,"walkMin":126.0,"bikeMin":42.0,"driveMin":15.7},"geometry":{"type":"Polygon","coordinates":[[[-118.72499999999995,34.32499999999997],[-118.69999999999995,34.32499999999997],[-118.69999999999995,34.349999999999966],[-118.72499999999995,34.349999999999966],[-118.72499999999995,34.32499999999997]]]}},{"type":"Feature","properties":{"nearestScore":92,"avg5Score":94.4,"nearestDist":8.589,"reachMin":103.1,"walkMin":103.1,"bikeMin":34.4,"driveMin":12.9},"geometry":{"type":"Polygon","coordinates":[[[-118.69999999999995,34.32499999999997],[-118.67499999999994,34.32499999999997],[-118.67499999999994,34.349999999999966],[-118.69999999999995,34.349999999999966],[-118.69999999999995,34.32499999999997]]]}},{"type":"Feature","properties":{"nearestScore":92,"avg5Score":94.2,"nearestDist":6.921,"reachMin":83.1,"walkMin":83.1,"bikeMin":27.7,"driveMin":10.4},"geometry":{"type":"Polygon","coordinates":[[[-118.67499999999994,34.32499999999997],[-118.64999999999993,34.32499999999997],[-118.64999999999993,34.349999999999966],[-118.67499999999994,34.349999999999966],[-118.67499999999994,34.32499999999997]]]}},{"type":"Feature","properties":{"nearestScore":92,"avg5Score":94.2,"nearestDist":5.706,"reachMin":68.5,"walkMin":68.5,"bikeMin":22.8,"driveMin":8.6},"geometry":{"type":"Polygon","coordinates":[[[-118.64999999999993,34.32499999999997],[-118.62499999999993,34.32499999999997],[-118.62499999999993,34.349999999999966],[-118.64999999999993,34.349999999999966],[-118.64999999999993,34.32499999999997]]]}},{"type":"Feature","properties":{"nearestScore":92,"avg5Score":94.8,"nearestDist":5.268,"reachMin":63.2,"walkMin":63.2,"bikeMin":21.1,"driveMin":7.9},"geometry":{"type":"Polygon","coordinates":[[[-118.62499999999993,34.32499999999997],[-118.59999999999992,34.32499999999997],[-118.59999999999992,34.349999999999966],[-118.62499999999993,34.349999999999966],[-118.62499999999993,34.32499999999997]]]}},{"type":"Feature","properties":{"nearestScore":97,"avg5Score":94.0,"nearestDist":4.831,"reachMin":58.0,"walkMin":58.0,"bikeMin":19.3,"driveMin":7.2},"geometry":{"type":"Polygon","coordinates":[[[-118.59999999999992,34.32499999999997],[-118.57499999999992,34.32499999999997],[-118.57499999999992,34.349999999999966],[-118.59999999999992,34.349999999999966],[-118.59999999999992,34.32499999999997]]]}},{"type":"Feature","properties":{"nearestScore":95,"avg5Score":94.8,"nearestDist":2.606,"reachMin":31.3,"walkMin":31.3,"bikeMin":10.4,"driveMin":3.9},"geometry":{"type":"Polygon","coordinates":[[[-118.57499999999992,34.32499999999997],[-118.54999999999991,34.32499999999997],[-118.54999999999991,34.349999999999966],[-118.57499999999992,34.349999999999966],[-118.57499999999992,34.32499999999997]]]}},{"type":"Feature","properties":{"nearestScore":95,"avg5Score":94.6,"nearestDist":0.87,"reachMin":10.4,"walkMin":10.4,"bikeMin":3.5,"driveMin":1.3},"geometry":{"type":"Polygon","coordinates":[[[-118.54999999999991,34.32499999999997],[-118.5249999999999,34.32499999999997],[-118.5249999999999,34.349999999999966],[-118.54999999999991,34.349999999999966],[-118.54999999999991,34.32499999999997]]]}},{"type":"Feature","properties":{"nearestScore":95,"avg5Score":94.2,"nearestDist":2.294,"reachMin":27.5,"walkMin":27.5,"bikeMin":9.2,"driveMin":3.4},"geometry":{"type":"Polygon","coordinates":[[[-118.5249999999999,34.32499999999997],[-118.4999999999999,34.32499999999997],[-118.4999999999999,34.349999999999966],[-118.5249999999999,34.349999999999966],[-118.5249999999999,34.32499999999997]]]}},{"type":"Feature","properties":{"nearestScore":97,"avg5Score":95.4,"nearestDist":1.905,"reachMin":22.9,"walkMin":22.9,"bikeMin":7.6,"driveMin":2.9},"geometry":{"type":"Polygon","coordinates":[[[-118.4999999999999,34.32499999999997],[-118.4749999999999,34.32499999999997],[-118.4749999999999,34.349999999999966],[-118.4999999999999,34.349999999999966],[-118.4999999999999,34.32499999999997]]]}},{"type":"Feature","properties":{"nearestScore":96,"avg5Score":95.4,"nearestDist":1.465,"reachMin":17.6,"walkMin":17.6,"bikeMin":5.9,"driveMin":2.2},"geometry":{"type":"Polygon","coordinates":[[[-118.4749999999999,34.32499999999997],[-118.44999999999989,34.32499999999997],[-118.44999999999989,34.349999999999966],[-118.4749999999999,34.349999999999966],[-118.4749999999999,34.32499999999997]]]}},{"type":"Feature","properties":{"nearestScore":97,"avg5Score":96.6,"nearestDist":1.742,"reachMin":20.9,"walkMin":20.9,"bikeMin":7.0,"driveMin":2.6},"geometry":{"type":"Polygon","coordinates":[[[-118.44999999999989,34.32499999999997],[-118.42499999999988,34.32499999999997],[-118.42499999999988,34.349999999999966],[-118.44999999999989,34.349999999999966],[-118.44999999999989,34.32499999999997]]]}},{"type":"Feature","properties":{"nearestScore":93,"avg5Score":95.2,"nearestDist":2.236,"reachMin":26.8,"walkMin":26.8,"bikeMin":8.9,"driveMin":3.4},"geometry":{"type":"Polygon","coordinates":[[[-118.42499999999988,34.32499999999997],[-118.39999999999988,34.32499999999997],[-118.39999999999988,34.349999999999966],[-118.42499999999988,34.349999999999966],[-118.42499999999988,34.32499999999997]]]}},{"type":"Feature","properties":{"nearestScore":93,"avg5Score":95.8,"nearestDist":3.569,"reachMin":42.8,"walkMin":42.8,"bikeMin":14.3,"driveMin":5.4},"geometry":{"type":"Polygon","coordinates":[[[-118.39999999999988,34.32499999999997],[-118.37499999999987,34.32499999999997],[-118.37499999999987,34.349999999999966],[-118.39999999999988,34.349999999999966],[-118.39999999999988,34.32499999999997]]]}},{"type":"Feature","properties":{"nearestScore":93,"avg5Score":95.0,"nearestDist":5.569,"reachMin":66.8,"walkMin":66.8,"bikeMin":22.3,"driveMin":8.4},"geometry":{"type":"Polygon","coordinates":[[[-118.37499999999987,34.32499999999997],[-118.34999999999987,34.32499999999997],[-118.34999999999987,34.349999999999966],[-118.37499999999987,34.349999999999966],[-118.37499999999987,34.32499999999997]]]}},{"type":"Feature","properties":{"nearestScore":93,"avg5Score":95.0,"nearestDist":6.503,"reachMin":78.0,"walkMin":78.0,"bikeMin":26.0,"driveMin":9.8},"geometry":{"type":"Polygon","coordinates":[[[-118.34999999999987,34.32499999999997],[-118.32499999999986,34.32499999999997],[-118.32499999999986,34.349999999999966],[-118.34999999999987,34.349999999999966],[-118.34999999999987,34.32499999999997]]]}},{"type":"Feature","properties":{"nearestScore":92,"avg5Score":96.4,"nearestDist":7.817,"reachMin":93.8,"walkMin":93.8,"bikeMin":31.3,"driveMin":11.7},"geometry":{"type":"Polygon","coordinates":[[[-118.32499999999986,34.32499999999997],[-118.29999999999986,34.32499999999997],[-118.29999999999986,34.349999999999966],[-118.32499999999986,34.349999999999966],[-118.32499999999986,34.32499999999997]]]}},{"type":"Feature","properties":{"nearestScore":94,"avg5Score":93.8,"nearestDist":8.757,"reachMin":105.1,"walkMin":105.1,"bikeMin":35.0,"driveMin":13.1},"geometry":{"type":"Polygon","coordinates":[[[-118.29999999999986,34.32499999999997],[-118.27499999999985,34.32499999999997],[-118.27499999999985,34.349999999999966],[-118.29999999999986,34.349999999999966],[-118.29999999999986,34.32499999999997]]]}},{"type":"Feature","properties":{"nearestScore":94,"avg5Score":94.4,"nearestDist":9.399,"reachMin":112.8,"walkMin":112.8,"bikeMin":37.6,"driveMin":14.1},"geometry":{"type":"Polygon","coordinates":[[[-118.27499999999985,34.32499999999997],[-118.24999999999984,34.32499999999997],[-118.24999999999984,34.349999999999966],[-118.27499999999985,34.349999999999966],[-118.27499999999985,34.32499999999997]]]}},{"type":"Feature","properties":{"nearestScore":94,"avg5Score":94.6,"nearestDist":10.469,"reachMin":125.6,"walkMin":125.6,"bikeMin":41.9,"driveMin":15.7},"geometry":{"type":"Polygon","coordinates":[[[-118.24999999999984,34.32499999999997],[-118.22499999999984,34.32499999999997],[-118.22499999999984,34.349999999999966],[-118.24999999999984,34.349999999999966],[-118.24999999999984,34.32499999999997]]]}},{"type":"Feature","properties":{"nearestScore":94,"avg5Score":95.2,"nearestDist":11.678,"reachMin":140.1,"walkMin":140.1,"bikeMin":46.7,"driveMin":17.5},"geometry":{"type":"Polygon","coordinates":[[[-118.22499999999984,34.32499999999997],[-118.19999999999983,34.32499999999997],[-118.19999999999983,34.349999999999966],[-118.22499999999984,34.349999999999966],[-118.22499999999984,34.32499999999997]]]}},{"type":"Feature","properties":{"nearestScore":94,"avg5Score":94.8,"nearestDist":12.972,"reachMin":155.7,"walkMin":155.7,"bikeMin":51.9,"driveMin":19.5},"geometry":{"type":"Polygon","coordinates":[[[-118.19999999999983,34.32499999999997],[-118.17499999999983,34.32499999999997],[-118.17499999999983,34.349999999999966],[-118.19999999999983,34.349999999999966],[-118.19999999999983,34.32499999999997]]]}},{"type":"Feature","properties":{"nearestScore":95,"avg5Score":95.2,"nearestDist":13.846,"reachMin":166.2,"walkMin":166.2,"bikeMin":55.4,"driveMin":20.8},"geometry":{"type":"Polygon","coordinates":[[[-118.17499999999983,34.32499999999997],[-118.14999999999982,34.32499999999997],[-118.14999999999982,34.349999999999966],[-118.17499999999983,34.349999999999966],[-118.17499999999983,34.32499999999997]]]}},{"type":"Feature","properties":{"nearestScore":95,"avg5Score":95.2,"nearestDist":14.401,"reachMin":172.8,"walkMin":172.8,"bikeMin":57.6,"driveMin":21.6},"geometry":{"type":"Polygon","coordinates":[[[-118.14999999999982,34.32499999999997],[-118.12499999999982,34.32499999999997],[-118.12499999999982,34.349999999999966],[-118.14999999999982,34.349999999999966],[-118.14999999999982,34.32499999999997]]]}},{"type":"Feature","properties":{"nearestScore":95,"avg5Score":96.0,"nearestDist":15.284,"reachMin":183.4,"walkMin":183.4,"bikeMin":61.1,"driveMin":22.9},"geometry":{"type":"Polygon","coordinates":[[[-118.12499999999982,34.32499999999997],[-118.09999999999981,34.32499999999997],[-118.09999999999981,34.349999999999966],[-118.12499999999982,34.349999999999966],[-118.12499999999982,34.32499999999997]]]}},{"type":"Feature","properties":{"nearestScore":100,"avg5Score":96.0,"nearestDist":16.349,"reachMin":196.2,"walkMin":196.2,"bikeMin":65.4,"driveMin":24.5},"geometry":{"type":"Polygon","coordinates":[[[-118.09999999999981,34.32499999999997],[-118.0749999999998,34.32499999999997],[-118.0749999999998,34.349999999999966],[-118.09999999999981,34.349999999999966],[-118.09999999999981,34.32499999999997]]]}},{"type":"Feature","properties":{"nearestScore":100,"avg5Score":94.8,"nearestDist":17.402,"reachMin":208.8,"walkMin":208.8,"bikeMin":69.6,"driveMin":26.1},"geometry":{"type":"Polygon","coordinates":[[[-118.0749999999998,34.32499999999997],[-118.0499999999998,34.32499999999997],[-118.0499999999998,34.349999999999966],[-118.0749999999998,34.349999999999966],[-118.0749999999998,34.32499999999997]]]}},{"type":"Feature","properties":{"nearestScore":93,"avg5Score":95.4,"nearestDist":18.548,"reachMin":222.6,"walkMin":222.6,"bikeMin":74.2,"driveMin":27.8},"geometry":{"type":"Polygon","coordinates":[[[-118.0499999999998,34.32499999999997],[-118.02499999999979,34.32499999999997],[-118.02499999999979,34.349999999999966],[-118.0499999999998,34.349999999999966],[-118.0499999999998,34.32499999999997]]]}},{"type":"Feature","properties":{"nearestScore":98,"avg5Score":96.4,"nearestDist":16.386,"reachMin":196.6,"walkMin":196.6,"bikeMin":65.5,"driveMin":24.6},"geometry":{"type":"Polygon","coordinates":[[[-118.02499999999979,34.32499999999997],[-117.99999999999979,34.32499999999997],[-117.99999999999979,34.349999999999966],[-118.02499999999979,34.349999999999966],[-118.02499999999979,34.32499999999997]]]}},{"type":"Feature","properties":{"nearestScore":98,"avg5Score":97.0,"nearestDist":14.101,"reachMin":169.2,"walkMin":169.2,"bikeMin":56.4,"driveMin":21.2},"geometry":{"type":"Polygon","coordinates":[[[-117.99999999999979,34.32499999999997],[-117.97499999999978,34.32499999999997],[-117.97499999999978,34.349999999999966],[-117.99999999999979,34.349999999999966],[-117.99999999999979,34.32499999999997]]]}},{"type":"Feature","properties":{"nearestScore":98,"avg5Score":94.0,"nearestDist":11.821,"reachMin":141.9,"walkMin":141.9,"bikeMin":47.3,"driveMin":17.7},"geometry":{"type":"Polygon","coordinates":[[[-117.97499999999978,34.32499999999997],[-117.94999999999978,34.32499999999997],[-117.94999999999978,34.349999999999966],[-117.97499999999978,34.349999999999966],[-117.97499999999978,34.32499999999997]]]}},{"type":"Feature","properties":{"nearestScore":98,"avg5Score":96.0,"nearestDist":9.549,"reachMin":114.6,"walkMin":114.6,"bikeMin":38.2,"driveMin":14.3},"geometry":{"type":"Polygon","coordinates":[[[-117.94999999999978,34.32499999999997],[-117.92499999999977,34.32499999999997],[-117.92499999999977,34.349999999999966],[-117.94999999999978,34.349999999999966],[-117.94999999999978,34.32499999999997]]]}},{"type":"Feature","properties":{"nearestScore":98,"avg5Score":96.0,"nearestDist":7.291,"reachMin":87.5,"walkMin":87.5,"bikeMin":29.2,"driveMin":10.9},"geometry":{"type":"Polygon","coordinates":[[[-117.92499999999977,34.32499999999997],[-117.89999999999976,34.32499999999997],[-117.89999999999976,34.349999999999966],[-117.92499999999977,34.349999999999966],[-117.92499999999977,34.32499999999997]]]}},{"type":"Feature","properties":{"nearestScore":98,"avg5Score":96.2,"nearestDist":5.067,"reachMin":60.8,"walkMin":60.8,"bikeMin":20.3,"driveMin":7.6},"geometry":{"type":"Polygon","coordinates":[[[-117.89999999999976,34.32499999999997],[-117.87499999999976,34.32499999999997],[-117.87499999999976,34.349999999999966],[-117.89999999999976,34.349999999999966],[-117.89999999999976,34.32499999999997]]]}},{"type":"Feature","properties":{"nearestScore":98,"avg5Score":96.2,"nearestDist":2.955,"reachMin":35.5,"walkMin":35.5,"bikeMin":11.8,"driveMin":4.4},"geometry":{"type":"Polygon","coordinates":[[[-117.87499999999976,34.32499999999997],[-117.84999999999975,34.32499999999997],[-117.84999999999975,34.349999999999966],[-117.87499999999976,34.349999999999966],[-117.87499999999976,34.32499999999997]]]}},{"type":"Feature","properties":{"nearestScore":98,"avg5Score":96.2,"nearestDist":1.527,"reachMin":18.3,"walkMin":18.3,"bikeMin":6.1,"driveMin":2.3},"geometry":{"type":"Polygon","coordinates":[[[-117.84999999999975,34.32499999999997],[-117.82499999999975,34.32499999999997],[-117.82499999999975,34.349999999999966],[-117.84999999999975,34.349999999999966],[-117.84999999999975,34.32499999999997]]]}},{"type":"Feature","properties":{"nearestScore":98,"avg5Score":97.6,"nearestDist":2.543,"reachMin":30.5,"walkMin":30.5,"bikeMin":10.2,"driveMin":3.8},"geometry":{"type":"Polygon","coordinates":[[[-117.82499999999975,34.32499999999997],[-117.79999999999974,34.32499999999997],[-117.79999999999974,34.349999999999966],[-117.82499999999975,34.349999999999966],[-117.82499999999975,34.32499999999997]]]}},{"type":"Feature","properties":{"nearestScore":98,"avg5Score":97.6,"nearestDist":4.598,"reachMin":55.2,"walkMin":55.2,"bikeMin":18.4,"driveMin":6.9},"geometry":{"type":"Polygon","coordinates":[[[-117.79999999999974,34.32499999999997],[-117.77499999999974,34.32499999999997],[-117.77499999999974,34.349999999999966],[-117.79999999999974,34.349999999999966],[-117.79999999999974,34.32499999999997]]]}},{"type":"Feature","properties":{"nearestScore":98,"avg5Score":98.4,"nearestDist":6.809,"reachMin":81.7,"walkMin":81.7,"bikeMin":27.2,"driveMin":10.2},"geometry":{"type":"Polygon","coordinates":[[[-117.77499999999974,34.32499999999997],[-117.74999999999973,34.32499999999997],[-117.74999999999973,34.349999999999966],[-117.77499999999974,34.349999999999966],[-117.77499999999974,34.32499999999997]]]}},{"type":"Feature","properties":{"nearestScore":100,"avg5Score":98.4,"nearestDist":6.234,"reachMin":74.8,"walkMin":74.8,"bikeMin":24.9,"driveMin":9.4},"geometry":{"type":"Polygon","coordinates":[[[-117.74999999999973,34.32499999999997],[-117.72499999999972,34.32499999999997],[-117.72499999999972,34.349999999999966],[-117.74999999999973,34.349999999999966],[-117.74999999999973,34.32499999999997]]]}},{"type":"Feature","properties":{"nearestScore":100,"avg5Score":98.4,"nearestDist":6.28,"reachMin":75.4,"walkMin":75.4,"bikeMin":25.1,"driveMin":9.4},"geometry":{"type":"Polygon","coordinates":[[[-117.72499999999972,34.32499999999997],[-117.69999999999972,34.32499999999997],[-117.69999999999972,34.349999999999966],[-117.72499999999972,34.349999999999966],[-117.72499999999972,34.32499999999997]]]}},{"type":"Feature","properties":{"nearestScore":100,"avg5Score":98.4,"nearestDist":7.109,"reachMin":85.3,"walkMin":85.3,"bikeMin":28.4,"driveMin":10.7},"geometry":{"type":"Polygon","coordinates":[[[-117.69999999999972,34.32499999999997],[-117.67499999999971,34.32499999999997],[-117.67499999999971,34.349999999999966],[-117.69999999999972,34.349999999999966],[-117.69999999999972,34.32499999999997]]]}},{"type":"Feature","properties":{"nearestScore":100,"avg5Score":98.2,"nearestDist":8.495,"reachMin":101.9,"walkMin":101.9,"bikeMin":34.0,"driveMin":12.7},"geometry":{"type":"Polygon","coordinates":[[[-117.67499999999971,34.32499999999997],[-117.64999999999971,34.32499999999997],[-117.64999999999971,34.349999999999966],[-117.67499999999971,34.349999999999966],[-117.67499999999971,34.32499999999997]]]}},{"type":"Feature","properties":{"nearestScore":97,"avg5Score":96.0,"nearestDist":26.078,"reachMin":312.9,"walkMin":312.9,"bikeMin":104.3,"driveMin":39.1},"geometry":{"type":"Polygon","coordinates":[[[-118.95,34.349999999999966],[-118.925,34.349999999999966],[-118.925,34.374999999999964],[-118.95,34.374999999999964],[-118.95,34.349999999999966]]]}},{"type":"Feature","properties":{"nearestScore":97,"avg5Score":95.6,"nearestDist":25.041,"reachMin":300.5,"walkMin":300.5,"bikeMin":100.2,"driveMin":37.6},"geometry":{"type":"Polygon","coordinates":[[[-118.925,34.349999999999966],[-118.89999999999999,34.349999999999966],[-118.89999999999999,34.374999999999964],[-118.925,34.374999999999964],[-118.925,34.349999999999966]]]}},{"type":"Feature","properties":{"nearestScore":97,"avg5Score":95.8,"nearestDist":24.179,"reachMin":290.1,"walkMin":290.1,"bikeMin":96.7,"driveMin":36.3},"geometry":{"type":"Polygon","coordinates":[[[-118.89999999999999,34.349999999999966],[-118.87499999999999,34.349999999999966],[-118.87499999999999,34.374999999999964],[-118.89999999999999,34.374999999999964],[-118.89999999999999,34.349999999999966]]]}},{"type":"Feature","properties":{"nearestScore":92,"avg5Score":95.6,"nearestDist":22.98,"reachMin":275.8,"walkMin":275.8,"bikeMin":91.9,"driveMin":34.5},"geometry":{"type":"Polygon","coordinates":[[[-118.87499999999999,34.349999999999966],[-118.84999999999998,34.349999999999966],[-118.84999999999998,34.374999999999964],[-118.87499999999999,34.374999999999964],[-118.87499999999999,34.349999999999966]]]}},{"type":"Feature","properties":{"nearestScore":92,"avg5Score":93.4,"nearestDist":20.7,"reachMin":248.4,"walkMin":248.4,"bikeMin":82.8,"driveMin":31.0},"geometry":{"type":"Polygon","coordinates":[[[-118.84999999999998,34.349999999999966],[-118.82499999999997,34.349999999999966],[-118.82499999999997,34.374999999999964],[-118.84999999999998,34.374999999999964],[-118.84999999999998,34.349999999999966]]]}},{"type":"Feature","properties":{"nearestScore":92,"avg5Score":93.4,"nearestDist":18.425,"reachMin":221.1,"walkMin":221.1,"bikeMin":73.7,"driveMin":27.6},"geometry":{"type":"Polygon","coordinates":[[[-118.82499999999997,34.349999999999966],[-118.79999999999997,34.349999999999966],[-118.79999999999997,34.374999999999964],[-118.82499999999997,34.374999999999964],[-118.82499999999997,34.349999999999966]]]}},{"type":"Feature","properties":{"nearestScore":92,"avg5Score":93.4,"nearestDist":16.154,"reachMin":193.8,"walkMin":193.8,"bikeMin":64.6,"driveMin":24.2},"geometry":{"type":"Polygon","coordinates":[[[-118.79999999999997,34.349999999999966],[-118.77499999999996,34.349999999999966],[-118.77499999999996,34.374999999999964],[-118.79999999999997,34.374999999999964],[-118.79999999999997,34.349999999999966]]]}},{"type":"Feature","properties":{"nearestScore":92,"avg5Score":93.4,"nearestDist":13.892,"reachMin":166.7,"walkMin":166.7,"bikeMin":55.6,"driveMin":20.8},"geometry":{"type":"Polygon","coordinates":[[[-118.77499999999996,34.349999999999966],[-118.74999999999996,34.349999999999966],[-118.74999999999996,34.374999999999964],[-118.77499999999996,34.374999999999964],[-118.77499999999996,34.349999999999966]]]}},{"type":"Feature","properties":{"nearestScore":92,"avg5Score":93.4,"nearestDist":11.642,"reachMin":139.7,"walkMin":139.7,"bikeMin":46.6,"driveMin":17.5},"geometry":{"type":"Polygon","coordinates":[[[-118.74999999999996,34.349999999999966],[-118.72499999999995,34.349999999999966],[-118.72499999999995,34.374999999999964],[-118.74999999999996,34.374999999999964],[-118.74999999999996,34.349999999999966]]]}},{"type":"Feature","properties":{"nearestScore":92,"avg5Score":94.2,"nearestDist":9.413,"reachMin":113.0,"walkMin":113.0,"bikeMin":37.7,"driveMin":14.1},"geometry":{"type":"Polygon","coordinates":[[[-118.72499999999995,34.349999999999966],[-118.69999999999995,34.349999999999966],[-118.69999999999995,34.374999999999964],[-118.72499999999995,34.374999999999964],[-118.72499999999995,34.349999999999966]]]}},{"type":"Feature","properties":{"nearestScore":92,"avg5Score":94.2,"nearestDist":7.226,"reachMin":86.7,"walkMin":86.7,"bikeMin":28.9,"driveMin":10.8},"geometry":{"type":"Polygon","coordinates":[[[-118.69999999999995,34.349999999999966],[-118.67499999999994,34.349999999999966],[-118.67499999999994,34.374999999999964],[-118.69999999999995,34.374999999999964],[-118.69999999999995,34.349999999999966]]]}},{"type":"Feature","properties":{"nearestScore":92,"avg5Score":93.6,"nearestDist":5.132,"reachMin":61.6,"walkMin":61.6,"bikeMin":20.5,"driveMin":7.7},"geometry":{"type":"Polygon","coordinates":[[[-118.67499999999994,34.349999999999966],[-118.64999999999993,34.349999999999966],[-118.64999999999993,34.374999999999964],[-118.67499999999994,34.374999999999964],[-118.67499999999994,34.349999999999966]]]}},{"type":"Feature","properties":{"nearestScore":92,"avg5Score":94.0,"nearestDist":3.317,"reachMin":39.8,"walkMin":39.8,"bikeMin":13.3,"driveMin":5.0},"geometry":{"type":"Polygon","coordinates":[[[-118.64999999999993,34.349999999999966],[-118.62499999999993,34.349999999999966],[-118.62499999999993,34.374999999999964],[-118.64999999999993,34.374999999999964],[-118.64999999999993,34.349999999999966]]]}},{"type":"Feature","properties":{"nearestScore":92,"avg5Score":94.2,"nearestDist":2.489,"reachMin":29.9,"walkMin":29.9,"bikeMin":10.0,"driveMin":3.7},"geometry":{"type":"Polygon","coordinates":[[[-118.62499999999993,34.349999999999966],[-118.59999999999992,34.349999999999966],[-118.59999999999992,34.374999999999964],[-118.62499999999993,34.374999999999964],[-118.62499999999993,34.349999999999966]]]}},{"type":"Feature","properties":{"nearestScore":97,"avg5Score":96.0,"nearestDist":2.432,"reachMin":29.2,"walkMin":29.2,"bikeMin":9.7,"driveMin":3.6},"geometry":{"type":"Polygon","coordinates":[[[-118.59999999999992,34.349999999999966],[-118.57499999999992,34.349999999999966],[-118.57499999999992,34.374999999999964],[-118.59999999999992,34.374999999999964],[-118.59999999999992,34.349999999999966]]]}},{"type":"Feature","properties":{"nearestScore":97,"avg5Score":95.0,"nearestDist":1.716,"reachMin":20.6,"walkMin":20.6,"bikeMin":6.9,"driveMin":2.6},"geometry":{"type":"Polygon","coordinates":[[[-118.57499999999992,34.349999999999966],[-118.54999999999991,34.349999999999966],[-118.54999999999991,34.374999999999964],[-118.57499999999992,34.374999999999964],[-118.57499999999992,34.349999999999966]]]}},{"type":"Feature","properties":{"nearestScore":98,"avg5Score":96.6,"nearestDist":1.9,"reachMin":22.8,"walkMin":22.8,"bikeMin":7.6,"driveMin":2.9},"geometry":{"type":"Polygon","coordinates":[[[-118.54999999999991,34.349999999999966],[-118.5249999999999,34.349999999999966],[-118.5249999999999,34.374999999999964],[-118.54999999999991,34.374999999999964],[-118.54999999999991,34.349999999999966]]]}},{"type":"Feature","properties":{"nearestScore":93,"avg5Score":94.2,"nearestDist":0.639,"reachMin":7.7,"walkMin":7.7,"bikeMin":2.6,"driveMin":1.0},"geometry":{"type":"Polygon","coordinates":[[[-118.5249999999999,34.349999999999966],[-118.4999999999999,34.349999999999966],[-118.4999999999999,34.374999999999964],[-118.5249999999999,34.374999999999964],[-118.5249999999999,34.349999999999966]]]}},{"type":"Feature","properties":{"nearestScore":93,"avg5Score":94.2,"nearestDist":1.715,"reachMin":20.6,"walkMin":20.6,"bikeMin":6.9,"driveMin":2.6},"geometry":{"type":"Polygon","coordinates":[[[-118.4999999999999,34.349999999999966],[-118.4749999999999,34.349999999999966],[-118.4749999999999,34.374999999999964],[-118.4999999999999,34.374999999999964],[-118.4999999999999,34.349999999999966]]]}},{"type":"Feature","properties":{"nearestScore":96,"avg5Score":95.4,"nearestDist":3.321,"reachMin":39.9,"walkMin":39.9,"bikeMin":13.3,"driveMin":5.0},"geometry":{"type":"Polygon","coordinates":[[[-118.4749999999999,34.349999999999966],[-118.44999999999989,34.349999999999966],[-118.44999999999989,34.374999999999964],[-118.4749999999999,34.374999999999964],[-118.4749999999999,34.349999999999966]]]}},{"type":"Feature","properties":{"nearestScore":90,"avg5Score":92.8,"nearestDist":4.174,"reachMin":50.1,"walkMin":50.1,"bikeMin":16.7,"driveMin":6.3},"geometry":{"type":"Polygon","coordinates":[[[-118.44999999999989,34.349999999999966],[-118.42499999999988,34.349999999999966],[-118.42499999999988,34.374999999999964],[-118.44999999999989,34.374999999999964],[-118.44999999999989,34.349999999999966]]]}},{"type":"Feature","properties":{"nearestScore":93,"avg5Score":94.8,"nearestDist":4.98,"reachMin":59.8,"walkMin":59.8,"bikeMin":19.9,"driveMin":7.5},"geometry":{"type":"Polygon","coordinates":[[[-118.42499999999988,34.349999999999966],[-118.39999999999988,34.349999999999966],[-118.39999999999988,34.374999999999964],[-118.42499999999988,34.374999999999964],[-118.42499999999988,34.349999999999966]]]}},{"type":"Feature","properties":{"nearestScore":93,"avg5Score":94.6,"nearestDist":5.704,"reachMin":68.4,"walkMin":68.4,"bikeMin":22.8,"driveMin":8.6},"geometry":{"type":"Polygon","coordinates":[[[-118.39999999999988,34.349999999999966],[-118.37499999999987,34.349999999999966],[-118.37499999999987,34.374999999999964],[-118.39999999999988,34.374999999999964],[-118.39999999999988,34.349999999999966]]]}},{"type":"Feature","properties":{"nearestScore":93,"avg5Score":94.6,"nearestDist":7.128,"reachMin":85.5,"walkMin":85.5,"bikeMin":28.5,"driveMin":10.7},"geometry":{"type":"Polygon","coordinates":[[[-118.37499999999987,34.349999999999966],[-118.34999999999987,34.349999999999966],[-118.34999999999987,34.374999999999964],[-118.37499999999987,34.374999999999964],[-118.37499999999987,34.349999999999966]]]}},{"type":"Feature","properties":{"nearestScore":95,"avg5Score":94.6,"nearestDist":8.396,"reachMin":100.8,"walkMin":100.8,"bikeMin":33.6,"driveMin":12.6},"geometry":{"type":"Polygon","coordinates":[[[-118.34999999999987,34.349999999999966],[-118.32499999999986,34.349999999999966],[-118.32499999999986,34.374999999999964],[-118.34999999999987,34.374999999999964],[-118.34999999999987,34.349999999999966]]]}},{"type":"Feature","properties":{"nearestScore":95,"avg5Score":94.6,"nearestDist":9.315,"reachMin":111.8,"walkMin":111.8,"bikeMin":37.3,"driveMin":14.0},"geometry":{"type":"Polygon","coordinates":[[[-118.32499999999986,34.349999999999966],[-118.29999999999986,34.349999999999966],[-118.29999999999986,34.374999999999964],[-118.32499999999986,34.374999999999964],[-118.32499999999986,34.349999999999966]]]}},{"type":"Feature","properties":{"nearestScore":95,"avg5Score":93.2,"nearestDist":10.656,"reachMin":127.9,"walkMin":127.9,"bikeMin":42.6,"driveMin":16.0},"geometry":{"type":"Polygon","coordinates":[[[-118.29999999999986,34.349999999999966],[-118.27499999999985,34.349999999999966],[-118.27499999999985,34.374999999999964],[-118.29999999999986,34.374999999999964],[-118.29999999999986,34.349999999999966]]]}},{"type":"Feature","properties":{"nearestScore":94,"avg5Score":95.0,"nearestDist":12.005,"reachMin":144.1,"walkMin":144.1,"bikeMin":48.0,"driveMin":18.0},"geometry":{"type":"Polygon","coordinates":[[[-118.27499999999985,34.349999999999966],[-118.24999999999984,34.349999999999966],[-118.24999999999984,34.374999999999964],[-118.27499999999985,34.374999999999964],[-118.27499999999985,34.349999999999966]]]}},{"type":"Feature","properties":{"nearestScore":94,"avg5Score":93.6,"nearestDist":12.228,"reachMin":146.7,"walkMin":146.7,"bikeMin":48.9,"driveMin":18.3},"geometry":{"type":"Polygon","coordinates":[[[-118.24999999999984,34.349999999999966],[-118.22499999999984,34.349999999999966],[-118.22499999999984,34.374999999999964],[-118.24999999999984,34.374999999999964],[-118.24999999999984,34.349999999999966]]]}},{"type":"Feature","properties":{"nearestScore":94,"avg5Score":93.2,"nearestDist":11.737,"reachMin":140.8,"walkMin":140.8,"bikeMin":46.9,"driveMin":17.6},"geometry":{"type":"Polygon","coordinates":[[[-118.22499999999984,34.349999999999966],[-118.19999999999983,34.349999999999966],[-118.19999999999983,34.374999999999964],[-118.22499999999984,34.374999999999964],[-118.22499999999984,34.349999999999966]]]}},{"type":"Feature","properties":{"nearestScore":94,"avg5Score":92.8,"nearestDist":11.684,"reachMin":140.2,"walkMin":140.2,"bikeMin":46.7,"driveMin":17.5},"geometry":{"type":"Polygon","coordinates":[[[-118.19999999999983,34.349999999999966],[-118.17499999999983,34.349999999999966],[-118.17499999999983,34.374999999999964],[-118.19999999999983,34.374999999999964],[-118.19999999999983,34.349999999999966]]]}},{"type":"Feature","properties":{"nearestScore":94,"avg5Score":92.8,"nearestDist":12.074,"reachMin":144.9,"walkMin":144.9,"bikeMin":48.3,"driveMin":18.1},"geometry":{"type":"Polygon","coordinates":[[[-118.17499999999983,34.349999999999966],[-118.14999999999982,34.349999999999966],[-118.14999999999982,34.374999999999964],[-118.17499999999983,34.374999999999964],[-118.17499999999983,34.349999999999966]]]}},{"type":"Feature","properties":{"nearestScore":94,"avg5Score":92.8,"nearestDist":12.868,"reachMin":154.4,"walkMin":154.4,"bikeMin":51.5,"driveMin":19.3},"geometry":{"type":"Polygon","coordinates":[[[-118.14999999999982,34.349999999999966],[-118.12499999999982,34.349999999999966],[-118.12499999999982,34.374999999999964],[-118.14999999999982,34.374999999999964],[-118.14999999999982,34.349999999999966]]]}},{"type":"Feature","properties":{"nearestScore":94,"avg5Score":92.8,"nearestDist":13.971,"reachMin":167.7,"walkMin":167.7,"bikeMin":55.9,"driveMin":21.0},"geometry":{"type":"Polygon","coordinates":[[[-118.12499999999982,34.349999999999966],[-118.09999999999981,34.349999999999966],[-118.09999999999981,34.374999999999964],[-118.12499999999982,34.374999999999964],[-118.12499999999982,34.349999999999966]]]}},{"type":"Feature","properties":{"nearestScore":94,"avg5Score":92.8,"nearestDist":14.939,"reachMin":179.3,"walkMin":179.3,"bikeMin":59.8,"driveMin":22.4},"geometry":{"type":"Polygon","coordinates":[[[-118.09999999999981,34.349999999999966],[-118.0749999999998,34.349999999999966],[-118.0749999999998,34.374999999999964],[-118.09999999999981,34.374999999999964],[-118.09999999999981,34.349999999999966]]]}},{"type":"Feature","properties":{"nearestScore":94,"avg5Score":92.4,"nearestDist":16.177,"reachMin":194.1,"walkMin":194.1,"bikeMin":64.7,"driveMin":24.3},"geometry":{"type":"Polygon","coordinates":[[[-118.0749999999998,34.349999999999966],[-118.0499999999998,34.349999999999966],[-118.0499999999998,34.374999999999964],[-118.0749999999998,34.374999999999964],[-118.0749999999998,34.349999999999966]]]}},{"type":"Feature","properties":{"nearestScore":94,"avg5Score":93.6,"nearestDist":17.627,"reachMin":211.5,"walkMin":211.5,"bikeMin":70.5,"driveMin":26.4},"geometry":{"type":"Polygon","coordinates":[[[-118.0499999999998,34.349999999999966],[-118.02499999999979,34.349999999999966],[-118.02499999999979,34.374999999999964],[-118.0499999999998,34.374999999999964],[-118.0499999999998,34.349999999999966]]]}},{"type":"Feature","properties":{"nearestScore":98,"avg5Score":94.6,"nearestDist":16.867,"reachMin":202.4,"walkMin":202.4,"bikeMin":67.5,"driveMin":25.3},"geometry":{"type":"Polygon","coordinates":[[[-118.02499999999979,34.349999999999966],[-117.99999999999979,34.349999999999966],[-117.99999999999979,34.374999999999964],[-118.02499999999979,34.374999999999964],[-118.02499999999979,34.349999999999966]]]}},{"type":"Feature","properties":{"nearestScore":98,"avg5Score":94.2,"nearestDist":14.659,"reachMin":175.9,"walkMin":175.9,"bikeMin":58.6,"driveMin":22.0},"geometry":{"type":"Polygon","coordinates":[[[-117.99999999999979,34.349999999999966],[-117.97499999999978,34.349999999999966],[-117.97499999999978,34.374999999999964],[-117.99999999999979,34.374999999999964],[-117.99999999999979,34.349999999999966]]]}},{"type":"Feature","properties":{"nearestScore":98,"avg5Score":94.0,"nearestDist":12.482,"reachMin":149.8,"walkMin":149.8,"bikeMin":49.9,"driveMin":18.7},"geometry":{"type":"Polygon","coordinates":[[[-117.97499999999978,34.349999999999966],[-117.94999999999978,34.349999999999966],[-117.94999999999978,34.374999999999964],[-117.97499999999978,34.374999999999964],[-117.97499999999978,34.349999999999966]]]}},{"type":"Feature","properties":{"nearestScore":98,"avg5Score":94.0,"nearestDist":10.357,"reachMin":124.3,"walkMin":124.3,"bikeMin":41.4,"driveMin":15.5},"geometry":{"type":"Polygon","coordinates":[[[-117.94999999999978,34.349999999999966],[-117.92499999999977,34.349999999999966],[-117.92499999999977,34.374999999999964],[-117.94999999999978,34.374999999999964],[-117.94999999999978,34.349999999999966]]]}},{"type":"Feature","properties":{"nearestScore":98,"avg5Score":96.0,"nearestDist":8.322,"reachMin":99.9,"walkMin":99.9,"bikeMin":33.3,"driveMin":12.5},"geometry":{"type":"Polygon","coordinates":[[[-117.92499999999977,34.349999999999966],[-117.89999999999976,34.349999999999966],[-117.89999999999976,34.374999999999964],[-117.92499999999977,34.374999999999964],[-117.92499999999977,34.349999999999966]]]}},{"type":"Feature","properties":{"nearestScore":98,"avg5Score":96.0,"nearestDist":6.463,"reachMin":77.6,"walkMin":77.6,"bikeMin":25.9,"driveMin":9.7},"geometry":{"type":"Polygon","coordinates":[[[-117.89999999999976,34.349999999999966],[-117.87499999999976,34.349999999999966],[-117.87499999999976,34.374999999999964],[-117.89999999999976,34.374999999999964],[-117.89999999999976,34.349999999999966]]]}},{"type":"Feature","properties":{"nearestScore":98,"avg5Score":96.0,"nearestDist":4.984,"reachMin":59.8,"walkMin":59.8,"bikeMin":19.9,"driveMin":7.5},"geometry":{"type":"Polygon","coordinates":[[[-117.87499999999976,34.349999999999966],[-117.84999999999975,34.349999999999966],[-117.84999999999975,34.374999999999964],[-117.87499999999976,34.374999999999964],[-117.87499999999976,34.349999999999966]]]}},{"type":"Feature","properties":{"nearestScore":98,"avg5Score":96.0,"nearestDist":4.294,"reachMin":51.5,"walkMin":51.5,"bikeMin":17.2,"driveMin":6.4},"geometry":{"type":"Polygon","coordinates":[[[-117.84999999999975,34.349999999999966],[-117.82499999999975,34.349999999999966],[-117.82499999999975,34.374999999999964],[-117.84999999999975,34.374999999999964],[-117.84999999999975,34.349999999999966]]]}},{"type":"Feature","properties":{"nearestScore":98,"avg5Score":96.0,"nearestDist":4.751,"reachMin":57.0,"walkMin":57.0,"bikeMin":19.0,"driveMin":7.1},"geometry":{"type":"Polygon","coordinates":[[[-117.82499999999975,34.349999999999966],[-117.79999999999974,34.349999999999966],[-117.79999999999974,34.374999999999964],[-117.82499999999975,34.374999999999964],[-117.82499999999975,34.349999999999966]]]}},{"type":"Feature","properties":{"nearestScore":98,"avg5Score":97.6,"nearestDist":6.103,"reachMin":73.2,"walkMin":73.2,"bikeMin":24.4,"driveMin":9.2},"geometry":{"type":"Polygon","coordinates":[[[-117.79999999999974,34.349999999999966],[-117.77499999999974,34.349999999999966],[-117.77499999999974,34.374999999999964],[-117.79999999999974,34.374999999999964],[-117.79999999999974,34.349999999999966]]]}},{"type":"Feature","properties":{"nearestScore":100,"avg5Score":97.6,"nearestDist":4.728,"reachMin":56.7,"walkMin":56.7,"bikeMin":18.9,"driveMin":7.1},"geometry":{"type":"Polygon","coordinates":[[[-117.77499999999974,34.349999999999966],[-117.74999999999973,34.349999999999966],[-117.74999999999973,34.374999999999964],[-117.77499999999974,34.374999999999964],[-117.77499999999974,34.349999999999966]]]}},{"type":"Feature","properties":{"nearestScore":100,"avg5Score":97.6,"nearestDist":3.521,"reachMin":42.3,"walkMin":42.3,"bikeMin":14.1,"driveMin":5.3},"geometry":{"type":"Polygon","coordinates":[[[-117.74999999999973,34.349999999999966],[-117.72499999999972,34.349999999999966],[-117.72499999999972,34.374999999999964],[-117.74999999999973,34.374999999999964],[-117.74999999999973,34.349999999999966]]]}},{"type":"Feature","properties":{"nearestScore":100,"avg5Score":97.6,"nearestDist":3.602,"reachMin":43.2,"walkMin":43.2,"bikeMin":14.4,"driveMin":5.4},"geometry":{"type":"Polygon","coordinates":[[[-117.72499999999972,34.349999999999966],[-117.69999999999972,34.349999999999966],[-117.69999999999972,34.374999999999964],[-117.72499999999972,34.374999999999964],[-117.72499999999972,34.349999999999966]]]}},{"type":"Feature","properties":{"nearestScore":100,"avg5Score":97.6,"nearestDist":4.906,"reachMin":58.9,"walkMin":58.9,"bikeMin":19.6,"driveMin":7.4},"geometry":{"type":"Polygon","coordinates":[[[-117.69999999999972,34.349999999999966],[-117.67499999999971,34.349999999999966],[-117.67499999999971,34.374999999999964],[-117.69999999999972,34.374999999999964],[-117.69999999999972,34.349999999999966]]]}},{"type":"Feature","properties":{"nearestScore":100,"avg5Score":98.4,"nearestDist":6.76,"reachMin":81.1,"walkMin":81.1,"bikeMin":27.0,"driveMin":10.1},"geometry":{"type":"Polygon","coordinates":[[[-117.67499999999971,34.349999999999966],[-117.64999999999971,34.349999999999966],[-117.64999999999971,34.374999999999964],[-117.67499999999971,34.374999999999964],[-117.67499999999971,34.349999999999966]]]}},{"type":"Feature","properties":{"nearestScore":97,"avg5Score":95.6,"nearestDist":28.538,"reachMin":342.5,"walkMin":342.5,"bikeMin":114.2,"driveMin":42.8},"geometry":{"type":"Polygon","coordinates":[[[-118.95,34.374999999999964],[-118.925,34.374999999999964],[-118.925,34.39999999999996],[-118.95,34.39999999999996],[-118.95,34.374999999999964]]]}},{"type":"Feature","properties":{"nearestScore":97,"avg5Score":94.0,"nearestDist":27.201,"reachMin":326.4,"walkMin":326.4,"bikeMin":108.8,"driveMin":40.8},"geometry":{"type":"Polygon","coordinates":[[[-118.925,34.374999999999964],[-118.89999999999999,34.374999999999964],[-118.89999999999999,34.39999999999996],[-118.925,34.39999999999996],[-118.925,34.374999999999964]]]}},{"type":"Feature","properties":{"nearestScore":97,"avg5Score":94.0,"nearestDist":24.965,"reachMin":299.6,"walkMin":299.6,"bikeMin":99.9,"driveMin":37.4},"geometry":{"type":"Polygon","coordinates":[[[-118.89999999999999,34.374999999999964],[-118.87499999999999,34.374999999999964],[-118.87499999999999,34.39999999999996],[-118.89999999999999,34.39999999999996],[-118.89999999999999,34.374999999999964]]]}},{"type":"Feature","properties":{"nearestScore":97,"avg5Score":93.4,"nearestDist":22.74,"reachMin":272.9,"walkMin":272.9,"bikeMin":91.0,"driveMin":34.1},"geometry":{"type":"Polygon","coordinates":[[[-118.87499999999999,34.374999999999964],[-118.84999999999998,34.374999999999964],[-118.84999999999998,34.39999999999996],[-118.87499999999999,34.39999999999996],[-118.87499999999999,34.374999999999964]]]}},{"type":"Feature","properties":{"nearestScore":97,"avg5Score":93.4,"nearestDist":20.529,"reachMin":246.3,"walkMin":246.3,"bikeMin":82.1,"driveMin":30.8},"geometry":{"type":"Polygon","coordinates":[[[-118.84999999999998,34.374999999999964],[-118.82499999999997,34.374999999999964],[-118.82499999999997,34.39999999999996],[-118.84999999999998,34.39999999999996],[-118.84999999999998,34.374999999999964]]]}},{"type":"Feature","properties":{"nearestScore":92,"avg5Score":93.4,"nearestDist":18.256,"reachMin":219.1,"walkMin":219.1,"bikeMin":73.0,"driveMin":27.4},"geometry":{"type":"Polygon","coordinates":[[[-118.82499999999997,34.374999999999964],[-118.79999999999997,34.374999999999964],[-118.79999999999997,34.39999999999996],[-118.82499999999997,34.39999999999996],[-118.82499999999997,34.374999999999964]]]}},{"type":"Feature","properties":{"nearestScore":92,"avg5Score":93.4,"nearestDist":15.962,"reachMin":191.5,"walkMin":191.5,"bikeMin":63.8,"driveMin":23.9},"geometry":{"type":"Polygon","coordinates":[[[-118.79999999999997,34.374999999999964],[-118.77499999999996,34.374999999999964],[-118.77499999999996,34.39999999999996],[-118.79999999999997,34.39999999999996],[-118.79999999999997,34.374999999999964]]]}},{"type":"Feature","properties":{"nearestScore":92,"avg5Score":93.4,"nearestDist":13.668,"reachMin":164.0,"walkMin":164.0,"bikeMin":54.7,"driveMin":20.5},"geometry":{"type":"Polygon","coordinates":[[[-118.77499999999996,34.374999999999964],[-118.74999999999996,34.374999999999964],[-118.74999999999996,34.39999999999996],[-118.77499999999996,34.39999999999996],[-118.77499999999996,34.374999999999964]]]}},{"type":"Feature","properties":{"nearestScore":92,"avg5Score":93.4,"nearestDist":11.375,"reachMin":136.5,"walkMin":136.5,"bikeMin":45.5,"driveMin":17.1},"geometry":{"type":"Polygon","coordinates":[[[-118.74999999999996,34.374999999999964],[-118.72499999999995,34.374999999999964],[-118.72499999999995,34.39999999999996],[-118.74999999999996,34.39999999999996],[-118.74999999999996,34.374999999999964]]]}},{"type":"Feature","properties":{"nearestScore":92,"avg5Score":93.4,"nearestDist":9.082,"reachMin":109.0,"walkMin":109.0,"bikeMin":36.3,"driveMin":13.6},"geometry":{"type":"Polygon","coordinates":[[[-118.72499999999995,34.374999999999964],[-118.69999999999995,34.374999999999964],[-118.69999999999995,34.39999999999996],[-118.72499999999995,34.39999999999996],[-118.72499999999995,34.374999999999964]]]}},{"type":"Feature","properties":{"nearestScore":92,"avg5Score":93.4,"nearestDist":6.789,"reachMin":81.5,"walkMin":81.5,"bikeMin":27.2,"driveMin":10.2},"geometry":{"type":"Polygon","coordinates":[[[-118.69999999999995,34.374999999999964],[-118.67499999999994,34.374999999999964],[-118.67499999999994,34.39999999999996],[-118.69999999999995,34.39999999999996],[-118.69999999999995,34.374999999999964]]]}},{"type":"Feature","properties":{"nearestScore":92,"avg5Score":94.0,"nearestDist":4.498,"reachMin":54.0,"walkMin":54.0,"bikeMin":18.0,"driveMin":6.7},"geometry":{"type":"Polygon","coordinates":[[[-118.67499999999994,34.374999999999964],[-118.64999999999993,34.374999999999964],[-118.64999999999993,34.39999999999996],[-118.67499999999994,34.39999999999996],[-118.67499999999994,34.374999999999964]]]}},{"type":"Feature","properties":{"nearestScore":92,"avg5Score":93.6,"nearestDist":2.214,"reachMin":26.6,"walkMin":26.6,"bikeMin":8.9,"driveMin":3.3},"geometry":{"type":"Polygon","coordinates":[[[-118.64999999999993,34.374999999999964],[-118.62499999999993,34.374999999999964],[-118.62499999999993,34.39999999999996],[-118.64999999999993,34.39999999999996],[-118.64999999999993,34.374999999999964]]]}},{"type":"Feature","properties":{"nearestScore":92,"avg5Score":93.6,"nearestDist":0.265,"reachMin":3.2,"walkMin":3.2,"bikeMin":1.1,"driveMin":0.4},"geometry":{"type":"Polygon","coordinates":[[[-118.62499999999993,34.374999999999964],[-118.59999999999992,34.374999999999964],[-118.59999999999992,34.39999999999996],[-118.62499999999993,34.39999999999996],[-118.62499999999993,34.374999999999964]]]}},{"type":"Feature","properties":{"nearestScore":95,"avg5Score":96.0,"nearestDist":0.554,"reachMin":6.6,"walkMin":6.6,"bikeMin":2.2,"driveMin":0.8},"geometry":{"type":"Polygon","coordinates":[[[-118.59999999999992,34.374999999999964],[-118.57499999999992,34.374999999999964],[-118.57499999999992,34.39999999999996],[-118.59999999999992,34.39999999999996],[-118.59999999999992,34.374999999999964]]]}},{"type":"Feature","properties":{"nearestScore":93,"avg5Score":95.6,"nearestDist":0.112,"reachMin":1.3,"walkMin":1.3,"bikeMin":0.4,"driveMin":0.2},"geometry":{"type":"Polygon","coordinates":[[[-118.57499999999992,34.374999999999964],[-118.54999999999991,34.374999999999964],[-118.54999999999991,34.39999999999996],[-118.57499999999992,34.39999999999996],[-118.57499999999992,34.374999999999964]]]}},{"type":"Feature","properties":{"nearestScore":98,"avg5Score":96.0,"nearestDist":0.483,"reachMin":5.8,"walkMin":5.8,"bikeMin":1.9,"driveMin":0.7},"geometry":{"type":"Polygon","coordinates":[[[-118.54999999999991,34.374999999999964],[-118.5249999999999,34.374999999999964],[-118.5249999999999,34.39999999999996],[-118.54999999999991,34.39999999999996],[-118.54999999999991,34.374999999999964]]]}},{"type":"Feature","properties":{"nearestScore":98,"avg5Score":95.2,"nearestDist":0.734,"reachMin":8.8,"walkMin":8.8,"bikeMin":2.9,"driveMin":1.1},"geometry":{"type":"Polygon","coordinates":[[[-118.5249999999999,34.374999999999964],[-118.4999999999999,34.374999999999964],[-118.4999999999999,34.39999999999996],[-118.5249999999999,34.39999999999996],[-118.5249999999999,34.374999999999964]]]}},{"type":"Feature","properties":{"nearestScore":94,"avg5Score":93.8,"nearestDist":1.014,"reachMin":12.2,"walkMin":12.2,"bikeMin":4.1,"driveMin":1.5},"geometry":{"type":"Polygon","coordinates":[[[-118.4999999999999,34.374999999999964],[-118.4749999999999,34.374999999999964],[-118.4749999999999,34.39999999999996],[-118.4999999999999,34.39999999999996],[-118.4999999999999,34.374999999999964]]]}},{"type":"Feature","properties":{"nearestScore":93,"avg5Score":92.8,"nearestDist":0.713,"reachMin":8.6,"walkMin":8.6,"bikeMin":2.9,"driveMin":1.1},"geometry":{"type":"Polygon","coordinates":[[[-118.4749999999999,34.374999999999964],[-118.44999999999989,34.374999999999964],[-118.44999999999989,34.39999999999996],[-118.4749999999999,34.39999999999996],[-118.4749999999999,34.374999999999964]]]}},{"type":"Feature","properties":{"nearestScore":90,"avg5Score":92.8,"nearestDist":2.37,"reachMin":28.4,"walkMin":28.4,"bikeMin":9.5,"driveMin":3.6},"geometry":{"type":"Polygon","coordinates":[[[-118.44999999999989,34.374999999999964],[-118.42499999999988,34.374999999999964],[-118.42499999999988,34.39999999999996],[-118.44999999999989,34.39999999999996],[-118.44999999999989,34.374999999999964]]]}},{"type":"Feature","properties":{"nearestScore":91,"avg5Score":91.8,"nearestDist":2.828,"reachMin":33.9,"walkMin":33.9,"bikeMin":11.3,"driveMin":4.2},"geometry":{"type":"Polygon","coordinates":[[[-118.42499999999988,34.374999999999964],[-118.39999999999988,34.374999999999964],[-118.39999999999988,34.39999999999996],[-118.42499999999988,34.39999999999996],[-118.42499999999988,34.374999999999964]]]}},{"type":"Feature","properties":{"nearestScore":91,"avg5Score":91.8,"nearestDist":4.052,"reachMin":48.6,"walkMin":48.6,"bikeMin":16.2,"driveMin":6.1},"geometry":{"type":"Polygon","coordinates":[[[-118.39999999999988,34.374999999999964],[-118.37499999999987,34.374999999999964],[-118.37499999999987,34.39999999999996],[-118.39999999999988,34.39999999999996],[-118.39999999999988,34.374999999999964]]]}},{"type":"Feature","properties":{"nearestScore":95,"avg5Score":92.6,"nearestDist":5.267,"reachMin":63.2,"walkMin":63.2,"bikeMin":21.1,"driveMin":7.9},"geometry":{"type":"Polygon","coordinates":[[[-118.37499999999987,34.374999999999964],[-118.34999999999987,34.374999999999964],[-118.34999999999987,34.39999999999996],[-118.37499999999987,34.39999999999996],[-118.37499999999987,34.374999999999964]]]}},{"type":"Feature","properties":{"nearestScore":95,"avg5Score":92.6,"nearestDist":5.787,"reachMin":69.4,"walkMin":69.4,"bikeMin":23.1,"driveMin":8.7},"geometry":{"type":"Polygon","coordinates":[[[-118.34999999999987,34.374999999999964],[-118.32499999999986,34.374999999999964],[-118.32499999999986,34.39999999999996],[-118.34999999999987,34.39999999999996],[-118.34999999999987,34.374999999999964]]]}},{"type":"Feature","properties":{"nearestScore":95,"avg5Score":92.6,"nearestDist":7.053,"reachMin":84.6,"walkMin":84.6,"bikeMin":28.2,"driveMin":10.6},"geometry":{"type":"Polygon","coordinates":[[[-118.32499999999986,34.374999999999964],[-118.29999999999986,34.374999999999964],[-118.29999999999986,34.39999999999996],[-118.32499999999986,34.39999999999996],[-118.32499999999986,34.374999999999964]]]}},{"type":"Feature","properties":{"nearestScore":95,"avg5Score":91.8,"nearestDist":8.748,"reachMin":105.0,"walkMin":105.0,"bikeMin":35.0,"driveMin":13.1},"geometry":{"type":"Polygon","coordinates":[[[-118.29999999999986,34.374999999999964],[-118.27499999999985,34.374999999999964],[-118.27499999999985,34.39999999999996],[-118.29999999999986,34.39999999999996],[-118.29999999999986,34.374999999999964]]]}},{"type":"Feature","properties":{"nearestScore":95,"avg5Score":93.4,"nearestDist":10.669,"reachMin":128.0,"walkMin":128.0,"bikeMin":42.7,"driveMin":16.0},"geometry":{"type":"Polygon","coordinates":[[[-118.27499999999985,34.374999999999964],[-118.24999999999984,34.374999999999964],[-118.24999999999984,34.39999999999996],[-118.27499999999985,34.39999999999996],[-118.27499999999985,34.374999999999964]]]}},{"type":"Feature","properties":{"nearestScore":94,"avg5Score":93.2,"nearestDist":9.616,"reachMin":115.4,"walkMin":115.4,"bikeMin":38.5,"driveMin":14.4},"geometry":{"type":"Polygon","coordinates":[[[-118.24999999999984,34.374999999999964],[-118.22499999999984,34.374999999999964],[-118.22499999999984,34.39999999999996],[-118.24999999999984,34.39999999999996],[-118.24999999999984,34.374999999999964]]]}},{"type":"Feature","properties":{"nearestScore":94,"avg5Score":93.2,"nearestDist":8.984,"reachMin":107.8,"walkMin":107.8,"bikeMin":35.9,"driveMin":13.5},"geometry":{"type":"Polygon","coordinates":[[[-118.22499999999984,34.374999999999964],[-118.19999999999983,34.374999999999964],[-118.19999999999983,34.39999999999996],[-118.22499999999984,34.39999999999996],[-118.22499999999984,34.374999999999964]]]}},{"type":"Feature","properties":{"nearestScore":94,"avg5Score":92.8,"nearestDist":8.914,"reachMin":107.0,"walkMin":107.0,"bikeMin":35.7,"driveMin":13.4},"geometry":{"type":"Polygon","coordinates":[[[-118.19999999999983,34.374999999999964],[-118.17499999999983,34.374999999999964],[-118.17499999999983,34.39999999999996],[-118.19999999999983,34.39999999999996],[-118.19999999999983,34.374999999999964]]]}},{"type":"Feature","properties":{"nearestScore":94,"avg5Score":92.8,"nearestDist":9.42,"reachMin":113.0,"walkMin":113.0,"bikeMin":37.7,"driveMin":14.1},"geometry":{"type":"Polygon","coordinates":[[[-118.17499999999983,34.374999999999964],[-118.14999999999982,34.374999999999964],[-118.14999999999982,34.39999999999996],[-118.17499999999983,34.39999999999996],[-118.17499999999983,34.374999999999964]]]}},{"type":"Feature","properties":{"nearestScore":94,"avg5Score":92.8,"nearestDist":10.417,"reachMin":125.0,"walkMin":125.0,"bikeMin":41.7,"driveMin":15.6},"geometry":{"type":"Polygon","coordinates":[[[-118.14999999999982,34.374999999999964],[-118.12499999999982,34.374999999999964],[-118.12499999999982,34.39999999999996],[-118.14999999999982,34.39999999999996],[-118.14999999999982,34.374999999999964]]]}},{"type":"Feature","properties":{"nearestScore":94,"avg5Score":92.8,"nearestDist":11.414,"reachMin":137.0,"walkMin":137.0,"bikeMin":45.7,"driveMin":17.1},"geometry":{"type":"Polygon","coordinates":[[[-118.12499999999982,34.374999999999964],[-118.09999999999981,34.374999999999964],[-118.09999999999981,34.39999999999996],[-118.12499999999982,34.39999999999996],[-118.12499999999982,34.374999999999964]]]}},{"type":"Feature","properties":{"nearestScore":94,"avg5Score":92.4,"nearestDist":12.581,"reachMin":151.0,"walkMin":151.0,"bikeMin":50.3,"driveMin":18.9},"geometry":{"type":"Polygon","coordinates":[[[-118.09999999999981,34.374999999999964],[-118.0749999999998,34.374999999999964],[-118.0749999999998,34.39999999999996],[-118.09999999999981,34.39999999999996],[-118.09999999999981,34.374999999999964]]]}},{"type":"Feature","properties":{"nearestScore":94,"avg5Score":92.4,"nearestDist":14.028,"reachMin":168.3,"walkMin":168.3,"bikeMin":56.1,"driveMin":21.0},"geometry":{"type":"Polygon","coordinates":[[[-118.0749999999998,34.374999999999964],[-118.0499999999998,34.374999999999964],[-118.0499999999998,34.39999999999996],[-118.0749999999998,34.39999999999996],[-118.0749999999998,34.374999999999964]]]}},{"type":"Feature","properties":{"nearestScore":94,"avg5Score":93.6,"nearestDist":15.388,"reachMin":184.7,"walkMin":184.7,"bikeMin":61.6,"driveMin":23.1},"geometry":{"type":"Polygon","coordinates":[[[-118.0499999999998,34.374999999999964],[-118.02499999999979,34.374999999999964],[-118.02499999999979,34.39999999999996],[-118.0499999999998,34.39999999999996],[-118.0499999999998,34.374999999999964]]]}},{"type":"Feature","properties":{"nearestScore":94,"avg5Score":93.6,"nearestDist":14.948,"reachMin":179.4,"walkMin":179.4,"bikeMin":59.8,"driveMin":22.4},"geometry":{"type":"Polygon","coordinates":[[[-118.02499999999979,34.374999999999964],[-117.99999999999979,34.374999999999964],[-117.99999999999979,34.39999999999996],[-118.02499999999979,34.39999999999996],[-118.02499999999979,34.374999999999964]]]}},{"type":"Feature","properties":{"nearestScore":93,"avg5Score":93.6,"nearestDist":14.852,"reachMin":178.2,"walkMin":178.2,"bikeMin":59.4,"driveMin":22.3},"geometry":{"type":"Polygon","coordinates":[[[-117.99999999999979,34.374999999999964],[-117.97499999999978,34.374999999999964],[-117.97499999999978,34.39999999999996],[-117.99999999999979,34.39999999999996],[-117.99999999999979,34.374999999999964]]]}},{"type":"Feature","properties":{"nearestScore":98,"avg5Score":94.0,"nearestDist":13.687,"reachMin":164.2,"walkMin":164.2,"bikeMin":54.7,"driveMin":20.5},"geometry":{"type":"Polygon","coordinates":[[[-117.97499999999978,34.374999999999964],[-117.94999999999978,34.374999999999964],[-117.94999999999978,34.39999999999996],[-117.97499999999978,34.39999999999996],[-117.97499999999978,34.374999999999964]]]}},{"type":"Feature","properties":{"nearestScore":98,"avg5Score":94.0,"nearestDist":11.781,"reachMin":141.4,"walkMin":141.4,"bikeMin":47.1,"driveMin":17.7},"geometry":{"type":"Polygon","coordinates":[[[-117.94999999999978,34.374999999999964],[-117.92499999999977,34.374999999999964],[-117.92499999999977,34.39999999999996],[-117.94999999999978,34.39999999999996],[-117.94999999999978,34.374999999999964]]]}},{"type":"Feature","properties":{"nearestScore":98,"avg5Score":94.0,"nearestDist":10.04,"reachMin":120.5,"walkMin":120.5,"bikeMin":40.2,"driveMin":15.1},"geometry":{"type":"Polygon","coordinates":[[[-117.92499999999977,34.374999999999964],[-117.89999999999976,34.374999999999964],[-117.89999999999976,34.39999999999996],[-117.92499999999977,34.39999999999996],[-117.92499999999977,34.374999999999964]]]}},{"type":"Feature","properties":{"nearestScore":98,"avg5Score":96.0,"nearestDist":8.563,"reachMin":102.8,"walkMin":102.8,"bikeMin":34.3,"driveMin":12.8},"geometry":{"type":"Polygon","coordinates":[[[-117.89999999999976,34.374999999999964],[-117.87499999999976,34.374999999999964],[-117.87499999999976,34.39999999999996],[-117.89999999999976,34.39999999999996],[-117.89999999999976,34.374999999999964]]]}},{"type":"Feature","properties":{"nearestScore":98,"avg5Score":96.0,"nearestDist":7.51,"reachMin":90.1,"walkMin":90.1,"bikeMin":30.0,"driveMin":11.3},"geometry":{"type":"Polygon","coordinates":[[[-117.87499999999976,34.374999999999964],[-117.84999999999975,34.374999999999964],[-117.84999999999975,34.39999999999996],[-117.87499999999976,34.39999999999996],[-117.87499999999976,34.374999999999964]]]}},{"type":"Feature","properties":{"nearestScore":98,"avg5Score":96.0,"nearestDist":7.071,"reachMin":84.9,"walkMin":84.9,"bikeMin":28.3,"driveMin":10.6},"geometry":{"type":"Polygon","coordinates":[[[-117.84999999999975,34.374999999999964],[-117.82499999999975,34.374999999999964],[-117.82499999999975,34.39999999999996],[-117.84999999999975,34.39999999999996],[-117.84999999999975,34.374999999999964]]]}},{"type":"Feature","properties":{"nearestScore":98,"avg5Score":96.0,"nearestDist":7.357,"reachMin":88.3,"walkMin":88.3,"bikeMin":29.4,"driveMin":11.0},"geometry":{"type":"Polygon","coordinates":[[[-117.82499999999975,34.374999999999964],[-117.79999999999974,34.374999999999964],[-117.79999999999974,34.39999999999996],[-117.82499999999975,34.39999999999996],[-117.82499999999975,34.374999999999964]]]}},{"type":"Feature","properties":{"nearestScore":100,"avg5Score":96.0,"nearestDist":5.641,"reachMin":67.7,"walkMin":67.7,"bikeMin":22.6,"driveMin":8.5},"geometry":{"type":"Polygon","coordinates":[[[-117.79999999999974,34.374999999999964],[-117.77499999999974,34.374999999999964],[-117.77499999999974,34.39999999999996],[-117.79999999999974,34.39999999999996],[-117.79999999999974,34.374999999999964]]]}},{"type":"Feature","properties":{"nearestScore":100,"avg5Score":97.0,"nearestDist":3.368,"reachMin":40.4,"walkMin":40.4,"bikeMin":13.5,"driveMin":5.1},"geometry":{"type":"Polygon","coordinates":[[[-117.77499999999974,34.374999999999964],[-117.74999999999973,34.374999999999964],[-117.74999999999973,34.39999999999996],[-117.77499999999974,34.39999999999996],[-117.77499999999974,34.374999999999964]]]}},{"type":"Feature","properties":{"nearestScore":100,"avg5Score":97.0,"nearestDist":1.18,"reachMin":14.2,"walkMin":14.2,"bikeMin":4.7,"driveMin":1.8},"geometry":{"type":"Polygon","coordinates":[[[-117.74999999999973,34.374999999999964],[-117.72499999999972,34.374999999999964],[-117.72499999999972,34.39999999999996],[-117.74999999999973,34.39999999999996],[-117.74999999999973,34.374999999999964]]]}},{"type":"Feature","properties":{"nearestScore":100,"avg5Score":97.0,"nearestDist":1.402,"reachMin":16.8,"walkMin":16.8,"bikeMin":5.6,"driveMin":2.1},"geometry":{"type":"Polygon","coordinates":[[[-117.72499999999972,34.374999999999964],[-117.69999999999972,34.374999999999964],[-117.69999999999972,34.39999999999996],[-117.72499999999972,34.39999999999996],[-117.72499999999972,34.374999999999964]]]}},{"type":"Feature","properties":{"nearestScore":100,"avg5Score":97.0,"nearestDist":3.614,"reachMin":43.4,"walkMin":43.4,"bikeMin":14.5,"driveMin":5.4},"geometry":{"type":"Polygon","coordinates":[[[-117.69999999999972,34.374999999999964],[-117.67499999999971,34.374999999999964],[-117.67499999999971,34.39999999999996],[-117.69999999999972,34.39999999999996],[-117.69999999999972,34.374999999999964]]]}},{"type":"Feature","properties":{"nearestScore":100,"avg5Score":97.0,"nearestDist":5.889,"reachMin":70.7,"walkMin":70.7,"bikeMin":23.6,"driveMin":8.8},"geometry":{"type":"Polygon","coordinates":[[[-117.67499999999971,34.374999999999964],[-117.64999999999971,34.374999999999964],[-117.64999999999971,34.39999999999996],[-117.67499999999971,34.39999999999996],[-117.67499999999971,34.374999999999964]]]}},{"type":"Feature","properties":{"nearestScore":99,"avg5Score":95.4,"nearestDist":28.775,"reachMin":345.3,"walkMin":345.3,"bikeMin":115.1,"driveMin":43.2},"geometry":{"type":"Polygon","coordinates":[[[-118.95,34.39999999999996],[-118.925,34.39999999999996],[-118.925,34.42499999999996],[-118.95,34.42499999999996],[-118.95,34.39999999999996]]]}},{"type":"Feature","properties":{"nearestScore":96,"avg5Score":95.4,"nearestDist":26.68,"reachMin":320.2,"walkMin":320.2,"bikeMin":106.7,"driveMin":40.0},"geometry":{"type":"Polygon","coordinates":[[[-118.925,34.39999999999996],[-118.89999999999999,34.39999999999996],[-118.89999999999999,34.42499999999996],[-118.925,34.42499999999996],[-118.925,34.39999999999996]]]}},{"type":"Feature","properties":{"nearestScore":96,"avg5Score":94.0,"nearestDist":24.419,"reachMin":293.0,"walkMin":293.0,"bikeMin":97.7,"driveMin":36.6},"geometry":{"type":"Polygon","coordinates":[[[-118.89999999999999,34.39999999999996],[-118.87499999999999,34.39999999999996],[-118.87499999999999,34.42499999999996],[-118.89999999999999,34.42499999999996],[-118.89999999999999,34.39999999999996]]]}},{"type":"Feature","properties":{"nearestScore":96,"avg5Score":94.0,"nearestDist":22.166,"reachMin":266.0,"walkMin":266.0,"bikeMin":88.7,"driveMin":33.2},"geometry":{"type":"Polygon","coordinates":[[[-118.87499999999999,34.39999999999996],[-118.84999999999998,34.39999999999996],[-118.84999999999998,34.42499999999996],[-118.87499999999999,34.42499999999996],[-118.87499999999999,34.39999999999996]]]}},{"type":"Feature","properties":{"nearestScore":96,"avg5Score":94.0,"nearestDist":19.921,"reachMin":239.1,"walkMin":239.1,"bikeMin":79.7,"driveMin":29.9},"geometry":{"type":"Polygon","coordinates":[[[-118.84999999999998,34.39999999999996],[-118.82499999999997,34.39999999999996],[-118.82499999999997,34.42499999999996],[-118.84999999999998,34.42499999999996],[-118.84999999999998,34.39999999999996]]]}},{"type":"Feature","properties":{"nearestScore":97,"avg5Score":94.0,"nearestDist":17.661,"reachMin":211.9,"walkMin":211.9,"bikeMin":70.6,"driveMin":26.5},"geometry":{"type":"Polygon","coordinates":[[[-118.82499999999997,34.39999999999996],[-118.79999999999997,34.39999999999996],[-118.79999999999997,34.42499999999996],[-118.82499999999997,34.42499999999996],[-118.82499999999997,34.39999999999996]]]}},{"type":"Feature","properties":{"nearestScore":97,"avg5Score":94.0,"nearestDist":15.406,"reachMin":184.9,"walkMin":184.9,"bikeMin":61.6,"driveMin":23.1},"geometry":{"type":"Polygon","coordinates":[[[-118.79999999999997,34.39999999999996],[-118.77499999999996,34.39999999999996],[-118.77499999999996,34.42499999999996],[-118.79999999999997,34.42499999999996],[-118.79999999999997,34.39999999999996]]]}},{"type":"Feature","properties":{"nearestScore":97,"avg5Score":94.0,"nearestDist":13.164,"reachMin":158.0,"walkMin":158.0,"bikeMin":52.7,"driveMin":19.7},"geometry":{"type":"Polygon","coordinates":[[[-118.77499999999996,34.39999999999996],[-118.74999999999996,34.39999999999996],[-118.74999999999996,34.42499999999996],[-118.77499999999996,34.42499999999996],[-118.77499999999996,34.39999999999996]]]}},{"type":"Feature","properties":{"nearestScore":97,"avg5Score":94.0,"nearestDist":10.943,"reachMin":131.3,"walkMin":131.3,"bikeMin":43.8,"driveMin":16.4},"geometry":{"type":"Polygon","coordinates":[[[-118.74999999999996,34.39999999999996],[-118.72499999999995,34.39999999999996],[-118.72499999999995,34.42499999999996],[-118.74999999999996,34.42499999999996],[-118.74999999999996,34.39999999999996]]]}},{"type":"Feature","properties":{"nearestScore":97,"avg5Score":94.0,"nearestDist":8.76,"reachMin":105.1,"walkMin":105.1,"bikeMin":35.0,"driveMin":13.1},"geometry":{"type":"Polygon","coordinates":[[[-118.72499999999995,34.39999999999996],[-118.69999999999995,34.39999999999996],[-118.69999999999995,34.42499999999996],[-118.72499999999995,34.42499999999996],[-118.72499999999995,34.39999999999996]]]}},{"type":"Feature","properties":{"nearestScore":97,"avg5Score":94.0,"nearestDist":6.65,"reachMin":79.8,"walkMin":79.8,"bikeMin":26.6,"driveMin":10.0},"geometry":{"type":"Polygon","coordinates":[[[-118.69999999999995,34.39999999999996],[-118.67499999999994,34.39999999999996],[-118.67499999999994,34.42499999999996],[-118.69999999999995,34.42499999999996],[-118.69999999999995,34.39999999999996]]]}},{"type":"Feature","properties":{"nearestScore":97,"avg5Score":93.4,"nearestDist":4.715,"reachMin":56.6,"walkMin":56.6,"bikeMin":18.9,"driveMin":7.1},"geometry":{"type":"Polygon","coordinates":[[[-118.67499999999994,34.39999999999996],[-118.64999999999993,34.39999999999996],[-118.64999999999993,34.42499999999996],[-118.67499999999994,34.42499999999996],[-118.67499999999994,34.39999999999996]]]}},{"type":"Feature","properties":{"nearestScore":97,"avg5Score":95.6,"nearestDist":3.28,"reachMin":39.4,"walkMin":39.4,"bikeMin":13.1,"driveMin":4.9},"geometry":{"type":"Polygon","coordinates":[[[-118.64999999999993,34.39999999999996],[-118.62499999999993,34.39999999999996],[-118.62499999999993,34.42499999999996],[-118.64999999999993,34.42499999999996],[-118.64999999999993,34.39999999999996]]]}},{"type":"Feature","properties":{"nearestScore":99,"avg5Score":97.2,"nearestDist":2.16,"reachMin":25.9,"walkMin":25.9,"bikeMin":8.6,"driveMin":3.2},"geometry":{"type":"Polygon","coordinates":[[[-118.62499999999993,34.39999999999996],[-118.59999999999992,34.39999999999996],[-118.59999999999992,34.42499999999996],[-118.62499999999993,34.42499999999996],[-118.62499999999993,34.39999999999996]]]}},{"type":"Feature","properties":{"nearestScore":96,"avg5Score":96.2,"nearestDist":0.798,"reachMin":9.6,"walkMin":9.6,"bikeMin":3.2,"driveMin":1.2},"geometry":{"type":"Polygon","coordinates":[[[-118.59999999999992,34.39999999999996],[-118.57499999999992,34.39999999999996],[-118.57499999999992,34.42499999999996],[-118.59999999999992,34.42499999999996],[-118.59999999999992,34.39999999999996]]]}},{"type":"Feature","properties":{"nearestScore":98,"avg5Score":96.8,"nearestDist":0.287,"reachMin":3.4,"walkMin":3.4,"bikeMin":1.1,"driveMin":0.4},"geometry":{"type":"Polygon","coordinates":[[[-118.57499999999992,34.39999999999996],[-118.54999999999991,34.39999999999996],[-118.54999999999991,34.42499999999996],[-118.57499999999992,34.42499999999996],[-118.57499999999992,34.39999999999996]]]}},{"type":"Feature","properties":{"nearestScore":90,"avg5Score":93.0,"nearestDist":0.812,"reachMin":9.7,"walkMin":9.7,"bikeMin":3.2,"driveMin":1.2},"geometry":{"type":"Polygon","coordinates":[[[-118.54999999999991,34.39999999999996],[-118.5249999999999,34.39999999999996],[-118.5249999999999,34.42499999999996],[-118.54999999999991,34.42499999999996],[-118.54999999999991,34.39999999999996]]]}},{"type":"Feature","properties":{"nearestScore":92,"avg5Score":94.2,"nearestDist":0.382,"reachMin":4.6,"walkMin":4.6,"bikeMin":1.5,"driveMin":0.6},"geometry":{"type":"Polygon","coordinates":[[[-118.5249999999999,34.39999999999996],[-118.4999999999999,34.39999999999996],[-118.4999999999999,34.42499999999996],[-118.5249999999999,34.42499999999996],[-118.5249999999999,34.39999999999996]]]}},{"type":"Feature","properties":{"nearestScore":97,"avg5Score":93.2,"nearestDist":0.932,"reachMin":11.2,"walkMin":11.2,"bikeMin":3.7,"driveMin":1.4},"geometry":{"type":"Polygon","coordinates":[[[-118.4999999999999,34.39999999999996],[-118.4749999999999,34.39999999999996],[-118.4749999999999,34.42499999999996],[-118.4999999999999,34.42499999999996],[-118.4999999999999,34.39999999999996]]]}},{"type":"Feature","properties":{"nearestScore":99,"avg5Score":94.0,"nearestDist":0.364,"reachMin":4.4,"walkMin":4.4,"bikeMin":1.5,"driveMin":0.5},"geometry":{"type":"Polygon","coordinates":[[[-118.4749999999999,34.39999999999996],[-118.44999999999989,34.39999999999996],[-118.44999999999989,34.42499999999996],[-118.4749999999999,34.42499999999996],[-118.4749999999999,34.39999999999996]]]}},{"type":"Feature","properties":{"nearestScore":90,"avg5Score":93.0,"nearestDist":1.305,"reachMin":15.7,"walkMin":15.7,"bikeMin":5.2,"driveMin":2.0},"geometry":{"type":"Polygon","coordinates":[[[-118.44999999999989,34.39999999999996],[-118.42499999999988,34.39999999999996],[-118.42499999999988,34.42499999999996],[-118.44999999999989,34.42499999999996],[-118.44999999999989,34.39999999999996]]]}},{"type":"Feature","properties":{"nearestScore":91,"avg5Score":91.8,"nearestDist":0.69,"reachMin":8.3,"walkMin":8.3,"bikeMin":2.8,"driveMin":1.0},"geometry":{"type":"Polygon","coordinates":[[[-118.42499999999988,34.39999999999996],[-118.39999999999988,34.39999999999996],[-118.39999999999988,34.42499999999996],[-118.42499999999988,34.42499999999996],[-118.42499999999988,34.39999999999996]]]}},{"type":"Feature","properties":{"nearestScore":91,"avg5Score":92.6,"nearestDist":2.982,"reachMin":35.8,"walkMin":35.8,"bikeMin":11.9,"driveMin":4.5},"geometry":{"type":"Polygon","coordinates":[[[-118.39999999999988,34.39999999999996],[-118.37499999999987,34.39999999999996],[-118.37499999999987,34.42499999999996],[-118.39999999999988,34.42499999999996],[-118.39999999999988,34.39999999999996]]]}},{"type":"Feature","properties":{"nearestScore":95,"avg5Score":92.6,"nearestDist":2.488,"reachMin":29.9,"walkMin":29.9,"bikeMin":10.0,"driveMin":3.7},"geometry":{"type":"Polygon","coordinates":[[[-118.37499999999987,34.39999999999996],[-118.34999999999987,34.39999999999996],[-118.34999999999987,34.42499999999996],[-118.37499999999987,34.42499999999996],[-118.37499999999987,34.39999999999996]]]}},{"type":"Feature","properties":{"nearestScore":95,"avg5Score":92.6,"nearestDist":3.455,"reachMin":41.5,"walkMin":41.5,"bikeMin":13.8,"driveMin":5.2},"geometry":{"type":"Polygon","coordinates":[[[-118.34999999999987,34.39999999999996],[-118.32499999999986,34.39999999999996],[-118.32499999999986,34.42499999999996],[-118.34999999999987,34.42499999999996],[-118.34999999999987,34.39999999999996]]]}},{"type":"Feature","properties":{"nearestScore":95,"avg5Score":91.0,"nearestDist":5.31,"reachMin":63.7,"walkMin":63.7,"bikeMin":21.2,"driveMin":8.0},"geometry":{"type":"Polygon","coordinates":[[[-118.32499999999986,34.39999999999996],[-118.29999999999986,34.39999999999996],[-118.29999999999986,34.42499999999996],[-118.32499999999986,34.42499999999996],[-118.32499999999986,34.39999999999996]]]}},{"type":"Feature","properties":{"nearestScore":95,"avg5Score":91.0,"nearestDist":7.414,"reachMin":89.0,"walkMin":89.0,"bikeMin":29.7,"driveMin":11.1},"geometry":{"type":"Polygon","coordinates":[[[-118.29999999999986,34.39999999999996],[-118.27499999999985,34.39999999999996],[-118.27499999999985,34.42499999999996],[-118.29999999999986,34.42499999999996],[-118.29999999999986,34.39999999999996]]]}},{"type":"Feature","properties":{"nearestScore":94,"avg5Score":93.4,"nearestDist":8.552,"reachMin":102.6,"walkMin":102.6,"bikeMin":34.2,"driveMin":12.8},"geometry":{"type":"Polygon","coordinates":[[[-118.27499999999985,34.39999999999996],[-118.24999999999984,34.39999999999996],[-118.24999999999984,34.42499999999996],[-118.27499999999985,34.42499999999996],[-118.27499999999985,34.39999999999996]]]}},{"type":"Feature","properties":{"nearestScore":94,"avg5Score":92.6,"nearestDist":7.132,"reachMin":85.6,"walkMin":85.6,"bikeMin":28.5,"driveMin":10.7},"geometry":{"type":"Polygon","coordinates":[[[-118.24999999999984,34.39999999999996],[-118.22499999999984,34.39999999999996],[-118.22499999999984,34.42499999999996],[-118.24999999999984,34.42499999999996],[-118.24999999999984,34.39999999999996]]]}},{"type":"Feature","properties":{"nearestScore":94,"avg5Score":93.2,"nearestDist":6.254,"reachMin":75.0,"walkMin":75.0,"bikeMin":25.0,"driveMin":9.4},"geometry":{"type":"Polygon","coordinates":[[[-118.22499999999984,34.39999999999996],[-118.19999999999983,34.39999999999996],[-118.19999999999983,34.42499999999996],[-118.22499999999984,34.42499999999996],[-118.22499999999984,34.39999999999996]]]}},{"type":"Feature","properties":{"nearestScore":94,"avg5Score":92.8,"nearestDist":6.154,"reachMin":73.8,"walkMin":73.8,"bikeMin":24.6,"driveMin":9.2},"geometry":{"type":"Polygon","coordinates":[[[-118.19999999999983,34.39999999999996],[-118.17499999999983,34.39999999999996],[-118.17499999999983,34.42499999999996],[-118.19999999999983,34.42499999999996],[-118.19999999999983,34.39999999999996]]]}},{"type":"Feature","properties":{"nearestScore":94,"avg5Score":92.8,"nearestDist":6.866,"reachMin":82.4,"walkMin":82.4,"bikeMin":27.5,"driveMin":10.3},"geometry":{"type":"Polygon","coordinates":[[[-118.17499999999983,34.39999999999996],[-118.14999999999982,34.39999999999996],[-118.14999999999982,34.42499999999996],[-118.17499999999983,34.42499999999996],[-118.17499999999983,34.39999999999996]]]}},{"type":"Feature","properties":{"nearestScore":94,"avg5Score":92.8,"nearestDist":7.961,"reachMin":95.5,"walkMin":95.5,"bikeMin":31.8,"driveMin":11.9},"geometry":{"type":"Polygon","coordinates":[[[-118.14999999999982,34.39999999999996],[-118.12499999999982,34.39999999999996],[-118.12499999999982,34.42499999999996],[-118.14999999999982,34.42499999999996],[-118.14999999999982,34.39999999999996]]]}},{"type":"Feature","properties":{"nearestScore":94,"avg5Score":92.4,"nearestDist":8.991,"reachMin":107.9,"walkMin":107.9,"bikeMin":36.0,"driveMin":13.5},"geometry":{"type":"Polygon","coordinates":[[[-118.12499999999982,34.39999999999996],[-118.09999999999981,34.39999999999996],[-118.09999999999981,34.42499999999996],[-118.12499999999982,34.42499999999996],[-118.12499999999982,34.39999999999996]]]}},{"type":"Feature","properties":{"nearestScore":94,"avg5Score":92.4,"nearestDist":10.432,"reachMin":125.2,"walkMin":125.2,"bikeMin":41.7,"driveMin":15.6},"geometry":{"type":"Polygon","coordinates":[[[-118.09999999999981,34.39999999999996],[-118.0749999999998,34.39999999999996],[-118.0749999999998,34.42499999999996],[-118.09999999999981,34.42499999999996],[-118.09999999999981,34.39999999999996]]]}},{"type":"Feature","properties":{"nearestScore":94,"avg5Score":93.2,"nearestDist":12.137,"reachMin":145.6,"walkMin":145.6,"bikeMin":48.5,"driveMin":18.2},"geometry":{"type":"Polygon","coordinates":[[[-118.0749999999998,34.39999999999996],[-118.0499999999998,34.39999999999996],[-118.0499999999998,34.42499999999996],[-118.0749999999998,34.42499999999996],[-118.0749999999998,34.39999999999996]]]}},{"type":"Feature","properties":{"nearestScore":94,"avg5Score":93.6,"nearestDist":12.727,"reachMin":152.7,"walkMin":152.7,"bikeMin":50.9,"driveMin":19.1},"geometry":{"type":"Polygon","coordinates":[[[-118.0499999999998,34.39999999999996],[-118.02499999999979,34.39999999999996],[-118.02499999999979,34.42499999999996],[-118.0499999999998,34.42499999999996],[-118.0499999999998,34.39999999999996]]]}},{"type":"Feature","properties":{"nearestScore":94,"avg5Score":93.6,"nearestDist":12.192,"reachMin":146.3,"walkMin":146.3,"bikeMin":48.8,"driveMin":18.3},"geometry":{"type":"Polygon","coordinates":[[[-118.02499999999979,34.39999999999996],[-117.99999999999979,34.39999999999996],[-117.99999999999979,34.42499999999996],[-118.02499999999979,34.42499999999996],[-118.02499999999979,34.39999999999996]]]}},{"type":"Feature","properties":{"nearestScore":93,"avg5Score":93.6,"nearestDist":12.073,"reachMin":144.9,"walkMin":144.9,"bikeMin":48.3,"driveMin":18.1},"geometry":{"type":"Polygon","coordinates":[[[-117.99999999999979,34.39999999999996],[-117.97499999999978,34.39999999999996],[-117.97499999999978,34.42499999999996],[-117.99999999999979,34.42499999999996],[-117.99999999999979,34.39999999999996]]]}},{"type":"Feature","properties":{"nearestScore":93,"avg5Score":93.0,"nearestDist":11.822,"reachMin":141.9,"walkMin":141.9,"bikeMin":47.3,"driveMin":17.7},"geometry":{"type":"Polygon","coordinates":[[[-117.97499999999978,34.39999999999996],[-117.94999999999978,34.39999999999996],[-117.94999999999978,34.42499999999996],[-117.97499999999978,34.42499999999996],[-117.97499999999978,34.39999999999996]]]}},{"type":"Feature","properties":{"nearestScore":93,"avg5Score":93.0,"nearestDist":10.936,"reachMin":131.2,"walkMin":131.2,"bikeMin":43.7,"driveMin":16.4},"geometry":{"type":"Polygon","coordinates":[[[-117.94999999999978,34.39999999999996],[-117.92499999999977,34.39999999999996],[-117.92499999999977,34.42499999999996],[-117.94999999999978,34.42499999999996],[-117.94999999999978,34.39999999999996]]]}},{"type":"Feature","properties":{"nearestScore":93,"avg5Score":94.0,"nearestDist":10.485,"reachMin":125.8,"walkMin":125.8,"bikeMin":41.9,"driveMin":15.7},"geometry":{"type":"Polygon","coordinates":[[[-117.92499999999977,34.39999999999996],[-117.89999999999976,34.39999999999996],[-117.89999999999976,34.42499999999996],[-117.92499999999977,34.42499999999996],[-117.92499999999977,34.39999999999996]]]}},{"type":"Feature","properties":{"nearestScore":93,"avg5Score":94.0,"nearestDist":10.526,"reachMin":126.3,"walkMin":126.3,"bikeMin":42.1,"driveMin":15.8},"geometry":{"type":"Polygon","coordinates":[[[-117.89999999999976,34.39999999999996],[-117.87499999999976,34.39999999999996],[-117.87499999999976,34.42499999999996],[-117.89999999999976,34.42499999999996],[-117.89999999999976,34.39999999999996]]]}},{"type":"Feature","properties":{"nearestScore":98,"avg5Score":96.0,"nearestDist":10.169,"reachMin":122.0,"walkMin":122.0,"bikeMin":40.7,"driveMin":15.3},"geometry":{"type":"Polygon","coordinates":[[[-117.87499999999976,34.39999999999996],[-117.84999999999975,34.39999999999996],[-117.84999999999975,34.42499999999996],[-117.87499999999976,34.42499999999996],[-117.87499999999976,34.39999999999996]]]}},{"type":"Feature","properties":{"nearestScore":98,"avg5Score":96.0,"nearestDist":9.849,"reachMin":118.2,"walkMin":118.2,"bikeMin":39.4,"driveMin":14.8},"geometry":{"type":"Polygon","coordinates":[[[-117.84999999999975,34.39999999999996],[-117.82499999999975,34.39999999999996],[-117.82499999999975,34.42499999999996],[-117.84999999999975,34.42499999999996],[-117.84999999999975,34.39999999999996]]]}},{"type":"Feature","properties":{"nearestScore":100,"avg5Score":96.0,"nearestDist":8.201,"reachMin":98.4,"walkMin":98.4,"bikeMin":32.8,"driveMin":12.3},"geometry":{"type":"Polygon","coordinates":[[[-117.82499999999975,34.39999999999996],[-117.79999999999974,34.39999999999996],[-117.79999999999974,34.42499999999996],[-117.82499999999975,34.42499999999996],[-117.82499999999975,34.39999999999996]]]}},{"type":"Feature","properties":{"nearestScore":100,"avg5Score":96.0,"nearestDist":6.022,"reachMin":72.3,"walkMin":72.3,"bikeMin":24.1,"driveMin":9.0},"geometry":{"type":"Polygon","coordinates":[[[-117.79999999999974,34.39999999999996],[-117.77499999999974,34.39999999999996],[-117.77499999999974,34.42499999999996],[-117.79999999999974,34.42499999999996],[-117.79999999999974,34.39999999999996]]]}},{"type":"Feature","properties":{"nearestScore":100,"avg5Score":97.0,"nearestDist":3.974,"reachMin":47.7,"walkMin":47.7,"bikeMin":15.9,"driveMin":6.0},"geometry":{"type":"Polygon","coordinates":[[[-117.77499999999974,34.39999999999996],[-117.74999999999973,34.39999999999996],[-117.74999999999973,34.42499999999996],[-117.77499999999974,34.42499999999996],[-117.77499999999974,34.39999999999996]]]}},{"type":"Feature","properties":{"nearestScore":100,"avg5Score":97.0,"nearestDist":2.417,"reachMin":29.0,"walkMin":29.0,"bikeMin":9.7,"driveMin":3.6},"geometry":{"type":"Polygon","coordinates":[[[-117.74999999999973,34.39999999999996],[-117.72499999999972,34.39999999999996],[-117.72499999999972,34.42499999999996],[-117.74999999999973,34.42499999999996],[-117.74999999999973,34.39999999999996]]]}},{"type":"Feature","properties":{"nearestScore":98,"avg5Score":97.0,"nearestDist":1.521,"reachMin":18.3,"walkMin":18.3,"bikeMin":6.1,"driveMin":2.3},"geometry":{"type":"Polygon","coordinates":[[[-117.72499999999972,34.39999999999996],[-117.69999999999972,34.39999999999996],[-117.69999999999972,34.42499999999996],[-117.72499999999972,34.42499999999996],[-117.72499999999972,34.39999999999996]]]}},{"type":"Feature","properties":{"nearestScore":98,"avg5Score":97.0,"nearestDist":2.533,"reachMin":30.4,"walkMin":30.4,"bikeMin":10.1,"driveMin":3.8},"geometry":{"type":"Polygon","coordinates":[[[-117.69999999999972,34.39999999999996],[-117.67499999999971,34.39999999999996],[-117.67499999999971,34.42499999999996],[-117.69999999999972,34.42499999999996],[-117.69999999999972,34.39999999999996]]]}},{"type":"Feature","properties":{"nearestScore":98,"avg5Score":97.0,"nearestDist":4.586,"reachMin":55.0,"walkMin":55.0,"bikeMin":18.3,"driveMin":6.9},"geometry":{"type":"Polygon","coordinates":[[[-117.67499999999971,34.39999999999996],[-117.64999999999971,34.39999999999996],[-117.64999999999971,34.42499999999996],[-117.67499999999971,34.42499999999996],[-117.67499999999971,34.39999999999996]]]}},{"type":"Feature","properties":{"nearestScore":99,"avg5Score":95.4,"nearestDist":26.849,"reachMin":322.2,"walkMin":322.2,"bikeMin":107.4,"driveMin":40.3},"geometry":{"type":"Polygon","coordinates":[[[-118.95,34.42499999999996],[-118.925,34.42499999999996],[-118.925,34.44999999999996],[-118.95,34.44999999999996],[-118.95,34.42499999999996]]]}},{"type":"Feature","properties":{"nearestScore":99,"avg5Score":95.4,"nearestDist":25.185,"reachMin":302.2,"walkMin":302.2,"bikeMin":100.7,"driveMin":37.8},"geometry":{"type":"Polygon","coordinates":[[[-118.925,34.42499999999996],[-118.89999999999999,34.42499999999996],[-118.89999999999999,34.44999999999996],[-118.925,34.44999999999996],[-118.925,34.42499999999996]]]}},{"type":"Feature","properties":{"nearestScore":99,"avg5Score":95.4,"nearestDist":23.626,"reachMin":283.5,"walkMin":283.5,"bikeMin":94.5,"driveMin":35.4},"geometry":{"type":"Polygon","coordinates":[[[-118.89999999999999,34.42499999999996],[-118.87499999999999,34.42499999999996],[-118.87499999999999,34.44999999999996],[-118.89999999999999,34.44999999999996],[-118.89999999999999,34.42499999999996]]]}},{"type":"Feature","properties":{"nearestScore":96,"avg5Score":95.4,"nearestDist":21.797,"reachMin":261.6,"walkMin":261.6,"bikeMin":87.2,"driveMin":32.7},"geometry":{"type":"Polygon","coordinates":[[[-118.87499999999999,34.42499999999996],[-118.84999999999998,34.42499999999996],[-118.84999999999998,34.44999999999996],[-118.87499999999999,34.44999999999996],[-118.87499999999999,34.42499999999996]]]}},{"type":"Feature","properties":{"nearestScore":96,"avg5Score":94.0,"nearestDist":19.51,"reachMin":234.1,"walkMin":234.1,"bikeMin":78.0,"driveMin":29.3},"geometry":{"type":"Polygon","coordinates":[[[-118.84999999999998,34.42499999999996],[-118.82499999999997,34.42499999999996],[-118.82499999999997,34.44999999999996],[-118.84999999999998,34.44999999999996],[-118.84999999999998,34.42499999999996]]]}},{"type":"Feature","properties":{"nearestScore":96,"avg5Score":94.0,"nearestDist":17.226,"reachMin":206.7,"walkMin":206.7,"bikeMin":68.9,"driveMin":25.8},"geometry":{"type":"Polygon","coordinates":[[[-118.82499999999997,34.42499999999996],[-118.79999999999997,34.42499999999996],[-118.79999999999997,34.44999999999996],[-118.82499999999997,34.44999999999996],[-118.82499999999997,34.42499999999996]]]}},{"type":"Feature","properties":{"nearestScore":96,"avg5Score":94.0,"nearestDist":14.943,"reachMin":179.3,"walkMin":179.3,"bikeMin":59.8,"driveMin":22.4},"geometry":{"type":"Polygon","coordinates":[[[-118.79999999999997,34.42499999999996],[-118.77499999999996,34.42499999999996],[-118.77499999999996,34.44999999999996],[-118.79999999999997,34.44999999999996],[-118.79999999999997,34.42499999999996]]]}},{"type":"Feature","properties":{"nearestScore":96,"avg5Score":94.0,"nearestDist":12.664,"reachMin":152.0,"walkMin":152.0,"bikeMin":50.7,"driveMin":19.0},"geometry":{"type":"Polygon","coordinates":[[[-118.77499999999996,34.42499999999996],[-118.74999999999996,34.42499999999996],[-118.74999999999996,34.44999999999996],[-118.77499999999996,34.44999999999996],[-118.77499999999996,34.42499999999996]]]}},{"type":"Feature","properties":{"nearestScore":96,"avg5Score":94.0,"nearestDist":10.392,"reachMin":124.7,"walkMin":124.7,"bikeMin":41.6,"driveMin":15.6},"geometry":{"type":"Polygon","coordinates":[[[-118.74999999999996,34.42499999999996],[-118.72499999999995,34.42499999999996],[-118.72499999999995,34.44999999999996],[-118.74999999999996,34.44999999999996],[-118.74999999999996,34.42499999999996]]]}},{"type":"Feature","properties":{"nearestScore":96,"avg5Score":94.0,"nearestDist":8.13,"reachMin":97.6,"walkMin":97.6,"bikeMin":32.5,"driveMin":12.2},"geometry":{"type":"Polygon","coordinates":[[[-118.72499999999995,34.42499999999996],[-118.69999999999995,34.42499999999996],[-118.69999999999995,34.44999999999996],[-118.72499999999995,34.44999999999996],[-118.72499999999995,34.42499999999996]]]}},{"type":"Feature","properties":{"nearestScore":96,"avg5Score":94.0,"nearestDist":5.892,"reachMin":70.7,"walkMin":70.7,"bikeMin":23.6,"driveMin":8.8},"geometry":{"type":"Polygon","coordinates":[[[-118.69999999999995,34.42499999999996],[-118.67499999999994,34.42499999999996],[-118.67499999999994,34.44999999999996],[-118.69999999999995,34.44999999999996],[-118.69999999999995,34.42499999999996]]]}},{"type":"Feature","properties":{"nearestScore":97,"avg5Score":94.0,"nearestDist":3.654,"reachMin":43.8,"walkMin":43.8,"bikeMin":14.6,"driveMin":5.5},"geometry":{"type":"Polygon","coordinates":[[[-118.67499999999994,34.42499999999996],[-118.64999999999993,34.42499999999996],[-118.64999999999993,34.44999999999996],[-118.67499999999994,34.44999999999996],[-118.67499999999994,34.42499999999996]]]}},{"type":"Feature","properties":{"nearestScore":97,"avg5Score":93.8,"nearestDist":1.371,"reachMin":16.5,"walkMin":16.5,"bikeMin":5.5,"driveMin":2.1},"geometry":{"type":"Polygon","coordinates":[[[-118.64999999999993,34.42499999999996],[-118.62499999999993,34.42499999999996],[-118.62499999999993,34.44999999999996],[-118.64999999999993,34.44999999999996],[-118.64999999999993,34.42499999999996]]]}},{"type":"Feature","properties":{"nearestScore":97,"avg5Score":95.2,"nearestDist":0.959,"reachMin":11.5,"walkMin":11.5,"bikeMin":3.8,"driveMin":1.4},"geometry":{"type":"Polygon","coordinates":[[[-118.62499999999993,34.42499999999996],[-118.59999999999992,34.42499999999996],[-118.59999999999992,34.44999999999996],[-118.62499999999993,34.44999999999996],[-118.62499999999993,34.42499999999996]]]}},{"type":"Feature","properties":{"nearestScore":98,"avg5Score":91.6,"nearestDist":0.447,"reachMin":5.4,"walkMin":5.4,"bikeMin":1.8,"driveMin":0.7},"geometry":{"type":"Polygon","coordinates":[[[-118.59999999999992,34.42499999999996],[-118.57499999999992,34.42499999999996],[-118.57499999999992,34.44999999999996],[-118.59999999999992,34.44999999999996],[-118.59999999999992,34.42499999999996]]]}},{"type":"Feature","properties":{"nearestScore":80,"avg5Score":89.8,"nearestDist":0.164,"reachMin":2.0,"walkMin":2.0,"bikeMin":0.7,"driveMin":0.2},"geometry":{"type":"Polygon","coordinates":[[[-118.57499999999992,34.42499999999996],[-118.54999999999991,34.42499999999996],[-118.54999999999991,34.44999999999996],[-118.57499999999992,34.44999999999996],[-118.57499999999992,34.42499999999996]]]}},{"type":"Feature","properties":{"nearestScore":98,"avg5Score":95.4,"nearestDist":0.451,"reachMin":5.4,"walkMin":5.4,"bikeMin":1.8,"driveMin":0.7},"geometry":{"type":"Polygon","coordinates":[[[-118.54999999999991,34.42499999999996],[-118.5249999999999,34.42499999999996],[-118.5249999999999,34.44999999999996],[-118.54999999999991,34.44999999999996],[-118.54999999999991,34.42499999999996]]]}},{"type":"Feature","properties":{"nearestScore":93,"avg5Score":93.0,"nearestDist":0.568,"reachMin":6.8,"walkMin":6.8,"bikeMin":2.3,"driveMin":0.9},"geometry":{"type":"Polygon","coordinates":[[[-118.5249999999999,34.42499999999996],[-118.4999999999999,34.42499999999996],[-118.4999999999999,34.44999999999996],[-118.5249999999999,34.44999999999996],[-118.5249999999999,34.42499999999996]]]}},{"type":"Feature","properties":{"nearestScore":94,"avg5Score":94.6,"nearestDist":1.527,"reachMin":18.3,"walkMin":18.3,"bikeMin":6.1,"driveMin":2.3},"geometry":{"type":"Polygon","coordinates":[[[-118.4999999999999,34.42499999999996],[-118.4749999999999,34.42499999999996],[-118.4749999999999,34.44999999999996],[-118.4999999999999,34.44999999999996],[-118.4999999999999,34.42499999999996]]]}},{"type":"Feature","properties":{"nearestScore":90,"avg5Score":95.2,"nearestDist":1.254,"reachMin":15.0,"walkMin":15.0,"bikeMin":5.0,"driveMin":1.9},"geometry":{"type":"Polygon","coordinates":[[[-118.4749999999999,34.42499999999996],[-118.44999999999989,34.42499999999996],[-118.44999999999989,34.44999999999996],[-118.4749999999999,34.44999999999996],[-118.4749999999999,34.42499999999996]]]}},{"type":"Feature","properties":{"nearestScore":98,"avg5Score":93.6,"nearestDist":1.341,"reachMin":16.1,"walkMin":16.1,"bikeMin":5.4,"driveMin":2.0},"geometry":{"type":"Polygon","coordinates":[[[-118.44999999999989,34.42499999999996],[-118.42499999999988,34.42499999999996],[-118.42499999999988,34.44999999999996],[-118.44999999999989,34.44999999999996],[-118.44999999999989,34.42499999999996]]]}},{"type":"Feature","properties":{"nearestScore":98,"avg5Score":95.0,"nearestDist":1.598,"reachMin":19.2,"walkMin":19.2,"bikeMin":6.4,"driveMin":2.4},"geometry":{"type":"Polygon","coordinates":[[[-118.42499999999988,34.42499999999996],[-118.39999999999988,34.42499999999996],[-118.39999999999988,34.44999999999996],[-118.42499999999988,34.44999999999996],[-118.42499999999988,34.42499999999996]]]}},{"type":"Feature","properties":{"nearestScore":95,"avg5Score":92.8,"nearestDist":2.207,"reachMin":26.5,"walkMin":26.5,"bikeMin":8.8,"driveMin":3.3},"geometry":{"type":"Polygon","coordinates":[[[-118.39999999999988,34.42499999999996],[-118.37499999999987,34.42499999999996],[-118.37499999999987,34.44999999999996],[-118.39999999999988,34.44999999999996],[-118.39999999999988,34.42499999999996]]]}},{"type":"Feature","properties":{"nearestScore":95,"avg5Score":92.4,"nearestDist":0.312,"reachMin":3.7,"walkMin":3.7,"bikeMin":1.2,"driveMin":0.5},"geometry":{"type":"Polygon","coordinates":[[[-118.37499999999987,34.42499999999996],[-118.34999999999987,34.42499999999996],[-118.34999999999987,34.44999999999996],[-118.37499999999987,34.44999999999996],[-118.37499999999987,34.42499999999996]]]}},{"type":"Feature","properties":{"nearestScore":95,"avg5Score":91.0,"nearestDist":2.416,"reachMin":29.0,"walkMin":29.0,"bikeMin":9.7,"driveMin":3.6},"geometry":{"type":"Polygon","coordinates":[[[-118.34999999999987,34.42499999999996],[-118.32499999999986,34.42499999999996],[-118.32499999999986,34.44999999999996],[-118.34999999999987,34.44999999999996],[-118.34999999999987,34.42499999999996]]]}},{"type":"Feature","properties":{"nearestScore":95,"avg5Score":91.0,"nearestDist":4.7,"reachMin":56.4,"walkMin":56.4,"bikeMin":18.8,"driveMin":7.1},"geometry":{"type":"Polygon","coordinates":[[[-118.32499999999986,34.42499999999996],[-118.29999999999986,34.42499999999996],[-118.29999999999986,34.44999999999996],[-118.32499999999986,34.44999999999996],[-118.32499999999986,34.42499999999996]]]}},{"type":"Feature","properties":{"nearestScore":95,"avg5Score":91.0,"nearestDist":6.99,"reachMin":83.9,"walkMin":83.9,"bikeMin":28.0,"driveMin":10.5},"geometry":{"type":"Polygon","coordinates":[[[-118.29999999999986,34.42499999999996],[-118.27499999999985,34.42499999999996],[-118.27499999999985,34.44999999999996],[-118.29999999999986,34.44999999999996],[-118.29999999999986,34.42499999999996]]]}},{"type":"Feature","properties":{"nearestScore":94,"avg5Score":92.6,"nearestDist":6.855,"reachMin":82.3,"walkMin":82.3,"bikeMin":27.4,"driveMin":10.3},"geometry":{"type":"Polygon","coordinates":[[[-118.27499999999985,34.42499999999996],[-118.24999999999984,34.42499999999996],[-118.24999999999984,34.44999999999996],[-118.27499999999985,34.44999999999996],[-118.27499999999985,34.42499999999996]]]}},{"type":"Feature","properties":{"nearestScore":94,"avg5Score":92.6,"nearestDist":4.972,"reachMin":59.7,"walkMin":59.7,"bikeMin":19.9,"driveMin":7.5},"geometry":{"type":"Polygon","coordinates":[[[-118.24999999999984,34.42499999999996],[-118.22499999999984,34.42499999999996],[-118.22499999999984,34.44999999999996],[-118.24999999999984,34.44999999999996],[-118.24999999999984,34.42499999999996]]]}},{"type":"Feature","properties":{"nearestScore":94,"avg5Score":92.6,"nearestDist":3.602,"reachMin":43.2,"walkMin":43.2,"bikeMin":14.4,"driveMin":5.4},"geometry":{"type":"Polygon","coordinates":[[[-118.22499999999984,34.42499999999996],[-118.19999999999983,34.42499999999996],[-118.19999999999983,34.44999999999996],[-118.22499999999984,34.44999999999996],[-118.22499999999984,34.42499999999996]]]}},{"type":"Feature","properties":{"nearestScore":94,"avg5Score":91.6,"nearestDist":3.425,"reachMin":41.1,"walkMin":41.1,"bikeMin":13.7,"driveMin":5.1},"geometry":{"type":"Polygon","coordinates":[[[-118.19999999999983,34.42499999999996],[-118.17499999999983,34.42499999999996],[-118.17499999999983,34.44999999999996],[-118.19999999999983,34.44999999999996],[-118.19999999999983,34.42499999999996]]]}},{"type":"Feature","properties":{"nearestScore":90,"avg5Score":92.8,"nearestDist":4.55,"reachMin":54.6,"walkMin":54.6,"bikeMin":18.2,"driveMin":6.8},"geometry":{"type":"Polygon","coordinates":[[[-118.17499999999983,34.42499999999996],[-118.14999999999982,34.42499999999996],[-118.14999999999982,34.44999999999996],[-118.17499999999983,34.44999999999996],[-118.17499999999983,34.42499999999996]]]}},{"type":"Feature","properties":{"nearestScore":94,"avg5Score":92.4,"nearestDist":5.421,"reachMin":65.1,"walkMin":65.1,"bikeMin":21.7,"driveMin":8.1},"geometry":{"type":"Polygon","coordinates":[[[-118.14999999999982,34.42499999999996],[-118.12499999999982,34.42499999999996],[-118.12499999999982,34.44999999999996],[-118.14999999999982,34.44999999999996],[-118.14999999999982,34.42499999999996]]]}},{"type":"Feature","properties":{"nearestScore":94,"avg5Score":92.4,"nearestDist":6.845,"reachMin":82.1,"walkMin":82.1,"bikeMin":27.4,"driveMin":10.3},"geometry":{"type":"Polygon","coordinates":[[[-118.12499999999982,34.42499999999996],[-118.09999999999981,34.42499999999996],[-118.09999999999981,34.44999999999996],[-118.12499999999982,34.44999999999996],[-118.12499999999982,34.42499999999996]]]}},{"type":"Feature","properties":{"nearestScore":94,"avg5Score":92.4,"nearestDist":8.65,"reachMin":103.8,"walkMin":103.8,"bikeMin":34.6,"driveMin":13.0},"geometry":{"type":"Polygon","coordinates":[[[-118.09999999999981,34.42499999999996],[-118.0749999999998,34.42499999999996],[-118.0749999999998,34.44999999999996],[-118.09999999999981,34.44999999999996],[-118.09999999999981,34.42499999999996]]]}},{"type":"Feature","properties":{"nearestScore":94,"avg5Score":93.2,"nearestDist":10.645,"reachMin":127.7,"walkMin":127.7,"bikeMin":42.6,"driveMin":16.0},"geometry":{"type":"Polygon","coordinates":[[[-118.0749999999998,34.42499999999996],[-118.0499999999998,34.42499999999996],[-118.0499999999998,34.44999999999996],[-118.0749999999998,34.44999999999996],[-118.0749999999998,34.42499999999996]]]}},{"type":"Feature","properties":{"nearestScore":94,"avg5Score":93.6,"nearestDist":10.131,"reachMin":121.6,"walkMin":121.6,"bikeMin":40.5,"driveMin":15.2},"geometry":{"type":"Polygon","coordinates":[[[-118.0499999999998,34.42499999999996],[-118.02499999999979,34.42499999999996],[-118.02499999999979,34.44999999999996],[-118.0499999999998,34.44999999999996],[-118.0499999999998,34.42499999999996]]]}},{"type":"Feature","properties":{"nearestScore":94,"avg5Score":93.6,"nearestDist":9.45,"reachMin":113.4,"walkMin":113.4,"bikeMin":37.8,"driveMin":14.2},"geometry":{"type":"Polygon","coordinates":[[[-118.02499999999979,34.42499999999996],[-117.99999999999979,34.42499999999996],[-117.99999999999979,34.44999999999996],[-118.02499999999979,34.44999999999996],[-118.02499999999979,34.42499999999996]]]}},{"type":"Feature","properties":{"nearestScore":93,"avg5Score":93.6,"nearestDist":9.296,"reachMin":111.6,"walkMin":111.6,"bikeMin":37.2,"driveMin":13.9},"geometry":{"type":"Polygon","coordinates":[[[-117.99999999999979,34.42499999999996],[-117.97499999999978,34.42499999999996],[-117.97499999999978,34.44999999999996],[-117.99999999999979,34.44999999999996],[-117.99999999999979,34.42499999999996]]]}},{"type":"Feature","properties":{"nearestScore":91,"avg5Score":93.0,"nearestDist":9.355,"reachMin":112.3,"walkMin":112.3,"bikeMin":37.4,"driveMin":14.0},"geometry":{"type":"Polygon","coordinates":[[[-117.97499999999978,34.42499999999996],[-117.94999999999978,34.42499999999996],[-117.94999999999978,34.44999999999996],[-117.97499999999978,34.44999999999996],[-117.97499999999978,34.42499999999996]]]}},{"type":"Feature","properties":{"nearestScore":93,"avg5Score":93.0,"nearestDist":8.323,"reachMin":99.9,"walkMin":99.9,"bikeMin":33.3,"driveMin":12.5},"geometry":{"type":"Polygon","coordinates":[[[-117.94999999999978,34.42499999999996],[-117.92499999999977,34.42499999999996],[-117.92499999999977,34.44999999999996],[-117.94999999999978,34.44999999999996],[-117.94999999999978,34.42499999999996]]]}},{"type":"Feature","properties":{"nearestScore":93,"avg5Score":93.0,"nearestDist":7.721,"reachMin":92.7,"walkMin":92.7,"bikeMin":30.9,"driveMin":11.6},"geometry":{"type":"Polygon","coordinates":[[[-117.92499999999977,34.42499999999996],[-117.89999999999976,34.42499999999996],[-117.89999999999976,34.44999999999996],[-117.92499999999977,34.44999999999996],[-117.92499999999977,34.42499999999996]]]}},{"type":"Feature","properties":{"nearestScore":93,"avg5Score":93.0,"nearestDist":7.776,"reachMin":93.3,"walkMin":93.3,"bikeMin":31.1,"driveMin":11.7},"geometry":{"type":"Polygon","coordinates":[[[-117.89999999999976,34.42499999999996],[-117.87499999999976,34.42499999999996],[-117.87499999999976,34.44999999999996],[-117.89999999999976,34.44999999999996],[-117.89999999999976,34.42499999999996]]]}},{"type":"Feature","properties":{"nearestScore":93,"avg5Score":96.0,"nearestDist":8.475,"reachMin":101.7,"walkMin":101.7,"bikeMin":33.9,"driveMin":12.7},"geometry":{"type":"Polygon","coordinates":[[[-117.87499999999976,34.42499999999996],[-117.84999999999975,34.42499999999996],[-117.84999999999975,34.44999999999996],[-117.87499999999976,34.44999999999996],[-117.87499999999976,34.42499999999996]]]}},{"type":"Feature","properties":{"nearestScore":93,"avg5Score":96.0,"nearestDist":9.679,"reachMin":116.1,"walkMin":116.1,"bikeMin":38.7,"driveMin":14.5},"geometry":{"type":"Polygon","coordinates":[[[-117.84999999999975,34.42499999999996],[-117.82499999999975,34.42499999999996],[-117.82499999999975,34.44999999999996],[-117.84999999999975,34.44999999999996],[-117.84999999999975,34.42499999999996]]]}},{"type":"Feature","properties":{"nearestScore":100,"avg5Score":96.0,"nearestDist":9.335,"reachMin":112.0,"walkMin":112.0,"bikeMin":37.3,"driveMin":14.0},"geometry":{"type":"Polygon","coordinates":[[[-117.82499999999975,34.42499999999996],[-117.79999999999974,34.42499999999996],[-117.79999999999974,34.44999999999996],[-117.82499999999975,34.44999999999996],[-117.82499999999975,34.42499999999996]]]}},{"type":"Feature","properties":{"nearestScore":98,"avg5Score":97.0,"nearestDist":7.245,"reachMin":86.9,"walkMin":86.9,"bikeMin":29.0,"driveMin":10.9},"geometry":{"type":"Polygon","coordinates":[[[-117.79999999999974,34.42499999999996],[-117.77499999999974,34.42499999999996],[-117.77499999999974,34.44999999999996],[-117.79999999999974,34.44999999999996],[-117.79999999999974,34.42499999999996]]]}},{"type":"Feature","properties":{"nearestScore":98,"avg5Score":97.0,"nearestDist":5.004,"reachMin":60.0,"walkMin":60.0,"bikeMin":20.0,"driveMin":7.5},"geometry":{"type":"Polygon","coordinates":[[[-117.77499999999974,34.42499999999996],[-117.74999999999973,34.42499999999996],[-117.74999999999973,34.44999999999996],[-117.77499999999974,34.44999999999996],[-117.77499999999974,34.42499999999996]]]}},{"type":"Feature","properties":{"nearestScore":98,"avg5Score":97.0,"nearestDist":2.849,"reachMin":34.2,"walkMin":34.2,"bikeMin":11.4,"driveMin":4.3},"geometry":{"type":"Polygon","coordinates":[[[-117.74999999999973,34.42499999999996],[-117.72499999999972,34.42499999999996],[-117.72499999999972,34.44999999999996],[-117.74999999999973,34.44999999999996],[-117.74999999999973,34.42499999999996]]]}},{"type":"Feature","properties":{"nearestScore":98,"avg5Score":97.0,"nearestDist":1.305,"reachMin":15.7,"walkMin":15.7,"bikeMin":5.2,"driveMin":2.0},"geometry":{"type":"Polygon","coordinates":[[[-117.72499999999972,34.42499999999996],[-117.69999999999972,34.42499999999996],[-117.69999999999972,34.44999999999996],[-117.72499999999972,34.44999999999996],[-117.72499999999972,34.42499999999996]]]}},{"type":"Feature","properties":{"nearestScore":98,"avg5Score":97.0,"nearestDist":2.409,"reachMin":28.9,"walkMin":28.9,"bikeMin":9.6,"driveMin":3.6},"geometry":{"type":"Polygon","coordinates":[[[-117.69999999999972,34.42499999999996],[-117.67499999999971,34.42499999999996],[-117.67499999999971,34.44999999999996],[-117.69999999999972,34.44999999999996],[-117.69999999999972,34.42499999999996]]]}},{"type":"Feature","properties":{"nearestScore":98,"avg5Score":97.0,"nearestDist":4.519,"reachMin":54.2,"walkMin":54.2,"bikeMin":18.1,"driveMin":6.8},"geometry":{"type":"Polygon","coordinates":[[[-117.67499999999971,34.42499999999996],[-117.64999999999971,34.42499999999996],[-117.64999999999971,34.44999999999996],[-117.67499999999971,34.44999999999996],[-117.67499999999971,34.42499999999996]]]}},{"type":"Feature","properties":{"nearestScore":99,"avg5Score":95.6,"nearestDist":25.082,"reachMin":301.0,"walkMin":301.0,"bikeMin":100.3,"driveMin":37.6},"geometry":{"type":"Polygon","coordinates":[[[-118.95,34.44999999999996],[-118.925,34.44999999999996],[-118.925,34.47499999999996],[-118.95,34.47499999999996],[-118.95,34.44999999999996]]]}},{"type":"Feature","properties":{"nearestScore":99,"avg5Score":94.4,"nearestDist":23.294,"reachMin":279.5,"walkMin":279.5,"bikeMin":93.2,"driveMin":34.9},"geometry":{"type":"Polygon","coordinates":[[[-118.925,34.44999999999996],[-118.89999999999999,34.44999999999996],[-118.89999999999999,34.47499999999996],[-118.925,34.47499999999996],[-118.925,34.44999999999996]]]}},{"type":"Feature","properties":{"nearestScore":99,"avg5Score":94.4,"nearestDist":21.599,"reachMin":259.2,"walkMin":259.2,"bikeMin":86.4,"driveMin":32.4},"geometry":{"type":"Polygon","coordinates":[[[-118.89999999999999,34.44999999999996],[-118.87499999999999,34.44999999999996],[-118.87499999999999,34.47499999999996],[-118.89999999999999,34.47499999999996],[-118.89999999999999,34.44999999999996]]]}},{"type":"Feature","properties":{"nearestScore":99,"avg5Score":94.4,"nearestDist":20.024,"reachMin":240.3,"walkMin":240.3,"bikeMin":80.1,"driveMin":30.0},"geometry":{"type":"Polygon","coordinates":[[[-118.87499999999999,34.44999999999996],[-118.84999999999998,34.44999999999996],[-118.84999999999998,34.47499999999996],[-118.87499999999999,34.47499999999996],[-118.87499999999999,34.44999999999996]]]}},{"type":"Feature","properties":{"nearestScore":99,"avg5Score":94.4,"nearestDist":18.598,"reachMin":223.2,"walkMin":223.2,"bikeMin":74.4,"driveMin":27.9},"geometry":{"type":"Polygon","coordinates":[[[-118.84999999999998,34.44999999999996],[-118.82499999999997,34.44999999999996],[-118.82499999999997,34.47499999999996],[-118.84999999999998,34.47499999999996],[-118.84999999999998,34.44999999999996]]]}},{"type":"Feature","properties":{"nearestScore":96,"avg5Score":94.4,"nearestDist":17.205,"reachMin":206.5,"walkMin":206.5,"bikeMin":68.8,"driveMin":25.8},"geometry":{"type":"Polygon","coordinates":[[[-118.82499999999997,34.44999999999996],[-118.79999999999997,34.44999999999996],[-118.79999999999997,34.47499999999996],[-118.82499999999997,34.47499999999996],[-118.82499999999997,34.44999999999996]]]}},{"type":"Feature","properties":{"nearestScore":96,"avg5Score":94.2,"nearestDist":14.92,"reachMin":179.0,"walkMin":179.0,"bikeMin":59.7,"driveMin":22.4},"geometry":{"type":"Polygon","coordinates":[[[-118.79999999999997,34.44999999999996],[-118.77499999999996,34.44999999999996],[-118.77499999999996,34.47499999999996],[-118.79999999999997,34.47499999999996],[-118.79999999999997,34.44999999999996]]]}},{"type":"Feature","properties":{"nearestScore":96,"avg5Score":94.0,"nearestDist":12.638,"reachMin":151.7,"walkMin":151.7,"bikeMin":50.6,"driveMin":19.0},"geometry":{"type":"Polygon","coordinates":[[[-118.77499999999996,34.44999999999996],[-118.74999999999996,34.44999999999996],[-118.74999999999996,34.47499999999996],[-118.77499999999996,34.47499999999996],[-118.77499999999996,34.44999999999996]]]}},{"type":"Feature","properties":{"nearestScore":96,"avg5Score":94.0,"nearestDist":10.36,"reachMin":124.3,"walkMin":124.3,"bikeMin":41.4,"driveMin":15.5},"geometry":{"type":"Polygon","coordinates":[[[-118.74999999999996,34.44999999999996],[-118.72499999999995,34.44999999999996],[-118.72499999999995,34.47499999999996],[-118.74999999999996,34.47499999999996],[-118.74999999999996,34.44999999999996]]]}},{"type":"Feature","properties":{"nearestScore":96,"avg5Score":94.0,"nearestDist":8.09,"reachMin":97.1,"walkMin":97.1,"bikeMin":32.4,"driveMin":12.1},"geometry":{"type":"Polygon","coordinates":[[[-118.72499999999995,34.44999999999996],[-118.69999999999995,34.44999999999996],[-118.69999999999995,34.47499999999996],[-118.72499999999995,34.47499999999996],[-118.72499999999995,34.44999999999996]]]}},{"type":"Feature","properties":{"nearestScore":96,"avg5Score":94.0,"nearestDist":5.838,"reachMin":70.1,"walkMin":70.1,"bikeMin":23.4,"driveMin":8.8},"geometry":{"type":"Polygon","coordinates":[[[-118.69999999999995,34.44999999999996],[-118.67499999999994,34.44999999999996],[-118.67499999999994,34.47499999999996],[-118.69999999999995,34.47499999999996],[-118.69999999999995,34.44999999999996]]]}},{"type":"Feature","properties":{"nearestScore":96,"avg5Score":94.0,"nearestDist":3.636,"reachMin":43.6,"walkMin":43.6,"bikeMin":14.5,"driveMin":5.5},"geometry":{"type":"Polygon","coordinates":[[[-118.67499999999994,34.44999999999996],[-118.64999999999993,34.44999999999996],[-118.64999999999993,34.47499999999996],[-118.67499999999994,34.47499999999996],[-118.67499999999994,34.44999999999996]]]}},{"type":"Feature","properties":{"nearestScore":90,"avg5Score":92.8,"nearestDist":1.668,"reachMin":20.0,"walkMin":20.0,"bikeMin":6.7,"driveMin":2.5},"geometry":{"type":"Polygon","coordinates":[[[-118.64999999999993,34.44999999999996],[-118.62499999999993,34.44999999999996],[-118.62499999999993,34.47499999999996],[-118.64999999999993,34.47499999999996],[-118.64999999999993,34.44999999999996]]]}},{"type":"Feature","properties":{"nearestScore":92,"avg5Score":92.8,"nearestDist":1.084,"reachMin":13.0,"walkMin":13.0,"bikeMin":4.3,"driveMin":1.6},"geometry":{"type":"Polygon","coordinates":[[[-118.62499999999993,34.44999999999996],[-118.59999999999992,34.44999999999996],[-118.59999999999992,34.47499999999996],[-118.62499999999993,34.47499999999996],[-118.62499999999993,34.44999999999996]]]}},{"type":"Feature","properties":{"nearestScore":97,"avg5Score":93.4,"nearestDist":1.808,"reachMin":21.7,"walkMin":21.7,"bikeMin":7.2,"driveMin":2.7},"geometry":{"type":"Polygon","coordinates":[[[-118.59999999999992,34.44999999999996],[-118.57499999999992,34.44999999999996],[-118.57499999999992,34.47499999999996],[-118.59999999999992,34.47499999999996],[-118.59999999999992,34.44999999999996]]]}},{"type":"Feature","properties":{"nearestScore":91,"avg5Score":90.0,"nearestDist":0.163,"reachMin":2.0,"walkMin":2.0,"bikeMin":0.7,"driveMin":0.2},"geometry":{"type":"Polygon","coordinates":[[[-118.57499999999992,34.44999999999996],[-118.54999999999991,34.44999999999996],[-118.54999999999991,34.47499999999996],[-118.57499999999992,34.47499999999996],[-118.57499999999992,34.44999999999996]]]}},{"type":"Feature","properties":{"nearestScore":92,"avg5Score":91.8,"nearestDist":0.3,"reachMin":3.6,"walkMin":3.6,"bikeMin":1.2,"driveMin":0.4},"geometry":{"type":"Polygon","coordinates":[[[-118.54999999999991,34.44999999999996],[-118.5249999999999,34.44999999999996],[-118.5249999999999,34.47499999999996],[-118.54999999999991,34.47499999999996],[-118.54999999999991,34.44999999999996]]]}},{"type":"Feature","properties":{"nearestScore":91,"avg5Score":86.6,"nearestDist":0.179,"reachMin":2.1,"walkMin":2.1,"bikeMin":0.7,"driveMin":0.3},"geometry":{"type":"Polygon","coordinates":[[[-118.5249999999999,34.44999999999996],[-118.4999999999999,34.44999999999996],[-118.4999999999999,34.47499999999996],[-118.5249999999999,34.47499999999996],[-118.5249999999999,34.44999999999996]]]}},{"type":"Feature","properties":{"nearestScore":83,"avg5Score":87.6,"nearestDist":1.354,"reachMin":16.2,"walkMin":16.2,"bikeMin":5.4,"driveMin":2.0},"geometry":{"type":"Polygon","coordinates":[[[-118.4999999999999,34.44999999999996],[-118.4749999999999,34.44999999999996],[-118.4749999999999,34.47499999999996],[-118.4999999999999,34.47499999999996],[-118.4999999999999,34.44999999999996]]]}},{"type":"Feature","properties":{"nearestScore":90,"avg5Score":93.8,"nearestDist":2.034,"reachMin":24.4,"walkMin":24.4,"bikeMin":8.1,"driveMin":3.1},"geometry":{"type":"Polygon","coordinates":[[[-118.4749999999999,34.44999999999996],[-118.44999999999989,34.44999999999996],[-118.44999999999989,34.47499999999996],[-118.4749999999999,34.47499999999996],[-118.4749999999999,34.44999999999996]]]}},{"type":"Feature","properties":{"nearestScore":92,"avg5Score":92.2,"nearestDist":1.837,"reachMin":22.0,"walkMin":22.0,"bikeMin":7.3,"driveMin":2.8},"geometry":{"type":"Polygon","coordinates":[[[-118.44999999999989,34.44999999999996],[-118.42499999999988,34.44999999999996],[-118.42499999999988,34.47499999999996],[-118.44999999999989,34.47499999999996],[-118.44999999999989,34.44999999999996]]]}},{"type":"Feature","properties":{"nearestScore":99,"avg5Score":93.4,"nearestDist":0.611,"reachMin":7.3,"walkMin":7.3,"bikeMin":2.4,"driveMin":0.9},"geometry":{"type":"Polygon","coordinates":[[[-118.42499999999988,34.44999999999996],[-118.39999999999988,34.44999999999996],[-118.39999999999988,34.47499999999996],[-118.42499999999988,34.47499999999996],[-118.42499999999988,34.44999999999996]]]}},{"type":"Feature","properties":{"nearestScore":84,"avg5Score":93.6,"nearestDist":1.738,"reachMin":20.9,"walkMin":20.9,"bikeMin":7.0,"driveMin":2.6},"geometry":{"type":"Polygon","coordinates":[[[-118.39999999999988,34.44999999999996],[-118.37499999999987,34.44999999999996],[-118.37499999999987,34.47499999999996],[-118.39999999999988,34.47499999999996],[-118.39999999999988,34.44999999999996]]]}},{"type":"Feature","properties":{"nearestScore":95,"avg5Score":90.8,"nearestDist":3.075,"reachMin":36.9,"walkMin":36.9,"bikeMin":12.3,"driveMin":4.6},"geometry":{"type":"Polygon","coordinates":[[[-118.37499999999987,34.44999999999996],[-118.34999999999987,34.44999999999996],[-118.34999999999987,34.47499999999996],[-118.37499999999987,34.47499999999996],[-118.37499999999987,34.44999999999996]]]}},{"type":"Feature","properties":{"nearestScore":93,"avg5Score":91.0,"nearestDist":3.71,"reachMin":44.5,"walkMin":44.5,"bikeMin":14.8,"driveMin":5.6},"geometry":{"type":"Polygon","coordinates":[[[-118.34999999999987,34.44999999999996],[-118.32499999999986,34.44999999999996],[-118.32499999999986,34.47499999999996],[-118.34999999999987,34.47499999999996],[-118.34999999999987,34.44999999999996]]]}},{"type":"Feature","properties":{"nearestScore":93,"avg5Score":91.0,"nearestDist":3.774,"reachMin":45.3,"walkMin":45.3,"bikeMin":15.1,"driveMin":5.7},"geometry":{"type":"Polygon","coordinates":[[[-118.32499999999986,34.44999999999996],[-118.29999999999986,34.44999999999996],[-118.29999999999986,34.47499999999996],[-118.32499999999986,34.47499999999996],[-118.32499999999986,34.44999999999996]]]}},{"type":"Feature","properties":{"nearestScore":93,"avg5Score":91.0,"nearestDist":5.022,"reachMin":60.3,"walkMin":60.3,"bikeMin":20.1,"driveMin":7.5},"geometry":{"type":"Polygon","coordinates":[[[-118.29999999999986,34.44999999999996],[-118.27499999999985,34.44999999999996],[-118.27499999999985,34.47499999999996],[-118.29999999999986,34.47499999999996],[-118.29999999999986,34.44999999999996]]]}},{"type":"Feature","properties":{"nearestScore":94,"avg5Score":92.6,"nearestDist":6.024,"reachMin":72.3,"walkMin":72.3,"bikeMin":24.1,"driveMin":9.0},"geometry":{"type":"Polygon","coordinates":[[[-118.27499999999985,34.44999999999996],[-118.24999999999984,34.44999999999996],[-118.24999999999984,34.47499999999996],[-118.27499999999985,34.47499999999996],[-118.27499999999985,34.44999999999996]]]}},{"type":"Feature","properties":{"nearestScore":94,"avg5Score":92.6,"nearestDist":3.747,"reachMin":45.0,"walkMin":45.0,"bikeMin":15.0,"driveMin":5.6},"geometry":{"type":"Polygon","coordinates":[[[-118.24999999999984,34.44999999999996],[-118.22499999999984,34.44999999999996],[-118.22499999999984,34.47499999999996],[-118.24999999999984,34.47499999999996],[-118.24999999999984,34.44999999999996]]]}},{"type":"Feature","properties":{"nearestScore":94,"avg5Score":92.6,"nearestDist":1.513,"reachMin":18.2,"walkMin":18.2,"bikeMin":6.1,"driveMin":2.3},"geometry":{"type":"Polygon","coordinates":[[[-118.22499999999984,34.44999999999996],[-118.19999999999983,34.44999999999996],[-118.19999999999983,34.47499999999996],[-118.22499999999984,34.47499999999996],[-118.22499999999984,34.44999999999996]]]}},{"type":"Feature","properties":{"nearestScore":90,"avg5Score":91.6,"nearestDist":0.959,"reachMin":11.5,"walkMin":11.5,"bikeMin":3.8,"driveMin":1.4},"geometry":{"type":"Polygon","coordinates":[[[-118.19999999999983,34.44999999999996],[-118.17499999999983,34.44999999999996],[-118.17499999999983,34.47499999999996],[-118.19999999999983,34.47499999999996],[-118.19999999999983,34.44999999999996]]]}},{"type":"Feature","properties":{"nearestScore":94,"avg5Score":92.4,"nearestDist":1.977,"reachMin":23.7,"walkMin":23.7,"bikeMin":7.9,"driveMin":3.0},"geometry":{"type":"Polygon","coordinates":[[[-118.17499999999983,34.44999999999996],[-118.14999999999982,34.44999999999996],[-118.14999999999982,34.47499999999996],[-118.17499999999983,34.47499999999996],[-118.17499999999983,34.44999999999996]]]}},{"type":"Feature","properties":{"nearestScore":94,"avg5Score":92.4,"nearestDist":3.296,"reachMin":39.6,"walkMin":39.6,"bikeMin":13.2,"driveMin":4.9},"geometry":{"type":"Polygon","coordinates":[[[-118.14999999999982,34.44999999999996],[-118.12499999999982,34.44999999999996],[-118.12499999999982,34.47499999999996],[-118.14999999999982,34.47499999999996],[-118.14999999999982,34.44999999999996]]]}},{"type":"Feature","properties":{"nearestScore":94,"avg5Score":92.4,"nearestDist":5.322,"reachMin":63.9,"walkMin":63.9,"bikeMin":21.3,"driveMin":8.0},"geometry":{"type":"Polygon","coordinates":[[[-118.12499999999982,34.44999999999996],[-118.09999999999981,34.44999999999996],[-118.09999999999981,34.47499999999996],[-118.12499999999982,34.47499999999996],[-118.12499999999982,34.44999999999996]]]}},{"type":"Feature","properties":{"nearestScore":94,"avg5Score":92.4,"nearestDist":7.45,"reachMin":89.4,"walkMin":89.4,"bikeMin":29.8,"driveMin":11.2},"geometry":{"type":"Polygon","coordinates":[[[-118.09999999999981,34.44999999999996],[-118.0749999999998,34.44999999999996],[-118.0749999999998,34.47499999999996],[-118.09999999999981,34.47499999999996],[-118.09999999999981,34.44999999999996]]]}},{"type":"Feature","properties":{"nearestScore":94,"avg5Score":93.4,"nearestDist":9.086,"reachMin":109.0,"walkMin":109.0,"bikeMin":36.3,"driveMin":13.6},"geometry":{"type":"Polygon","coordinates":[[[-118.0749999999998,34.44999999999996],[-118.0499999999998,34.44999999999996],[-118.0499999999998,34.47499999999996],[-118.0749999999998,34.47499999999996],[-118.0749999999998,34.44999999999996]]]}},{"type":"Feature","properties":{"nearestScore":94,"avg5Score":93.6,"nearestDist":7.664,"reachMin":92.0,"walkMin":92.0,"bikeMin":30.7,"driveMin":11.5},"geometry":{"type":"Polygon","coordinates":[[[-118.0499999999998,34.44999999999996],[-118.02499999999979,34.44999999999996],[-118.02499999999979,34.47499999999996],[-118.0499999999998,34.47499999999996],[-118.0499999999998,34.44999999999996]]]}},{"type":"Feature","properties":{"nearestScore":94,"avg5Score":93.6,"nearestDist":6.739,"reachMin":80.9,"walkMin":80.9,"bikeMin":27.0,"driveMin":10.1},"geometry":{"type":"Polygon","coordinates":[[[-118.02499999999979,34.44999999999996],[-117.99999999999979,34.44999999999996],[-117.99999999999979,34.47499999999996],[-118.02499999999979,34.47499999999996],[-118.02499999999979,34.44999999999996]]]}},{"type":"Feature","properties":{"nearestScore":93,"avg5Score":93.6,"nearestDist":6.52,"reachMin":78.2,"walkMin":78.2,"bikeMin":26.1,"driveMin":9.8},"geometry":{"type":"Polygon","coordinates":[[[-117.99999999999979,34.44999999999996],[-117.97499999999978,34.44999999999996],[-117.97499999999978,34.47499999999996],[-117.99999999999979,34.47499999999996],[-117.99999999999979,34.44999999999996]]]}},{"type":"Feature","properties":{"nearestScore":91,"avg5Score":93.4,"nearestDist":6.596,"reachMin":79.2,"walkMin":79.2,"bikeMin":26.4,"driveMin":9.9},"geometry":{"type":"Polygon","coordinates":[[[-117.97499999999978,34.44999999999996],[-117.94999999999978,34.44999999999996],[-117.94999999999978,34.47499999999996],[-117.97499999999978,34.47499999999996],[-117.97499999999978,34.44999999999996]]]}},{"type":"Feature","properties":{"nearestScore":93,"avg5Score":93.0,"nearestDist":5.865,"reachMin":70.4,"walkMin":70.4,"bikeMin":23.5,"driveMin":8.8},"geometry":{"type":"Polygon","coordinates":[[[-117.94999999999978,34.44999999999996],[-117.92499999999977,34.44999999999996],[-117.92499999999977,34.47499999999996],[-117.94999999999978,34.47499999999996],[-117.94999999999978,34.44999999999996]]]}},{"type":"Feature","properties":{"nearestScore":93,"avg5Score":93.0,"nearestDist":4.975,"reachMin":59.7,"walkMin":59.7,"bikeMin":19.9,"driveMin":7.5},"geometry":{"type":"Polygon","coordinates":[[[-117.92499999999977,34.44999999999996],[-117.89999999999976,34.44999999999996],[-117.89999999999976,34.47499999999996],[-117.92499999999977,34.47499999999996],[-117.92499999999977,34.44999999999996]]]}},{"type":"Feature","properties":{"nearestScore":93,"avg5Score":93.0,"nearestDist":5.06,"reachMin":60.7,"walkMin":60.7,"bikeMin":20.2,"driveMin":7.6},"geometry":{"type":"Polygon","coordinates":[[[-117.89999999999976,34.44999999999996],[-117.87499999999976,34.44999999999996],[-117.87499999999976,34.47499999999996],[-117.89999999999976,34.47499999999996],[-117.89999999999976,34.44999999999996]]]}},{"type":"Feature","properties":{"nearestScore":93,"avg5Score":93.0,"nearestDist":6.079,"reachMin":72.9,"walkMin":72.9,"bikeMin":24.3,"driveMin":9.1},"geometry":{"type":"Polygon","coordinates":[[[-117.87499999999976,34.44999999999996],[-117.84999999999975,34.44999999999996],[-117.84999999999975,34.47499999999996],[-117.87499999999976,34.47499999999996],[-117.87499999999976,34.44999999999996]]]}},{"type":"Feature","properties":{"nearestScore":93,"avg5Score":96.0,"nearestDist":7.668,"reachMin":92.0,"walkMin":92.0,"bikeMin":30.7,"driveMin":11.5},"geometry":{"type":"Polygon","coordinates":[[[-117.84999999999975,34.44999999999996],[-117.82499999999975,34.44999999999996],[-117.82499999999975,34.47499999999996],[-117.84999999999975,34.47499999999996],[-117.84999999999975,34.44999999999996]]]}},{"type":"Feature","properties":{"nearestScore":93,"avg5Score":97.0,"nearestDist":9.548,"reachMin":114.6,"walkMin":114.6,"bikeMin":38.2,"driveMin":14.3},"geometry":{"type":"Polygon","coordinates":[[[-117.82499999999975,34.44999999999996],[-117.79999999999974,34.44999999999996],[-117.79999999999974,34.47499999999996],[-117.82499999999975,34.47499999999996],[-117.82499999999975,34.44999999999996]]]}},{"type":"Feature","properties":{"nearestScore":98,"avg5Score":97.0,"nearestDist":8.204,"reachMin":98.4,"walkMin":98.4,"bikeMin":32.8,"driveMin":12.3},"geometry":{"type":"Polygon","coordinates":[[[-117.79999999999974,34.44999999999996],[-117.77499999999974,34.44999999999996],[-117.77499999999974,34.47499999999996],[-117.79999999999974,34.47499999999996],[-117.79999999999974,34.44999999999996]]]}},{"type":"Feature","properties":{"nearestScore":98,"avg5Score":97.0,"nearestDist":6.315,"reachMin":75.8,"walkMin":75.8,"bikeMin":25.3,"driveMin":9.5},"geometry":{"type":"Polygon","coordinates":[[[-117.77499999999974,34.44999999999996],[-117.74999999999973,34.44999999999996],[-117.74999999999973,34.47499999999996],[-117.77499999999974,34.47499999999996],[-117.77499999999974,34.44999999999996]]]}},{"type":"Feature","properties":{"nearestScore":98,"avg5Score":97.0,"nearestDist":4.792,"reachMin":57.5,"walkMin":57.5,"bikeMin":19.2,"driveMin":7.2},"geometry":{"type":"Polygon","coordinates":[[[-117.74999999999973,34.44999999999996],[-117.72499999999972,34.44999999999996],[-117.72499999999972,34.47499999999996],[-117.74999999999973,34.47499999999996],[-117.74999999999973,34.44999999999996]]]}},{"type":"Feature","properties":{"nearestScore":98,"avg5Score":97.0,"nearestDist":4.068,"reachMin":48.8,"walkMin":48.8,"bikeMin":16.3,"driveMin":6.1},"geometry":{"type":"Polygon","coordinates":[[[-117.72499999999972,34.44999999999996],[-117.69999999999972,34.44999999999996],[-117.69999999999972,34.47499999999996],[-117.72499999999972,34.47499999999996],[-117.72499999999972,34.44999999999996]]]}},{"type":"Feature","properties":{"nearestScore":98,"avg5Score":97.0,"nearestDist":4.544,"reachMin":54.5,"walkMin":54.5,"bikeMin":18.2,"driveMin":6.8},"geometry":{"type":"Polygon","coordinates":[[[-117.69999999999972,34.44999999999996],[-117.67499999999971,34.44999999999996],[-117.67499999999971,34.47499999999996],[-117.69999999999972,34.47499999999996],[-117.69999999999972,34.44999999999996]]]}},{"type":"Feature","properties":{"nearestScore":98,"avg5Score":98.0,"nearestDist":5.938,"reachMin":71.3,"walkMin":71.3,"bikeMin":23.8,"driveMin":8.9},"geometry":{"type":"Polygon","coordinates":[[[-117.67499999999971,34.44999999999996],[-117.64999999999971,34.44999999999996],[-117.64999999999971,34.47499999999996],[-117.67499999999971,34.47499999999996],[-117.67499999999971,34.44999999999996]]]}},{"type":"Feature","properties":{"nearestScore":99,"avg5Score":96.2,"nearestDist":23.513,"reachMin":282.2,"walkMin":282.2,"bikeMin":94.1,"driveMin":35.3},"geometry":{"type":"Polygon","coordinates":[[[-118.95,34.47499999999996],[-118.925,34.47499999999996],[-118.925,34.49999999999996],[-118.95,34.49999999999996],[-118.95,34.47499999999996]]]}},{"type":"Feature","properties":{"nearestScore":99,"avg5Score":96.2,"nearestDist":21.595,"reachMin":259.1,"walkMin":259.1,"bikeMin":86.4,"driveMin":32.4},"geometry":{"type":"Polygon","coordinates":[[[-118.925,34.47499999999996],[-118.89999999999999,34.47499999999996],[-118.89999999999999,34.49999999999996],[-118.925,34.49999999999996],[-118.925,34.47499999999996]]]}},{"type":"Feature","properties":{"nearestScore":99,"avg5Score":96.2,"nearestDist":19.757,"reachMin":237.1,"walkMin":237.1,"bikeMin":79.0,"driveMin":29.6},"geometry":{"type":"Polygon","coordinates":[[[-118.89999999999999,34.47499999999996],[-118.87499999999999,34.47499999999996],[-118.87499999999999,34.49999999999996],[-118.89999999999999,34.49999999999996],[-118.89999999999999,34.47499999999996]]]}},{"type":"Feature","properties":{"nearestScore":99,"avg5Score":96.2,"nearestDist":18.022,"reachMin":216.3,"walkMin":216.3,"bikeMin":72.1,"driveMin":27.0},"geometry":{"type":"Polygon","coordinates":[[[-118.87499999999999,34.47499999999996],[-118.84999999999998,34.47499999999996],[-118.84999999999998,34.49999999999996],[-118.87499999999999,34.49999999999996],[-118.87499999999999,34.47499999999996]]]}},{"type":"Feature","properties":{"nearestScore":99,"avg5Score":96.2,"nearestDist":16.423,"reachMin":197.1,"walkMin":197.1,"bikeMin":65.7,"driveMin":24.6},"geometry":{"type":"Polygon","coordinates":[[[-118.84999999999998,34.47499999999996],[-118.82499999999997,34.47499999999996],[-118.82499999999997,34.49999999999996],[-118.84999999999998,34.49999999999996],[-118.84999999999998,34.47499999999996]]]}},{"type":"Feature","properties":{"nearestScore":99,"avg5Score":96.6,"nearestDist":15.005,"reachMin":180.1,"walkMin":180.1,"bikeMin":60.0,"driveMin":22.5},"geometry":{"type":"Polygon","coordinates":[[[-118.82499999999997,34.47499999999996],[-118.79999999999997,34.47499999999996],[-118.79999999999997,34.49999999999996],[-118.82499999999997,34.49999999999996],[-118.82499999999997,34.47499999999996]]]}},{"type":"Feature","properties":{"nearestScore":99,"avg5Score":96.6,"nearestDist":13.823,"reachMin":165.9,"walkMin":165.9,"bikeMin":55.3,"driveMin":20.7},"geometry":{"type":"Polygon","coordinates":[[[-118.79999999999997,34.47499999999996],[-118.77499999999996,34.47499999999996],[-118.77499999999996,34.49999999999996],[-118.79999999999997,34.49999999999996],[-118.79999999999997,34.47499999999996]]]}},{"type":"Feature","properties":{"nearestScore":98,"avg5Score":95.8,"nearestDist":12.491,"reachMin":149.9,"walkMin":149.9,"bikeMin":50.0,"driveMin":18.7},"geometry":{"type":"Polygon","coordinates":[[[-118.77499999999996,34.47499999999996],[-118.74999999999996,34.47499999999996],[-118.74999999999996,34.49999999999996],[-118.77499999999996,34.49999999999996],[-118.77499999999996,34.47499999999996]]]}},{"type":"Feature","properties":{"nearestScore":98,"avg5Score":95.8,"nearestDist":10.217,"reachMin":122.6,"walkMin":122.6,"bikeMin":40.9,"driveMin":15.3},"geometry":{"type":"Polygon","coordinates":[[[-118.74999999999996,34.47499999999996],[-118.72499999999995,34.47499999999996],[-118.72499999999995,34.49999999999996],[-118.74999999999996,34.49999999999996],[-118.74999999999996,34.47499999999996]]]}},{"type":"Feature","properties":{"nearestScore":92,"avg5Score":95.8,"nearestDist":7.952,"reachMin":95.4,"walkMin":95.4,"bikeMin":31.8,"driveMin":11.9},"geometry":{"type":"Polygon","coordinates":[[[-118.72499999999995,34.47499999999996],[-118.69999999999995,34.47499999999996],[-118.69999999999995,34.49999999999996],[-118.72499999999995,34.49999999999996],[-118.72499999999995,34.47499999999996]]]}},{"type":"Feature","properties":{"nearestScore":92,"avg5Score":95.8,"nearestDist":5.677,"reachMin":68.1,"walkMin":68.1,"bikeMin":22.7,"driveMin":8.5},"geometry":{"type":"Polygon","coordinates":[[[-118.69999999999995,34.47499999999996],[-118.67499999999994,34.47499999999996],[-118.67499999999994,34.49999999999996],[-118.69999999999995,34.49999999999996],[-118.69999999999995,34.47499999999996]]]}},{"type":"Feature","properties":{"nearestScore":92,"avg5Score":95.8,"nearestDist":3.423,"reachMin":41.1,"walkMin":41.1,"bikeMin":13.7,"driveMin":5.1},"geometry":{"type":"Polygon","coordinates":[[[-118.67499999999994,34.47499999999996],[-118.64999999999993,34.47499999999996],[-118.64999999999993,34.49999999999996],[-118.67499999999994,34.49999999999996],[-118.67499999999994,34.47499999999996]]]}},{"type":"Feature","properties":{"nearestScore":92,"avg5Score":96.2,"nearestDist":1.308,"reachMin":15.7,"walkMin":15.7,"bikeMin":5.2,"driveMin":2.0},"geometry":{"type":"Polygon","coordinates":[[[-118.64999999999993,34.47499999999996],[-118.62499999999993,34.47499999999996],[-118.62499999999993,34.49999999999996],[-118.64999999999993,34.49999999999996],[-118.64999999999993,34.47499999999996]]]}},{"type":"Feature","properties":{"nearestScore":97,"avg5Score":89.0,"nearestDist":0.442,"reachMin":5.3,"walkMin":5.3,"bikeMin":1.8,"driveMin":0.7},"geometry":{"type":"Polygon","coordinates":[[[-118.62499999999993,34.47499999999996],[-118.59999999999992,34.47499999999996],[-118.59999999999992,34.49999999999996],[-118.62499999999993,34.49999999999996],[-118.62499999999993,34.47499999999996]]]}},{"type":"Feature","properties":{"nearestScore":97,"avg5Score":89.0,"nearestDist":2.687,"reachMin":32.2,"walkMin":32.2,"bikeMin":10.7,"driveMin":4.0},"geometry":{"type":"Polygon","coordinates":[[[-118.59999999999992,34.47499999999996],[-118.57499999999992,34.47499999999996],[-118.57499999999992,34.49999999999996],[-118.59999999999992,34.49999999999996],[-118.59999999999992,34.47499999999996]]]}},{"type":"Feature","properties":{"nearestScore":94,"avg5Score":95.8,"nearestDist":2.757,"reachMin":33.1,"walkMin":33.1,"bikeMin":11.0,"driveMin":4.1},"geometry":{"type":"Polygon","coordinates":[[[-118.57499999999992,34.47499999999996],[-118.54999999999991,34.47499999999996],[-118.54999999999991,34.49999999999996],[-118.57499999999992,34.49999999999996],[-118.57499999999992,34.47499999999996]]]}},{"type":"Feature","properties":{"nearestScore":90,"avg5Score":91.4,"nearestDist":2.98,"reachMin":35.8,"walkMin":35.8,"bikeMin":11.9,"driveMin":4.5},"geometry":{"type":"Polygon","coordinates":[[[-118.54999999999991,34.47499999999996],[-118.5249999999999,34.47499999999996],[-118.5249999999999,34.49999999999996],[-118.54999999999991,34.49999999999996],[-118.54999999999991,34.47499999999996]]]}},{"type":"Feature","properties":{"nearestScore":91,"avg5Score":91.6,"nearestDist":2.946,"reachMin":35.4,"walkMin":35.4,"bikeMin":11.8,"driveMin":4.4},"geometry":{"type":"Polygon","coordinates":[[[-118.5249999999999,34.47499999999996],[-118.4999999999999,34.47499999999996],[-118.4999999999999,34.49999999999996],[-118.5249999999999,34.49999999999996],[-118.5249999999999,34.47499999999996]]]}},{"type":"Feature","properties":{"nearestScore":91,"avg5Score":89.2,"nearestDist":3.69,"reachMin":44.3,"walkMin":44.3,"bikeMin":14.8,"driveMin":5.5},"geometry":{"type":"Polygon","coordinates":[[[-118.4999999999999,34.47499999999996],[-118.4749999999999,34.47499999999996],[-118.4749999999999,34.49999999999996],[-118.4999999999999,34.49999999999996],[-118.4999999999999,34.47499999999996]]]}},{"type":"Feature","properties":{"nearestScore":90,"avg5Score":93.8,"nearestDist":4.629,"reachMin":55.5,"walkMin":55.5,"bikeMin":18.5,"driveMin":6.9},"geometry":{"type":"Polygon","coordinates":[[[-118.4749999999999,34.47499999999996],[-118.44999999999989,34.47499999999996],[-118.44999999999989,34.49999999999996],[-118.4749999999999,34.49999999999996],[-118.4749999999999,34.47499999999996]]]}},{"type":"Feature","properties":{"nearestScore":99,"avg5Score":91.8,"nearestDist":3.752,"reachMin":45.0,"walkMin":45.0,"bikeMin":15.0,"driveMin":5.6},"geometry":{"type":"Polygon","coordinates":[[[-118.44999999999989,34.47499999999996],[-118.42499999999988,34.47499999999996],[-118.42499999999988,34.49999999999996],[-118.44999999999989,34.49999999999996],[-118.44999999999989,34.47499999999996]]]}},{"type":"Feature","properties":{"nearestScore":84,"avg5Score":93.4,"nearestDist":2.512,"reachMin":30.1,"walkMin":30.1,"bikeMin":10.0,"driveMin":3.8},"geometry":{"type":"Polygon","coordinates":[[[-118.42499999999988,34.47499999999996],[-118.39999999999988,34.47499999999996],[-118.39999999999988,34.49999999999996],[-118.42499999999988,34.49999999999996],[-118.42499999999988,34.47499999999996]]]}},{"type":"Feature","properties":{"nearestScore":84,"avg5Score":91.2,"nearestDist":2.979,"reachMin":35.7,"walkMin":35.7,"bikeMin":11.9,"driveMin":4.5},"geometry":{"type":"Polygon","coordinates":[[[-118.39999999999988,34.47499999999996],[-118.37499999999987,34.47499999999996],[-118.37499999999987,34.49999999999996],[-118.39999999999988,34.49999999999996],[-118.39999999999988,34.47499999999996]]]}},{"type":"Feature","properties":{"nearestScore":94,"avg5Score":90.8,"nearestDist":2.658,"reachMin":31.9,"walkMin":31.9,"bikeMin":10.6,"driveMin":4.0},"geometry":{"type":"Polygon","coordinates":[[[-118.37499999999987,34.47499999999996],[-118.34999999999987,34.47499999999996],[-118.34999999999987,34.49999999999996],[-118.37499999999987,34.49999999999996],[-118.37499999999987,34.47499999999996]]]}},{"type":"Feature","properties":{"nearestScore":87,"avg5Score":90.8,"nearestDist":1.299,"reachMin":15.6,"walkMin":15.6,"bikeMin":5.2,"driveMin":1.9},"geometry":{"type":"Polygon","coordinates":[[[-118.34999999999987,34.47499999999996],[-118.32499999999986,34.47499999999996],[-118.32499999999986,34.49999999999996],[-118.34999999999987,34.49999999999996],[-118.34999999999987,34.47499999999996]]]}},{"type":"Feature","properties":{"nearestScore":93,"avg5Score":90.8,"nearestDist":1.474,"reachMin":17.7,"walkMin":17.7,"bikeMin":5.9,"driveMin":2.2},"geometry":{"type":"Polygon","coordinates":[[[-118.32499999999986,34.47499999999996],[-118.29999999999986,34.47499999999996],[-118.29999999999986,34.49999999999996],[-118.32499999999986,34.49999999999996],[-118.32499999999986,34.47499999999996]]]}},{"type":"Feature","properties":{"nearestScore":93,"avg5Score":90.8,"nearestDist":3.626,"reachMin":43.5,"walkMin":43.5,"bikeMin":14.5,"driveMin":5.4},"geometry":{"type":"Polygon","coordinates":[[[-118.29999999999986,34.47499999999996],[-118.27499999999985,34.47499999999996],[-118.27499999999985,34.49999999999996],[-118.29999999999986,34.49999999999996],[-118.29999999999986,34.47499999999996]]]}},{"type":"Feature","properties":{"nearestScore":93,"avg5Score":92.6,"nearestDist":5.476,"reachMin":65.7,"walkMin":65.7,"bikeMin":21.9,"driveMin":8.2},"geometry":{"type":"Polygon","coordinates":[[[-118.27499999999985,34.47499999999996],[-118.24999999999984,34.47499999999996],[-118.24999999999984,34.49999999999996],[-118.27499999999985,34.49999999999996],[-118.27499999999985,34.47499999999996]]]}},{"type":"Feature","properties":{"nearestScore":93,"avg5Score":91.6,"nearestDist":3.205,"reachMin":38.5,"walkMin":38.5,"bikeMin":12.8,"driveMin":4.8},"geometry":{"type":"Polygon","coordinates":[[[-118.24999999999984,34.47499999999996],[-118.22499999999984,34.47499999999996],[-118.22499999999984,34.49999999999996],[-118.24999999999984,34.49999999999996],[-118.24999999999984,34.47499999999996]]]}},{"type":"Feature","properties":{"nearestScore":93,"avg5Score":91.6,"nearestDist":1.025,"reachMin":12.3,"walkMin":12.3,"bikeMin":4.1,"driveMin":1.5},"geometry":{"type":"Polygon","coordinates":[[[-118.22499999999984,34.47499999999996],[-118.19999999999983,34.47499999999996],[-118.19999999999983,34.49999999999996],[-118.22499999999984,34.49999999999996],[-118.22499999999984,34.47499999999996]]]}},{"type":"Feature","properties":{"nearestScore":81,"avg5Score":89.2,"nearestDist":1.049,"reachMin":12.6,"walkMin":12.6,"bikeMin":4.2,"driveMin":1.6},"geometry":{"type":"Polygon","coordinates":[[[-118.19999999999983,34.47499999999996],[-118.17499999999983,34.47499999999996],[-118.17499999999983,34.49999999999996],[-118.19999999999983,34.49999999999996],[-118.19999999999983,34.47499999999996]]]}},{"type":"Feature","properties":{"nearestScore":92,"avg5Score":90.6,"nearestDist":0.276,"reachMin":3.3,"walkMin":3.3,"bikeMin":1.1,"driveMin":0.4},"geometry":{"type":"Polygon","coordinates":[[[-118.17499999999983,34.47499999999996],[-118.14999999999982,34.47499999999996],[-118.14999999999982,34.49999999999996],[-118.17499999999983,34.49999999999996],[-118.17499999999983,34.47499999999996]]]}},{"type":"Feature","properties":{"nearestScore":94,"avg5Score":90.6,"nearestDist":2.228,"reachMin":26.7,"walkMin":26.7,"bikeMin":8.9,"driveMin":3.3},"geometry":{"type":"Polygon","coordinates":[[[-118.14999999999982,34.47499999999996],[-118.12499999999982,34.47499999999996],[-118.12499999999982,34.49999999999996],[-118.14999999999982,34.49999999999996],[-118.14999999999982,34.47499999999996]]]}},{"type":"Feature","properties":{"nearestScore":94,"avg5Score":92.8,"nearestDist":4.511,"reachMin":54.1,"walkMin":54.1,"bikeMin":18.0,"driveMin":6.8},"geometry":{"type":"Polygon","coordinates":[[[-118.12499999999982,34.47499999999996],[-118.09999999999981,34.47499999999996],[-118.09999999999981,34.49999999999996],[-118.12499999999982,34.49999999999996],[-118.12499999999982,34.47499999999996]]]}},{"type":"Feature","properties":{"nearestScore":94,"avg5Score":91.6,"nearestDist":6.799,"reachMin":81.6,"walkMin":81.6,"bikeMin":27.2,"driveMin":10.2},"geometry":{"type":"Polygon","coordinates":[[[-118.09999999999981,34.47499999999996],[-118.0749999999998,34.47499999999996],[-118.0749999999998,34.49999999999996],[-118.09999999999981,34.49999999999996],[-118.09999999999981,34.47499999999996]]]}},{"type":"Feature","properties":{"nearestScore":91,"avg5Score":96.4,"nearestDist":6.672,"reachMin":80.1,"walkMin":80.1,"bikeMin":26.7,"driveMin":10.0},"geometry":{"type":"Polygon","coordinates":[[[-118.0749999999998,34.47499999999996],[-118.0499999999998,34.47499999999996],[-118.0499999999998,34.49999999999996],[-118.0749999999998,34.49999999999996],[-118.0749999999998,34.47499999999996]]]}},{"type":"Feature","properties":{"nearestScore":94,"avg5Score":93.2,"nearestDist":5.504,"reachMin":66.0,"walkMin":66.0,"bikeMin":22.0,"driveMin":8.3},"geometry":{"type":"Polygon","coordinates":[[[-118.0499999999998,34.47499999999996],[-118.02499999999979,34.47499999999996],[-118.02499999999979,34.49999999999996],[-118.0499999999998,34.49999999999996],[-118.0499999999998,34.47499999999996]]]}},{"type":"Feature","properties":{"nearestScore":94,"avg5Score":93.6,"nearestDist":4.12,"reachMin":49.4,"walkMin":49.4,"bikeMin":16.5,"driveMin":6.2},"geometry":{"type":"Polygon","coordinates":[[[-118.02499999999979,34.47499999999996],[-117.99999999999979,34.47499999999996],[-117.99999999999979,34.49999999999996],[-118.02499999999979,34.49999999999996],[-118.02499999999979,34.47499999999996]]]}},{"type":"Feature","properties":{"nearestScore":95,"avg5Score":93.6,"nearestDist":3.744,"reachMin":44.9,"walkMin":44.9,"bikeMin":15.0,"driveMin":5.6},"geometry":{"type":"Polygon","coordinates":[[[-117.99999999999979,34.47499999999996],[-117.97499999999978,34.47499999999996],[-117.97499999999978,34.49999999999996],[-117.99999999999979,34.49999999999996],[-117.99999999999979,34.47499999999996]]]}},{"type":"Feature","properties":{"nearestScore":91,"avg5Score":93.4,"nearestDist":3.866,"reachMin":46.4,"walkMin":46.4,"bikeMin":15.5,"driveMin":5.8},"geometry":{"type":"Polygon","coordinates":[[[-117.97499999999978,34.47499999999996],[-117.94999999999978,34.47499999999996],[-117.94999999999978,34.49999999999996],[-117.97499999999978,34.49999999999996],[-117.97499999999978,34.47499999999996]]]}},{"type":"Feature","properties":{"nearestScore":93,"avg5Score":93.0,"nearestDist":3.871,"reachMin":46.5,"walkMin":46.5,"bikeMin":15.5,"driveMin":5.8},"geometry":{"type":"Polygon","coordinates":[[[-117.94999999999978,34.47499999999996],[-117.92499999999977,34.47499999999996],[-117.92499999999977,34.49999999999996],[-117.94999999999978,34.49999999999996],[-117.94999999999978,34.47499999999996]]]}},{"type":"Feature","properties":{"nearestScore":93,"avg5Score":93.0,"nearestDist":2.311,"reachMin":27.7,"walkMin":27.7,"bikeMin":9.2,"driveMin":3.5},"geometry":{"type":"Polygon","coordinates":[[[-117.92499999999977,34.47499999999996],[-117.89999999999976,34.47499999999996],[-117.89999999999976,34.49999999999996],[-117.92499999999977,34.49999999999996],[-117.92499999999977,34.47499999999996]]]}},{"type":"Feature","properties":{"nearestScore":93,"avg5Score":93.0,"nearestDist":2.488,"reachMin":29.9,"walkMin":29.9,"bikeMin":10.0,"driveMin":3.7},"geometry":{"type":"Polygon","coordinates":[[[-117.89999999999976,34.47499999999996],[-117.87499999999976,34.47499999999996],[-117.87499999999976,34.49999999999996],[-117.89999999999976,34.49999999999996],[-117.89999999999976,34.47499999999996]]]}},{"type":"Feature","properties":{"nearestScore":93,"avg5Score":93.0,"nearestDist":4.187,"reachMin":50.2,"walkMin":50.2,"bikeMin":16.7,"driveMin":6.3},"geometry":{"type":"Polygon","coordinates":[[[-117.87499999999976,34.47499999999996],[-117.84999999999975,34.47499999999996],[-117.84999999999975,34.49999999999996],[-117.87499999999976,34.49999999999996],[-117.87499999999976,34.47499999999996]]]}},{"type":"Feature","properties":{"nearestScore":93,"avg5Score":95.2,"nearestDist":6.275,"reachMin":75.3,"walkMin":75.3,"bikeMin":25.1,"driveMin":9.4},"geometry":{"type":"Polygon","coordinates":[[[-117.84999999999975,34.47499999999996],[-117.82499999999975,34.47499999999996],[-117.82499999999975,34.49999999999996],[-117.84999999999975,34.49999999999996],[-117.84999999999975,34.47499999999996]]]}},{"type":"Feature","properties":{"nearestScore":93,"avg5Score":97.0,"nearestDist":8.469,"reachMin":101.6,"walkMin":101.6,"bikeMin":33.9,"driveMin":12.7},"geometry":{"type":"Polygon","coordinates":[[[-117.82499999999975,34.47499999999996],[-117.79999999999974,34.47499999999996],[-117.79999999999974,34.49999999999996],[-117.82499999999975,34.49999999999996],[-117.82499999999975,34.47499999999996]]]}},{"type":"Feature","properties":{"nearestScore":98,"avg5Score":97.0,"nearestDist":9.879,"reachMin":118.5,"walkMin":118.5,"bikeMin":39.5,"driveMin":14.8},"geometry":{"type":"Polygon","coordinates":[[[-117.79999999999974,34.47499999999996],[-117.77499999999974,34.47499999999996],[-117.77499999999974,34.49999999999996],[-117.79999999999974,34.49999999999996],[-117.79999999999974,34.47499999999996]]]}},{"type":"Feature","properties":{"nearestScore":98,"avg5Score":97.0,"nearestDist":8.377,"reachMin":100.5,"walkMin":100.5,"bikeMin":33.5,"driveMin":12.6},"geometry":{"type":"Polygon","coordinates":[[[-117.77499999999974,34.47499999999996],[-117.74999999999973,34.47499999999996],[-117.74999999999973,34.49999999999996],[-117.77499999999974,34.49999999999996],[-117.77499999999974,34.47499999999996]]]}},{"type":"Feature","properties":{"nearestScore":98,"avg5Score":97.0,"nearestDist":7.298,"reachMin":87.6,"walkMin":87.6,"bikeMin":29.2,"driveMin":10.9},"geometry":{"type":"Polygon","coordinates":[[[-117.74999999999973,34.47499999999996],[-117.72499999999972,34.47499999999996],[-117.72499999999972,34.49999999999996],[-117.74999999999973,34.49999999999996],[-117.74999999999973,34.47499999999996]]]}},{"type":"Feature","properties":{"nearestScore":98,"avg5Score":98.0,"nearestDist":6.845,"reachMin":82.1,"walkMin":82.1,"bikeMin":27.4,"driveMin":10.3},"geometry":{"type":"Polygon","coordinates":[[[-117.72499999999972,34.47499999999996],[-117.69999999999972,34.47499999999996],[-117.69999999999972,34.49999999999996],[-117.72499999999972,34.49999999999996],[-117.72499999999972,34.47499999999996]]]}},{"type":"Feature","properties":{"nearestScore":98,"avg5Score":98.0,"nearestDist":7.138,"reachMin":85.7,"walkMin":85.7,"bikeMin":28.6,"driveMin":10.7},"geometry":{"type":"Polygon","coordinates":[[[-117.69999999999972,34.47499999999996],[-117.67499999999971,34.47499999999996],[-117.67499999999971,34.49999999999996],[-117.69999999999972,34.49999999999996],[-117.69999999999972,34.47499999999996]]]}},{"type":"Feature","properties":{"nearestScore":98,"avg5Score":98.0,"nearestDist":8.097,"reachMin":97.2,"walkMin":97.2,"bikeMin":32.4,"driveMin":12.1},"geometry":{"type":"Polygon","coordinates":[[[-117.67499999999971,34.47499999999996],[-117.64999999999971,34.47499999999996],[-117.64999999999971,34.49999999999996],[-117.67499999999971,34.49999999999996],[-117.67499999999971,34.47499999999996]]]}},{"type":"Feature","properties":{"nearestScore":99,"avg5Score":96.2,"nearestDist":22.182,"reachMin":266.2,"walkMin":266.2,"bikeMin":88.7,"driveMin":33.3},"geometry":{"type":"Polygon","coordinates":[[[-118.95,34.49999999999996],[-118.925,34.49999999999996],[-118.925,34.524999999999956],[-118.95,34.524999999999956],[-118.95,34.49999999999996]]]}},{"type":"Feature","properties":{"nearestScore":99,"avg5Score":96.2,"nearestDist":20.139,"reachMin":241.7,"walkMin":241.7,"bikeMin":80.6,"driveMin":30.2},"geometry":{"type":"Polygon","coordinates":[[[-118.925,34.49999999999996],[-118.89999999999999,34.49999999999996],[-118.89999999999999,34.524999999999956],[-118.925,34.524999999999956],[-118.925,34.49999999999996]]]}},{"type":"Feature","properties":{"nearestScore":99,"avg5Score":96.2,"nearestDist":18.154,"reachMin":217.8,"walkMin":217.8,"bikeMin":72.6,"driveMin":27.2},"geometry":{"type":"Polygon","coordinates":[[[-118.89999999999999,34.49999999999996],[-118.87499999999999,34.49999999999996],[-118.87499999999999,34.524999999999956],[-118.89999999999999,34.524999999999956],[-118.89999999999999,34.49999999999996]]]}},{"type":"Feature","properties":{"nearestScore":99,"avg5Score":96.2,"nearestDist":16.249,"reachMin":195.0,"walkMin":195.0,"bikeMin":65.0,"driveMin":24.4},"geometry":{"type":"Polygon","coordinates":[[[-118.87499999999999,34.49999999999996],[-118.84999999999998,34.49999999999996],[-118.84999999999998,34.524999999999956],[-118.87499999999999,34.524999999999956],[-118.87499999999999,34.49999999999996]]]}},{"type":"Feature","properties":{"nearestScore":99,"avg5Score":96.2,"nearestDist":14.457,"reachMin":173.5,"walkMin":173.5,"bikeMin":57.8,"driveMin":21.7},"geometry":{"type":"Polygon","coordinates":[[[-118.84999999999998,34.49999999999996],[-118.82499999999997,34.49999999999996],[-118.82499999999997,34.524999999999956],[-118.84999999999998,34.524999999999956],[-118.84999999999998,34.49999999999996]]]}},{"type":"Feature","properties":{"nearestScore":99,"avg5Score":96.2,"nearestDist":12.824,"reachMin":153.9,"walkMin":153.9,"bikeMin":51.3,"driveMin":19.2},"geometry":{"type":"Polygon","coordinates":[[[-118.82499999999997,34.49999999999996],[-118.79999999999997,34.49999999999996],[-118.79999999999997,34.524999999999956],[-118.82499999999997,34.524999999999956],[-118.82499999999997,34.49999999999996]]]}},{"type":"Feature","properties":{"nearestScore":99,"avg5Score":96.2,"nearestDist":11.418,"reachMin":137.0,"walkMin":137.0,"bikeMin":45.7,"driveMin":17.1},"geometry":{"type":"Polygon","coordinates":[[[-118.79999999999997,34.49999999999996],[-118.77499999999996,34.49999999999996],[-118.77499999999996,34.524999999999956],[-118.79999999999997,34.524999999999956],[-118.79999999999997,34.49999999999996]]]}},{"type":"Feature","properties":{"nearestScore":99,"avg5Score":96.2,"nearestDist":10.334,"reachMin":124.0,"walkMin":124.0,"bikeMin":41.3,"driveMin":15.5},"geometry":{"type":"Polygon","coordinates":[[[-118.77499999999996,34.49999999999996],[-118.74999999999996,34.49999999999996],[-118.74999999999996,34.524999999999956],[-118.77499999999996,34.524999999999956],[-118.77499999999996,34.49999999999996]]]}},{"type":"Feature","properties":{"nearestScore":99,"avg5Score":96.2,"nearestDist":9.679,"reachMin":116.1,"walkMin":116.1,"bikeMin":38.7,"driveMin":14.5},"geometry":{"type":"Polygon","coordinates":[[[-118.74999999999996,34.49999999999996],[-118.72499999999995,34.49999999999996],[-118.72499999999995,34.524999999999956],[-118.74999999999996,34.524999999999956],[-118.74999999999996,34.49999999999996]]]}},{"type":"Feature","properties":{"nearestScore":98,"avg5Score":95.8,"nearestDist":7.955,"reachMin":95.5,"walkMin":95.5,"bikeMin":31.8,"driveMin":11.9},"geometry":{"type":"Polygon","coordinates":[[[-118.72499999999995,34.49999999999996],[-118.69999999999995,34.49999999999996],[-118.69999999999995,34.524999999999956],[-118.72499999999995,34.524999999999956],[-118.72499999999995,34.49999999999996]]]}},{"type":"Feature","properties":{"nearestScore":98,"avg5Score":95.8,"nearestDist":5.714,"reachMin":68.6,"walkMin":68.6,"bikeMin":22.9,"driveMin":8.6},"geometry":{"type":"Polygon","coordinates":[[[-118.69999999999995,34.49999999999996],[-118.67499999999994,34.49999999999996],[-118.67499999999994,34.524999999999956],[-118.69999999999995,34.524999999999956],[-118.69999999999995,34.49999999999996]]]}},{"type":"Feature","properties":{"nearestScore":98,"avg5Score":95.8,"nearestDist":3.537,"reachMin":42.4,"walkMin":42.4,"bikeMin":14.1,"driveMin":5.3},"geometry":{"type":"Polygon","coordinates":[[[-118.67499999999994,34.49999999999996],[-118.64999999999993,34.49999999999996],[-118.64999999999993,34.524999999999956],[-118.67499999999994,34.524999999999956],[-118.67499999999994,34.49999999999996]]]}},{"type":"Feature","properties":{"nearestScore":98,"avg5Score":95.8,"nearestDist":1.696,"reachMin":20.4,"walkMin":20.4,"bikeMin":6.8,"driveMin":2.5},"geometry":{"type":"Polygon","coordinates":[[[-118.64999999999993,34.49999999999996],[-118.62499999999993,34.49999999999996],[-118.62499999999993,34.524999999999956],[-118.64999999999993,34.524999999999956],[-118.64999999999993,34.49999999999996]]]}},{"type":"Feature","properties":{"nearestScore":95,"avg5Score":95.2,"nearestDist":1.911,"reachMin":22.9,"walkMin":22.9,"bikeMin":7.6,"driveMin":2.9},"geometry":{"type":"Polygon","coordinates":[[[-118.62499999999993,34.49999999999996],[-118.59999999999992,34.49999999999996],[-118.59999999999992,34.524999999999956],[-118.62499999999993,34.524999999999956],[-118.62499999999993,34.49999999999996]]]}},{"type":"Feature","properties":{"nearestScore":99,"avg5Score":95.2,"nearestDist":3.638,"reachMin":43.7,"walkMin":43.7,"bikeMin":14.6,"driveMin":5.5},"geometry":{"type":"Polygon","coordinates":[[[-118.59999999999992,34.49999999999996],[-118.57499999999992,34.49999999999996],[-118.57499999999992,34.524999999999956],[-118.59999999999992,34.524999999999956],[-118.59999999999992,34.49999999999996]]]}},{"type":"Feature","properties":{"nearestScore":94,"avg5Score":95.8,"nearestDist":5.521,"reachMin":66.3,"walkMin":66.3,"bikeMin":22.1,"driveMin":8.3},"geometry":{"type":"Polygon","coordinates":[[[-118.57499999999992,34.49999999999996],[-118.54999999999991,34.49999999999996],[-118.54999999999991,34.524999999999956],[-118.57499999999992,34.524999999999956],[-118.57499999999992,34.49999999999996]]]}},{"type":"Feature","properties":{"nearestScore":90,"avg5Score":92.2,"nearestDist":5.753,"reachMin":69.0,"walkMin":69.0,"bikeMin":23.0,"driveMin":8.6},"geometry":{"type":"Polygon","coordinates":[[[-118.54999999999991,34.49999999999996],[-118.5249999999999,34.49999999999996],[-118.5249999999999,34.524999999999956],[-118.54999999999991,34.524999999999956],[-118.54999999999991,34.49999999999996]]]}},{"type":"Feature","properties":{"nearestScore":91,"avg5Score":91.6,"nearestDist":5.725,"reachMin":68.7,"walkMin":68.7,"bikeMin":22.9,"driveMin":8.6},"geometry":{"type":"Polygon","coordinates":[[[-118.5249999999999,34.49999999999996],[-118.4999999999999,34.49999999999996],[-118.4999999999999,34.524999999999956],[-118.5249999999999,34.524999999999956],[-118.5249999999999,34.49999999999996]]]}},{"type":"Feature","properties":{"nearestScore":91,"avg5Score":89.2,"nearestDist":6.142,"reachMin":73.7,"walkMin":73.7,"bikeMin":24.6,"driveMin":9.2},"geometry":{"type":"Polygon","coordinates":[[[-118.4999999999999,34.49999999999996],[-118.4749999999999,34.49999999999996],[-118.4749999999999,34.524999999999956],[-118.4999999999999,34.524999999999956],[-118.4999999999999,34.49999999999996]]]}},{"type":"Feature","properties":{"nearestScore":91,"avg5Score":89.4,"nearestDist":7.291,"reachMin":87.5,"walkMin":87.5,"bikeMin":29.2,"driveMin":10.9},"geometry":{"type":"Polygon","coordinates":[[[-118.4749999999999,34.49999999999996],[-118.44999999999989,34.49999999999996],[-118.44999999999989,34.524999999999956],[-118.4749999999999,34.524999999999956],[-118.4749999999999,34.49999999999996]]]}},{"type":"Feature","properties":{"nearestScore":84,"avg5Score":91.8,"nearestDist":5.963,"reachMin":71.6,"walkMin":71.6,"bikeMin":23.9,"driveMin":8.9},"geometry":{"type":"Polygon","coordinates":[[[-118.44999999999989,34.49999999999996],[-118.42499999999988,34.49999999999996],[-118.42499999999988,34.524999999999956],[-118.44999999999989,34.524999999999956],[-118.44999999999989,34.49999999999996]]]}},{"type":"Feature","properties":{"nearestScore":94,"avg5Score":90.8,"nearestDist":5.181,"reachMin":62.2,"walkMin":62.2,"bikeMin":20.7,"driveMin":7.8},"geometry":{"type":"Polygon","coordinates":[[[-118.42499999999988,34.49999999999996],[-118.39999999999988,34.49999999999996],[-118.39999999999988,34.524999999999956],[-118.42499999999988,34.524999999999956],[-118.42499999999988,34.49999999999996]]]}},{"type":"Feature","properties":{"nearestScore":94,"avg5Score":89.0,"nearestDist":2.893,"reachMin":34.7,"walkMin":34.7,"bikeMin":11.6,"driveMin":4.3},"geometry":{"type":"Polygon","coordinates":[[[-118.39999999999988,34.49999999999996],[-118.37499999999987,34.49999999999996],[-118.37499999999987,34.524999999999956],[-118.39999999999988,34.524999999999956],[-118.39999999999988,34.49999999999996]]]}},{"type":"Feature","properties":{"nearestScore":94,"avg5Score":90.8,"nearestDist":0.626,"reachMin":7.5,"walkMin":7.5,"bikeMin":2.5,"driveMin":0.9},"geometry":{"type":"Polygon","coordinates":[[[-118.37499999999987,34.49999999999996],[-118.34999999999987,34.49999999999996],[-118.34999999999987,34.524999999999956],[-118.37499999999987,34.524999999999956],[-118.37499999999987,34.49999999999996]]]}},{"type":"Feature","properties":{"nearestScore":94,"avg5Score":90.8,"nearestDist":1.705,"reachMin":20.5,"walkMin":20.5,"bikeMin":6.8,"driveMin":2.6},"geometry":{"type":"Polygon","coordinates":[[[-118.34999999999987,34.49999999999996],[-118.32499999999986,34.49999999999996],[-118.32499999999986,34.524999999999956],[-118.34999999999987,34.524999999999956],[-118.34999999999987,34.49999999999996]]]}},{"type":"Feature","properties":{"nearestScore":85,"avg5Score":90.8,"nearestDist":2.228,"reachMin":26.7,"walkMin":26.7,"bikeMin":8.9,"driveMin":3.3},"geometry":{"type":"Polygon","coordinates":[[[-118.32499999999986,34.49999999999996],[-118.29999999999986,34.49999999999996],[-118.29999999999986,34.524999999999956],[-118.32499999999986,34.524999999999956],[-118.32499999999986,34.49999999999996]]]}},{"type":"Feature","properties":{"nearestScore":85,"avg5Score":90.8,"nearestDist":3.998,"reachMin":48.0,"walkMin":48.0,"bikeMin":16.0,"driveMin":6.0},"geometry":{"type":"Polygon","coordinates":[[[-118.29999999999986,34.49999999999996],[-118.27499999999985,34.49999999999996],[-118.27499999999985,34.524999999999956],[-118.29999999999986,34.524999999999956],[-118.29999999999986,34.49999999999996]]]}},{"type":"Feature","properties":{"nearestScore":93,"avg5Score":90.6,"nearestDist":5.888,"reachMin":70.7,"walkMin":70.7,"bikeMin":23.6,"driveMin":8.8},"geometry":{"type":"Polygon","coordinates":[[[-118.27499999999985,34.49999999999996],[-118.24999999999984,34.49999999999996],[-118.24999999999984,34.524999999999956],[-118.27499999999985,34.524999999999956],[-118.27499999999985,34.49999999999996]]]}},{"type":"Feature","properties":{"nearestScore":93,"avg5Score":91.6,"nearestDist":3.867,"reachMin":46.4,"walkMin":46.4,"bikeMin":15.5,"driveMin":5.8},"geometry":{"type":"Polygon","coordinates":[[[-118.24999999999984,34.49999999999996],[-118.22499999999984,34.49999999999996],[-118.22499999999984,34.524999999999956],[-118.24999999999984,34.524999999999956],[-118.24999999999984,34.49999999999996]]]}},{"type":"Feature","properties":{"nearestScore":93,"avg5Score":91.6,"nearestDist":2.395,"reachMin":28.7,"walkMin":28.7,"bikeMin":9.6,"driveMin":3.6},"geometry":{"type":"Polygon","coordinates":[[[-118.22499999999984,34.49999999999996],[-118.19999999999983,34.49999999999996],[-118.19999999999983,34.524999999999956],[-118.22499999999984,34.524999999999956],[-118.22499999999984,34.49999999999996]]]}},{"type":"Feature","properties":{"nearestScore":81,"avg5Score":89.2,"nearestDist":2.319,"reachMin":27.8,"walkMin":27.8,"bikeMin":9.3,"driveMin":3.5},"geometry":{"type":"Polygon","coordinates":[[[-118.19999999999983,34.49999999999996],[-118.17499999999983,34.49999999999996],[-118.17499999999983,34.524999999999956],[-118.19999999999983,34.524999999999956],[-118.19999999999983,34.49999999999996]]]}},{"type":"Feature","properties":{"nearestScore":92,"avg5Score":90.6,"nearestDist":2.414,"reachMin":29.0,"walkMin":29.0,"bikeMin":9.7,"driveMin":3.6},"geometry":{"type":"Polygon","coordinates":[[[-118.17499999999983,34.49999999999996],[-118.14999999999982,34.49999999999996],[-118.14999999999982,34.524999999999956],[-118.17499999999983,34.524999999999956],[-118.17499999999983,34.49999999999996]]]}},{"type":"Feature","properties":{"nearestScore":92,"avg5Score":92.8,"nearestDist":3.273,"reachMin":39.3,"walkMin":39.3,"bikeMin":13.1,"driveMin":4.9},"geometry":{"type":"Polygon","coordinates":[[[-118.14999999999982,34.49999999999996],[-118.12499999999982,34.49999999999996],[-118.12499999999982,34.524999999999956],[-118.14999999999982,34.524999999999956],[-118.14999999999982,34.49999999999996]]]}},{"type":"Feature","properties":{"nearestScore":92,"avg5Score":92.2,"nearestDist":4.873,"reachMin":58.5,"walkMin":58.5,"bikeMin":19.5,"driveMin":7.3},"geometry":{"type":"Polygon","coordinates":[[[-118.12499999999982,34.49999999999996],[-118.09999999999981,34.49999999999996],[-118.09999999999981,34.524999999999956],[-118.12499999999982,34.524999999999956],[-118.12499999999982,34.49999999999996]]]}},{"type":"Feature","properties":{"nearestScore":86,"avg5Score":94.2,"nearestDist":4.919,"reachMin":59.0,"walkMin":59.0,"bikeMin":19.7,"driveMin":7.4},"geometry":{"type":"Polygon","coordinates":[[[-118.09999999999981,34.49999999999996],[-118.0749999999998,34.49999999999996],[-118.0749999999998,34.524999999999956],[-118.09999999999981,34.524999999999956],[-118.09999999999981,34.49999999999996]]]}},{"type":"Feature","properties":{"nearestScore":96,"avg5Score":98.0,"nearestDist":4.384,"reachMin":52.6,"walkMin":52.6,"bikeMin":17.5,"driveMin":6.6},"geometry":{"type":"Polygon","coordinates":[[[-118.0749999999998,34.49999999999996],[-118.0499999999998,34.49999999999996],[-118.0499999999998,34.524999999999956],[-118.0749999999998,34.524999999999956],[-118.0749999999998,34.49999999999996]]]}},{"type":"Feature","properties":{"nearestScore":91,"avg5Score":96.4,"nearestDist":3.16,"reachMin":37.9,"walkMin":37.9,"bikeMin":12.6,"driveMin":4.7},"geometry":{"type":"Polygon","coordinates":[[[-118.0499999999998,34.49999999999996],[-118.02499999999979,34.49999999999996],[-118.02499999999979,34.524999999999956],[-118.0499999999998,34.524999999999956],[-118.0499999999998,34.49999999999996]]]}},{"type":"Feature","properties":{"nearestScore":94,"avg5Score":93.6,"nearestDist":1.999,"reachMin":24.0,"walkMin":24.0,"bikeMin":8.0,"driveMin":3.0},"geometry":{"type":"Polygon","coordinates":[[[-118.02499999999979,34.49999999999996],[-117.99999999999979,34.49999999999996],[-117.99999999999979,34.524999999999956],[-118.02499999999979,34.524999999999956],[-118.02499999999979,34.49999999999996]]]}},{"type":"Feature","properties":{"nearestScore":95,"avg5Score":93.6,"nearestDist":0.977,"reachMin":11.7,"walkMin":11.7,"bikeMin":3.9,"driveMin":1.5},"geometry":{"type":"Polygon","coordinates":[[[-117.99999999999979,34.49999999999996],[-117.97499999999978,34.49999999999996],[-117.97499999999978,34.524999999999956],[-117.99999999999979,34.524999999999956],[-117.99999999999979,34.49999999999996]]]}},{"type":"Feature","properties":{"nearestScore":91,"avg5Score":93.4,"nearestDist":1.356,"reachMin":16.3,"walkMin":16.3,"bikeMin":5.4,"driveMin":2.0},"geometry":{"type":"Polygon","coordinates":[[[-117.97499999999978,34.49999999999996],[-117.94999999999978,34.49999999999996],[-117.94999999999978,34.524999999999956],[-117.97499999999978,34.524999999999956],[-117.97499999999978,34.49999999999996]]]}},{"type":"Feature","properties":{"nearestScore":93,"avg5Score":93.0,"nearestDist":3.321,"reachMin":39.9,"walkMin":39.9,"bikeMin":13.3,"driveMin":5.0},"geometry":{"type":"Polygon","coordinates":[[[-117.94999999999978,34.49999999999996],[-117.92499999999977,34.49999999999996],[-117.92499999999977,34.524999999999956],[-117.94999999999978,34.524999999999956],[-117.94999999999978,34.49999999999996]]]}},{"type":"Feature","properties":{"nearestScore":93,"avg5Score":93.2,"nearestDist":1.175,"reachMin":14.1,"walkMin":14.1,"bikeMin":4.7,"driveMin":1.8},"geometry":{"type":"Polygon","coordinates":[[[-117.92499999999977,34.49999999999996],[-117.89999999999976,34.49999999999996],[-117.89999999999976,34.524999999999956],[-117.92499999999977,34.524999999999956],[-117.92499999999977,34.49999999999996]]]}},{"type":"Feature","properties":{"nearestScore":93,"avg5Score":93.2,"nearestDist":1.493,"reachMin":17.9,"walkMin":17.9,"bikeMin":6.0,"driveMin":2.2},"geometry":{"type":"Polygon","coordinates":[[[-117.89999999999976,34.49999999999996],[-117.87499999999976,34.49999999999996],[-117.87499999999976,34.524999999999956],[-117.89999999999976,34.524999999999956],[-117.89999999999976,34.49999999999996]]]}},{"type":"Feature","properties":{"nearestScore":93,"avg5Score":94.4,"nearestDist":3.684,"reachMin":44.2,"walkMin":44.2,"bikeMin":14.7,"driveMin":5.5},"geometry":{"type":"Polygon","coordinates":[[[-117.87499999999976,34.49999999999996],[-117.84999999999975,34.49999999999996],[-117.84999999999975,34.524999999999956],[-117.87499999999976,34.524999999999956],[-117.87499999999976,34.49999999999996]]]}},{"type":"Feature","properties":{"nearestScore":93,"avg5Score":96.4,"nearestDist":5.951,"reachMin":71.4,"walkMin":71.4,"bikeMin":23.8,"driveMin":8.9},"geometry":{"type":"Polygon","coordinates":[[[-117.84999999999975,34.49999999999996],[-117.82499999999975,34.49999999999996],[-117.82499999999975,34.524999999999956],[-117.84999999999975,34.524999999999956],[-117.84999999999975,34.49999999999996]]]}},{"type":"Feature","properties":{"nearestScore":93,"avg5Score":96.4,"nearestDist":8.231,"reachMin":98.8,"walkMin":98.8,"bikeMin":32.9,"driveMin":12.3},"geometry":{"type":"Polygon","coordinates":[[[-117.82499999999975,34.49999999999996],[-117.79999999999974,34.49999999999996],[-117.79999999999974,34.524999999999956],[-117.82499999999975,34.524999999999956],[-117.82499999999975,34.49999999999996]]]}},{"type":"Feature","properties":{"nearestScore":96,"avg5Score":96.4,"nearestDist":10.352,"reachMin":124.2,"walkMin":124.2,"bikeMin":41.4,"driveMin":15.5},"geometry":{"type":"Polygon","coordinates":[[[-117.79999999999974,34.49999999999996],[-117.77499999999974,34.49999999999996],[-117.77499999999974,34.524999999999956],[-117.79999999999974,34.524999999999956],[-117.79999999999974,34.49999999999996]]]}},{"type":"Feature","properties":{"nearestScore":98,"avg5Score":97.4,"nearestDist":10.767,"reachMin":129.2,"walkMin":129.2,"bikeMin":43.1,"driveMin":16.2},"geometry":{"type":"Polygon","coordinates":[[[-117.77499999999974,34.49999999999996],[-117.74999999999973,34.49999999999996],[-117.74999999999973,34.524999999999956],[-117.77499999999974,34.524999999999956],[-117.77499999999974,34.49999999999996]]]}},{"type":"Feature","properties":{"nearestScore":98,"avg5Score":97.4,"nearestDist":9.951,"reachMin":119.4,"walkMin":119.4,"bikeMin":39.8,"driveMin":14.9},"geometry":{"type":"Polygon","coordinates":[[[-117.74999999999973,34.49999999999996],[-117.72499999999972,34.49999999999996],[-117.72499999999972,34.524999999999956],[-117.74999999999973,34.524999999999956],[-117.74999999999973,34.49999999999996]]]}},{"type":"Feature","properties":{"nearestScore":98,"avg5Score":98.0,"nearestDist":9.623,"reachMin":115.5,"walkMin":115.5,"bikeMin":38.5,"driveMin":14.4},"geometry":{"type":"Polygon","coordinates":[[[-117.72499999999972,34.49999999999996],[-117.69999999999972,34.49999999999996],[-117.69999999999972,34.524999999999956],[-117.72499999999972,34.524999999999956],[-117.72499999999972,34.49999999999996]]]}},{"type":"Feature","properties":{"nearestScore":98,"avg5Score":98.0,"nearestDist":9.834,"reachMin":118.0,"walkMin":118.0,"bikeMin":39.3,"driveMin":14.8},"geometry":{"type":"Polygon","coordinates":[[[-117.69999999999972,34.49999999999996],[-117.67499999999971,34.49999999999996],[-117.67499999999971,34.524999999999956],[-117.69999999999972,34.524999999999956],[-117.69999999999972,34.49999999999996]]]}},{"type":"Feature","properties":{"nearestScore":98,"avg5Score":98.0,"nearestDist":10.55,"reachMin":126.6,"walkMin":126.6,"bikeMin":42.2,"driveMin":15.8},"geometry":{"type":"Polygon","coordinates":[[[-117.67499999999971,34.49999999999996],[-117.64999999999971,34.49999999999996],[-117.64999999999971,34.524999999999956],[-117.67499999999971,34.524999999999956],[-117.67499999999971,34.49999999999996]]]}},{"type":"Feature","properties":{"nearestScore":99,"avg5Score":96.2,"nearestDist":21.136,"reachMin":253.6,"walkMin":253.6,"bikeMin":84.5,"driveMin":31.7},"geometry":{"type":"Polygon","coordinates":[[[-118.95,34.524999999999956],[-118.925,34.524999999999956],[-118.925,34.549999999999955],[-118.95,34.549999999999955],[-118.95,34.524999999999956]]]}},{"type":"Feature","properties":{"nearestScore":99,"avg5Score":96.2,"nearestDist":18.98,"reachMin":227.8,"walkMin":227.8,"bikeMin":75.9,"driveMin":28.5},"geometry":{"type":"Polygon","coordinates":[[[-118.925,34.524999999999956],[-118.89999999999999,34.524999999999956],[-118.89999999999999,34.549999999999955],[-118.925,34.549999999999955],[-118.925,34.524999999999956]]]}},{"type":"Feature","properties":{"nearestScore":99,"avg5Score":96.2,"nearestDist":16.86,"reachMin":202.3,"walkMin":202.3,"bikeMin":67.4,"driveMin":25.3},"geometry":{"type":"Polygon","coordinates":[[[-118.89999999999999,34.524999999999956],[-118.87499999999999,34.524999999999956],[-118.87499999999999,34.549999999999955],[-118.89999999999999,34.549999999999955],[-118.89999999999999,34.524999999999956]]]}},{"type":"Feature","properties":{"nearestScore":99,"avg5Score":96.2,"nearestDist":14.791,"reachMin":177.5,"walkMin":177.5,"bikeMin":59.2,"driveMin":22.2},"geometry":{"type":"Polygon","coordinates":[[[-118.87499999999999,34.524999999999956],[-118.84999999999998,34.524999999999956],[-118.84999999999998,34.549999999999955],[-118.87499999999999,34.549999999999955],[-118.87499999999999,34.524999999999956]]]}},{"type":"Feature","properties":{"nearestScore":99,"avg5Score":96.2,"nearestDist":12.796,"reachMin":153.6,"walkMin":153.6,"bikeMin":51.2,"driveMin":19.2},"geometry":{"type":"Polygon","coordinates":[[[-118.84999999999998,34.524999999999956],[-118.82499999999997,34.524999999999956],[-118.82499999999997,34.549999999999955],[-118.84999999999998,34.549999999999955],[-118.84999999999998,34.524999999999956]]]}},{"type":"Feature","properties":{"nearestScore":99,"avg5Score":96.2,"nearestDist":10.918,"reachMin":131.0,"walkMin":131.0,"bikeMin":43.7,"driveMin":16.4},"geometry":{"type":"Polygon","coordinates":[[[-118.82499999999997,34.524999999999956],[-118.79999999999997,34.524999999999956],[-118.79999999999997,34.549999999999955],[-118.82499999999997,34.549999999999955],[-118.82499999999997,34.524999999999956]]]}},{"type":"Feature","properties":{"nearestScore":99,"avg5Score":96.2,"nearestDist":9.227,"reachMin":110.7,"walkMin":110.7,"bikeMin":36.9,"driveMin":13.8},"geometry":{"type":"Polygon","coordinates":[[[-118.79999999999997,34.524999999999956],[-118.77499999999996,34.524999999999956],[-118.77499999999996,34.549999999999955],[-118.79999999999997,34.549999999999955],[-118.79999999999997,34.524999999999956]]]}},{"type":"Feature","properties":{"nearestScore":99,"avg5Score":96.2,"nearestDist":7.845,"reachMin":94.1,"walkMin":94.1,"bikeMin":31.4,"driveMin":11.8},"geometry":{"type":"Polygon","coordinates":[[[-118.77499999999996,34.524999999999956],[-118.74999999999996,34.524999999999956],[-118.74999999999996,34.549999999999955],[-118.77499999999996,34.549999999999955],[-118.77499999999996,34.524999999999956]]]}},{"type":"Feature","properties":{"nearestScore":99,"avg5Score":96.2,"nearestDist":6.961,"reachMin":83.5,"walkMin":83.5,"bikeMin":27.8,"driveMin":10.4},"geometry":{"type":"Polygon","coordinates":[[[-118.74999999999996,34.524999999999956],[-118.72499999999995,34.524999999999956],[-118.72499999999995,34.549999999999955],[-118.74999999999996,34.549999999999955],[-118.74999999999996,34.524999999999956]]]}},{"type":"Feature","properties":{"nearestScore":99,"avg5Score":96.2,"nearestDist":6.769,"reachMin":81.2,"walkMin":81.2,"bikeMin":27.1,"driveMin":10.2},"geometry":{"type":"Polygon","coordinates":[[[-118.72499999999995,34.524999999999956],[-118.69999999999995,34.524999999999956],[-118.69999999999995,34.549999999999955],[-118.72499999999995,34.549999999999955],[-118.72499999999995,34.524999999999956]]]}},{"type":"Feature","properties":{"nearestScore":98,"avg5Score":96.2,"nearestDist":6.939,"reachMin":83.3,"walkMin":83.3,"bikeMin":27.8,"driveMin":10.4},"geometry":{"type":"Polygon","coordinates":[[[-118.69999999999995,34.524999999999956],[-118.67499999999994,34.524999999999956],[-118.67499999999994,34.549999999999955],[-118.69999999999995,34.549999999999955],[-118.69999999999995,34.524999999999956]]]}},{"type":"Feature","properties":{"nearestScore":98,"avg5Score":95.8,"nearestDist":5.293,"reachMin":63.5,"walkMin":63.5,"bikeMin":21.2,"driveMin":7.9},"geometry":{"type":"Polygon","coordinates":[[[-118.67499999999994,34.524999999999956],[-118.64999999999993,34.524999999999956],[-118.64999999999993,34.549999999999955],[-118.67499999999994,34.549999999999955],[-118.67499999999994,34.524999999999956]]]}},{"type":"Feature","properties":{"nearestScore":98,"avg5Score":95.4,"nearestDist":4.287,"reachMin":51.4,"walkMin":51.4,"bikeMin":17.1,"driveMin":6.4},"geometry":{"type":"Polygon","coordinates":[[[-118.64999999999993,34.524999999999956],[-118.62499999999993,34.524999999999956],[-118.62499999999993,34.549999999999955],[-118.64999999999993,34.549999999999955],[-118.64999999999993,34.524999999999956]]]}},{"type":"Feature","properties":{"nearestScore":98,"avg5Score":95.2,"nearestDist":4.386,"reachMin":52.6,"walkMin":52.6,"bikeMin":17.5,"driveMin":6.6},"geometry":{"type":"Polygon","coordinates":[[[-118.62499999999993,34.524999999999956],[-118.59999999999992,34.524999999999956],[-118.59999999999992,34.549999999999955],[-118.62499999999993,34.549999999999955],[-118.62499999999993,34.524999999999956]]]}},{"type":"Feature","properties":{"nearestScore":95,"avg5Score":95.2,"nearestDist":5.501,"reachMin":66.0,"walkMin":66.0,"bikeMin":22.0,"driveMin":8.3},"geometry":{"type":"Polygon","coordinates":[[[-118.59999999999992,34.524999999999956],[-118.57499999999992,34.524999999999956],[-118.57499999999992,34.549999999999955],[-118.59999999999992,34.549999999999955],[-118.59999999999992,34.524999999999956]]]}},{"type":"Feature","properties":{"nearestScore":95,"avg5Score":94.4,"nearestDist":7.114,"reachMin":85.4,"walkMin":85.4,"bikeMin":28.5,"driveMin":10.7},"geometry":{"type":"Polygon","coordinates":[[[-118.57499999999992,34.524999999999956],[-118.54999999999991,34.524999999999956],[-118.54999999999991,34.549999999999955],[-118.57499999999992,34.549999999999955],[-118.57499999999992,34.524999999999956]]]}},{"type":"Feature","properties":{"nearestScore":94,"avg5Score":94.4,"nearestDist":8.495,"reachMin":101.9,"walkMin":101.9,"bikeMin":34.0,"driveMin":12.7},"geometry":{"type":"Polygon","coordinates":[[[-118.54999999999991,34.524999999999956],[-118.5249999999999,34.524999999999956],[-118.5249999999999,34.549999999999955],[-118.54999999999991,34.549999999999955],[-118.54999999999991,34.524999999999956]]]}},{"type":"Feature","properties":{"nearestScore":91,"avg5Score":91.6,"nearestDist":8.505,"reachMin":102.1,"walkMin":102.1,"bikeMin":34.0,"driveMin":12.8},"geometry":{"type":"Polygon","coordinates":[[[-118.5249999999999,34.524999999999956],[-118.4999999999999,34.524999999999956],[-118.4999999999999,34.549999999999955],[-118.5249999999999,34.549999999999955],[-118.5249999999999,34.524999999999956]]]}},{"type":"Feature","properties":{"nearestScore":91,"avg5Score":89.2,"nearestDist":8.791,"reachMin":105.5,"walkMin":105.5,"bikeMin":35.2,"driveMin":13.2},"geometry":{"type":"Polygon","coordinates":[[[-118.4999999999999,34.524999999999956],[-118.4749999999999,34.524999999999956],[-118.4749999999999,34.549999999999955],[-118.4999999999999,34.549999999999955],[-118.4999999999999,34.524999999999956]]]}},{"type":"Feature","properties":{"nearestScore":84,"avg5Score":89.8,"nearestDist":9.526,"reachMin":114.3,"walkMin":114.3,"bikeMin":38.1,"driveMin":14.3},"geometry":{"type":"Polygon","coordinates":[[[-118.4749999999999,34.524999999999956],[-118.44999999999989,34.524999999999956],[-118.44999999999989,34.549999999999955],[-118.4749999999999,34.549999999999955],[-118.4749999999999,34.524999999999956]]]}},{"type":"Feature","properties":{"nearestScore":94,"avg5Score":93.4,"nearestDist":8.036,"reachMin":96.4,"walkMin":96.4,"bikeMin":32.1,"driveMin":12.1},"geometry":{"type":"Polygon","coordinates":[[[-118.44999999999989,34.524999999999956],[-118.42499999999988,34.524999999999956],[-118.42499999999988,34.549999999999955],[-118.44999999999989,34.549999999999955],[-118.44999999999989,34.524999999999956]]]}},{"type":"Feature","properties":{"nearestScore":94,"avg5Score":93.4,"nearestDist":5.968,"reachMin":71.6,"walkMin":71.6,"bikeMin":23.9,"driveMin":9.0},"geometry":{"type":"Polygon","coordinates":[[[-118.42499999999988,34.524999999999956],[-118.39999999999988,34.524999999999956],[-118.39999999999988,34.549999999999955],[-118.42499999999988,34.549999999999955],[-118.42499999999988,34.524999999999956]]]}},{"type":"Feature","properties":{"nearestScore":94,"avg5Score":90.8,"nearestDist":4.141,"reachMin":49.7,"walkMin":49.7,"bikeMin":16.6,"driveMin":6.2},"geometry":{"type":"Polygon","coordinates":[[[-118.39999999999988,34.524999999999956],[-118.37499999999987,34.524999999999956],[-118.37499999999987,34.549999999999955],[-118.39999999999988,34.549999999999955],[-118.39999999999988,34.524999999999956]]]}},{"type":"Feature","properties":{"nearestScore":94,"avg5Score":90.8,"nearestDist":3.029,"reachMin":36.3,"walkMin":36.3,"bikeMin":12.1,"driveMin":4.5},"geometry":{"type":"Polygon","coordinates":[[[-118.37499999999987,34.524999999999956],[-118.34999999999987,34.524999999999956],[-118.34999999999987,34.549999999999955],[-118.37499999999987,34.549999999999955],[-118.37499999999987,34.524999999999956]]]}},{"type":"Feature","properties":{"nearestScore":94,"avg5Score":90.8,"nearestDist":3.419,"reachMin":41.0,"walkMin":41.0,"bikeMin":13.7,"driveMin":5.1},"geometry":{"type":"Polygon","coordinates":[[[-118.34999999999987,34.524999999999956],[-118.32499999999986,34.524999999999956],[-118.32499999999986,34.549999999999955],[-118.34999999999987,34.549999999999955],[-118.34999999999987,34.524999999999956]]]}},{"type":"Feature","properties":{"nearestScore":85,"avg5Score":90.8,"nearestDist":4.786,"reachMin":57.4,"walkMin":57.4,"bikeMin":19.1,"driveMin":7.2},"geometry":{"type":"Polygon","coordinates":[[[-118.32499999999986,34.524999999999956],[-118.29999999999986,34.524999999999956],[-118.29999999999986,34.549999999999955],[-118.32499999999986,34.549999999999955],[-118.32499999999986,34.524999999999956]]]}},{"type":"Feature","properties":{"nearestScore":85,"avg5Score":90.8,"nearestDist":5.825,"reachMin":69.9,"walkMin":69.9,"bikeMin":23.3,"driveMin":8.7},"geometry":{"type":"Polygon","coordinates":[[[-118.29999999999986,34.524999999999956],[-118.27499999999985,34.524999999999956],[-118.27499999999985,34.549999999999955],[-118.29999999999986,34.549999999999955],[-118.29999999999986,34.524999999999956]]]}},{"type":"Feature","properties":{"nearestScore":93,"avg5Score":90.6,"nearestDist":7.403,"reachMin":88.8,"walkMin":88.8,"bikeMin":29.6,"driveMin":11.1},"geometry":{"type":"Polygon","coordinates":[[[-118.27499999999985,34.524999999999956],[-118.24999999999984,34.524999999999956],[-118.24999999999984,34.549999999999955],[-118.27499999999985,34.549999999999955],[-118.27499999999985,34.524999999999956]]]}},{"type":"Feature","properties":{"nearestScore":93,"avg5Score":91.6,"nearestDist":5.924,"reachMin":71.1,"walkMin":71.1,"bikeMin":23.7,"driveMin":8.9},"geometry":{"type":"Polygon","coordinates":[[[-118.24999999999984,34.524999999999956],[-118.22499999999984,34.524999999999956],[-118.22499999999984,34.549999999999955],[-118.24999999999984,34.549999999999955],[-118.24999999999984,34.524999999999956]]]}},{"type":"Feature","properties":{"nearestScore":93,"avg5Score":91.6,"nearestDist":5.087,"reachMin":61.0,"walkMin":61.0,"bikeMin":20.3,"driveMin":7.6},"geometry":{"type":"Polygon","coordinates":[[[-118.22499999999984,34.524999999999956],[-118.19999999999983,34.524999999999956],[-118.19999999999983,34.549999999999955],[-118.22499999999984,34.549999999999955],[-118.22499999999984,34.524999999999956]]]}},{"type":"Feature","properties":{"nearestScore":81,"avg5Score":89.2,"nearestDist":5.011,"reachMin":60.1,"walkMin":60.1,"bikeMin":20.0,"driveMin":7.5},"geometry":{"type":"Polygon","coordinates":[[[-118.19999999999983,34.524999999999956],[-118.17499999999983,34.524999999999956],[-118.17499999999983,34.549999999999955],[-118.19999999999983,34.549999999999955],[-118.19999999999983,34.524999999999956]]]}},{"type":"Feature","properties":{"nearestScore":92,"avg5Score":93.2,"nearestDist":4.889,"reachMin":58.7,"walkMin":58.7,"bikeMin":19.6,"driveMin":7.3},"geometry":{"type":"Polygon","coordinates":[[[-118.17499999999983,34.524999999999956],[-118.14999999999982,34.524999999999956],[-118.14999999999982,34.549999999999955],[-118.17499999999983,34.549999999999955],[-118.17499999999983,34.524999999999956]]]}},{"type":"Feature","properties":{"nearestScore":92,"avg5Score":95.0,"nearestDist":2.985,"reachMin":35.8,"walkMin":35.8,"bikeMin":11.9,"driveMin":4.5},"geometry":{"type":"Polygon","coordinates":[[[-118.14999999999982,34.524999999999956],[-118.12499999999982,34.524999999999956],[-118.12499999999982,34.549999999999955],[-118.14999999999982,34.549999999999955],[-118.14999999999982,34.524999999999956]]]}},{"type":"Feature","properties":{"nearestScore":92,"avg5Score":94.0,"nearestDist":2.097,"reachMin":25.2,"walkMin":25.2,"bikeMin":8.4,"driveMin":3.1},"geometry":{"type":"Polygon","coordinates":[[[-118.12499999999982,34.524999999999956],[-118.09999999999981,34.524999999999956],[-118.09999999999981,34.549999999999955],[-118.12499999999982,34.549999999999955],[-118.12499999999982,34.524999999999956]]]}},{"type":"Feature","properties":{"nearestScore":86,"avg5Score":92.6,"nearestDist":2.147,"reachMin":25.8,"walkMin":25.8,"bikeMin":8.6,"driveMin":3.2},"geometry":{"type":"Polygon","coordinates":[[[-118.09999999999981,34.524999999999956],[-118.0749999999998,34.524999999999956],[-118.0749999999998,34.549999999999955],[-118.09999999999981,34.549999999999955],[-118.09999999999981,34.524999999999956]]]}},{"type":"Feature","properties":{"nearestScore":98,"avg5Score":93.4,"nearestDist":2.299,"reachMin":27.6,"walkMin":27.6,"bikeMin":9.2,"driveMin":3.4},"geometry":{"type":"Polygon","coordinates":[[[-118.0749999999998,34.524999999999956],[-118.0499999999998,34.524999999999956],[-118.0499999999998,34.549999999999955],[-118.0749999999998,34.549999999999955],[-118.0749999999998,34.524999999999956]]]}},{"type":"Feature","properties":{"nearestScore":96,"avg5Score":98.0,"nearestDist":0.783,"reachMin":9.4,"walkMin":9.4,"bikeMin":3.1,"driveMin":1.2},"geometry":{"type":"Polygon","coordinates":[[[-118.0499999999998,34.524999999999956],[-118.02499999999979,34.524999999999956],[-118.02499999999979,34.549999999999955],[-118.0499999999998,34.549999999999955],[-118.0499999999998,34.524999999999956]]]}},{"type":"Feature","properties":{"nearestScore":91,"avg5Score":96.4,"nearestDist":1.181,"reachMin":14.2,"walkMin":14.2,"bikeMin":4.7,"driveMin":1.8},"geometry":{"type":"Polygon","coordinates":[[[-118.02499999999979,34.524999999999956],[-117.99999999999979,34.524999999999956],[-117.99999999999979,34.549999999999955],[-118.02499999999979,34.549999999999955],[-118.02499999999979,34.524999999999956]]]}},{"type":"Feature","properties":{"nearestScore":94,"avg5Score":93.6,"nearestDist":1.378,"reachMin":16.5,"walkMin":16.5,"bikeMin":5.5,"driveMin":2.1},"geometry":{"type":"Polygon","coordinates":[[[-117.99999999999979,34.524999999999956],[-117.97499999999978,34.524999999999956],[-117.97499999999978,34.549999999999955],[-117.99999999999979,34.549999999999955],[-117.99999999999979,34.524999999999956]]]}},{"type":"Feature","properties":{"nearestScore":94,"avg5Score":93.2,"nearestDist":1.206,"reachMin":14.5,"walkMin":14.5,"bikeMin":4.8,"driveMin":1.8},"geometry":{"type":"Polygon","coordinates":[[[-117.97499999999978,34.524999999999956],[-117.94999999999978,34.524999999999956],[-117.94999999999978,34.549999999999955],[-117.97499999999978,34.549999999999955],[-117.97499999999978,34.524999999999956]]]}},{"type":"Feature","properties":{"nearestScore":94,"avg5Score":93.2,"nearestDist":3.391,"reachMin":40.7,"walkMin":40.7,"bikeMin":13.6,"driveMin":5.1},"geometry":{"type":"Polygon","coordinates":[[[-117.94999999999978,34.524999999999956],[-117.92499999999977,34.524999999999956],[-117.92499999999977,34.549999999999955],[-117.94999999999978,34.549999999999955],[-117.94999999999978,34.524999999999956]]]}},{"type":"Feature","properties":{"nearestScore":93,"avg5Score":93.2,"nearestDist":3.589,"reachMin":43.1,"walkMin":43.1,"bikeMin":14.4,"driveMin":5.4},"geometry":{"type":"Polygon","coordinates":[[[-117.92499999999977,34.524999999999956],[-117.89999999999976,34.524999999999956],[-117.89999999999976,34.549999999999955],[-117.92499999999977,34.549999999999955],[-117.92499999999977,34.524999999999956]]]}},{"type":"Feature","properties":{"nearestScore":93,"avg5Score":93.2,"nearestDist":3.705,"reachMin":44.5,"walkMin":44.5,"bikeMin":14.8,"driveMin":5.6},"geometry":{"type":"Polygon","coordinates":[[[-117.89999999999976,34.524999999999956],[-117.87499999999976,34.524999999999956],[-117.87499999999976,34.549999999999955],[-117.89999999999976,34.549999999999955],[-117.89999999999976,34.524999999999956]]]}},{"type":"Feature","properties":{"nearestScore":93,"avg5Score":96.4,"nearestDist":5.007,"reachMin":60.1,"walkMin":60.1,"bikeMin":20.0,"driveMin":7.5},"geometry":{"type":"Polygon","coordinates":[[[-117.87499999999976,34.524999999999956],[-117.84999999999975,34.524999999999956],[-117.84999999999975,34.549999999999955],[-117.87499999999976,34.549999999999955],[-117.87499999999976,34.524999999999956]]]}},{"type":"Feature","properties":{"nearestScore":93,"avg5Score":96.4,"nearestDist":6.848,"reachMin":82.2,"walkMin":82.2,"bikeMin":27.4,"driveMin":10.3},"geometry":{"type":"Polygon","coordinates":[[[-117.84999999999975,34.524999999999956],[-117.82499999999975,34.524999999999956],[-117.82499999999975,34.549999999999955],[-117.84999999999975,34.549999999999955],[-117.84999999999975,34.524999999999956]]]}},{"type":"Feature","properties":{"nearestScore":96,"avg5Score":97.0,"nearestDist":7.065,"reachMin":84.8,"walkMin":84.8,"bikeMin":28.3,"driveMin":10.6},"geometry":{"type":"Polygon","coordinates":[[[-117.82499999999975,34.524999999999956],[-117.79999999999974,34.524999999999956],[-117.79999999999974,34.549999999999955],[-117.82499999999975,34.549999999999955],[-117.82499999999975,34.524999999999956]]]}},{"type":"Feature","properties":{"nearestScore":96,"avg5Score":97.0,"nearestDist":7.794,"reachMin":93.5,"walkMin":93.5,"bikeMin":31.2,"driveMin":11.7},"geometry":{"type":"Polygon","coordinates":[[[-117.79999999999974,34.524999999999956],[-117.77499999999974,34.524999999999956],[-117.77499999999974,34.549999999999955],[-117.79999999999974,34.549999999999955],[-117.79999999999974,34.524999999999956]]]}},{"type":"Feature","properties":{"nearestScore":96,"avg5Score":97.0,"nearestDist":9.059,"reachMin":108.7,"walkMin":108.7,"bikeMin":36.2,"driveMin":13.6},"geometry":{"type":"Polygon","coordinates":[[[-117.77499999999974,34.524999999999956],[-117.74999999999973,34.524999999999956],[-117.74999999999973,34.549999999999955],[-117.77499999999974,34.549999999999955],[-117.77499999999974,34.524999999999956]]]}},{"type":"Feature","properties":{"nearestScore":96,"avg5Score":97.0,"nearestDist":10.671,"reachMin":128.1,"walkMin":128.1,"bikeMin":42.7,"driveMin":16.0},"geometry":{"type":"Polygon","coordinates":[[[-117.74999999999973,34.524999999999956],[-117.72499999999972,34.524999999999956],[-117.72499999999972,34.549999999999955],[-117.74999999999973,34.549999999999955],[-117.74999999999973,34.524999999999956]]]}},{"type":"Feature","properties":{"nearestScore":98,"avg5Score":97.4,"nearestDist":12.402,"reachMin":148.8,"walkMin":148.8,"bikeMin":49.6,"driveMin":18.6},"geometry":{"type":"Polygon","coordinates":[[[-117.72499999999972,34.524999999999956],[-117.69999999999972,34.524999999999956],[-117.69999999999972,34.549999999999955],[-117.72499999999972,34.549999999999955],[-117.72499999999972,34.524999999999956]]]}},{"type":"Feature","properties":{"nearestScore":98,"avg5Score":97.4,"nearestDist":12.566,"reachMin":150.8,"walkMin":150.8,"bikeMin":50.3,"driveMin":18.8},"geometry":{"type":"Polygon","coordinates":[[[-117.69999999999972,34.524999999999956],[-117.67499999999971,34.524999999999956],[-117.67499999999971,34.549999999999955],[-117.69999999999972,34.549999999999955],[-117.69999999999972,34.524999999999956]]]}},{"type":"Feature","properties":{"nearestScore":98,"avg5Score":97.4,"nearestDist":13.134,"reachMin":157.6,"walkMin":157.6,"bikeMin":52.5,"driveMin":19.7},"geometry":{"type":"Polygon","coordinates":[[[-117.67499999999971,34.524999999999956],[-117.64999999999971,34.524999999999956],[-117.64999999999971,34.549999999999955],[-117.67499999999971,34.549999999999955],[-117.67499999999971,34.524999999999956]]]}},{"type":"Feature","properties":{"nearestScore":99,"avg5Score":95.6,"nearestDist":20.416,"reachMin":245.0,"walkMin":245.0,"bikeMin":81.7,"driveMin":30.6},"geometry":{"type":"Polygon","coordinates":[[[-118.95,34.549999999999955],[-118.925,34.549999999999955],[-118.925,34.57499999999995],[-118.95,34.57499999999995],[-118.95,34.549999999999955]]]}},{"type":"Feature","properties":{"nearestScore":99,"avg5Score":96.2,"nearestDist":18.176,"reachMin":218.1,"walkMin":218.1,"bikeMin":72.7,"driveMin":27.3},"geometry":{"type":"Polygon","coordinates":[[[-118.925,34.549999999999955],[-118.89999999999999,34.549999999999955],[-118.89999999999999,34.57499999999995],[-118.925,34.57499999999995],[-118.925,34.549999999999955]]]}},{"type":"Feature","properties":{"nearestScore":99,"avg5Score":96.2,"nearestDist":15.951,"reachMin":191.4,"walkMin":191.4,"bikeMin":63.8,"driveMin":23.9},"geometry":{"type":"Polygon","coordinates":[[[-118.89999999999999,34.549999999999955],[-118.87499999999999,34.549999999999955],[-118.87499999999999,34.57499999999995],[-118.89999999999999,34.57499999999995],[-118.89999999999999,34.549999999999955]]]}},{"type":"Feature","properties":{"nearestScore":99,"avg5Score":96.2,"nearestDist":13.745,"reachMin":164.9,"walkMin":164.9,"bikeMin":55.0,"driveMin":20.6},"geometry":{"type":"Polygon","coordinates":[[[-118.87499999999999,34.549999999999955],[-118.84999999999998,34.549999999999955],[-118.84999999999998,34.57499999999995],[-118.87499999999999,34.57499999999995],[-118.87499999999999,34.549999999999955]]]}},{"type":"Feature","properties":{"nearestScore":99,"avg5Score":96.2,"nearestDist":11.573,"reachMin":138.9,"walkMin":138.9,"bikeMin":46.3,"driveMin":17.4},"geometry":{"type":"Polygon","coordinates":[[[-118.84999999999998,34.549999999999955],[-118.82499999999997,34.549999999999955],[-118.82499999999997,34.57499999999995],[-118.84999999999998,34.57499999999995],[-118.84999999999998,34.549999999999955]]]}},{"type":"Feature","properties":{"nearestScore":99,"avg5Score":96.2,"nearestDist":9.455,"reachMin":113.5,"walkMin":113.5,"bikeMin":37.8,"driveMin":14.2},"geometry":{"type":"Polygon","coordinates":[[[-118.82499999999997,34.549999999999955],[-118.79999999999997,34.549999999999955],[-118.79999999999997,34.57499999999995],[-118.82499999999997,34.57499999999995],[-118.82499999999997,34.549999999999955]]]}},{"type":"Feature","properties":{"nearestScore":99,"avg5Score":96.2,"nearestDist":7.44,"reachMin":89.3,"walkMin":89.3,"bikeMin":29.8,"driveMin":11.2},"geometry":{"type":"Polygon","coordinates":[[[-118.79999999999997,34.549999999999955],[-118.77499999999996,34.549999999999955],[-118.77499999999996,34.57499999999995],[-118.79999999999997,34.57499999999995],[-118.79999999999997,34.549999999999955]]]}},{"type":"Feature","properties":{"nearestScore":99,"avg5Score":96.2,"nearestDist":5.637,"reachMin":67.6,"walkMin":67.6,"bikeMin":22.5,"driveMin":8.5},"geometry":{"type":"Polygon","coordinates":[[[-118.77499999999996,34.549999999999955],[-118.74999999999996,34.549999999999955],[-118.74999999999996,34.57499999999995],[-118.77499999999996,34.57499999999995],[-118.77499999999996,34.549999999999955]]]}},{"type":"Feature","properties":{"nearestScore":99,"avg5Score":96.2,"nearestDist":4.321,"reachMin":51.9,"walkMin":51.9,"bikeMin":17.3,"driveMin":6.5},"geometry":{"type":"Polygon","coordinates":[[[-118.74999999999996,34.549999999999955],[-118.72499999999995,34.549999999999955],[-118.72499999999995,34.57499999999995],[-118.74999999999996,34.57499999999995],[-118.74999999999996,34.549999999999955]]]}},{"type":"Feature","properties":{"nearestScore":99,"avg5Score":96.2,"nearestDist":4.006,"reachMin":48.1,"walkMin":48.1,"bikeMin":16.0,"driveMin":6.0},"geometry":{"type":"Polygon","coordinates":[[[-118.72499999999995,34.549999999999955],[-118.69999999999995,34.549999999999955],[-118.69999999999995,34.57499999999995],[-118.72499999999995,34.57499999999995],[-118.72499999999995,34.549999999999955]]]}},{"type":"Feature","properties":{"nearestScore":99,"avg5Score":96.2,"nearestDist":4.889,"reachMin":58.7,"walkMin":58.7,"bikeMin":19.6,"driveMin":7.3},"geometry":{"type":"Polygon","coordinates":[[[-118.69999999999995,34.549999999999955],[-118.67499999999994,34.549999999999955],[-118.67499999999994,34.57499999999995],[-118.69999999999995,34.57499999999995],[-118.69999999999995,34.549999999999955]]]}},{"type":"Feature","properties":{"nearestScore":99,"avg5Score":97.2,"nearestDist":6.499,"reachMin":78.0,"walkMin":78.0,"bikeMin":26.0,"driveMin":9.7},"geometry":{"type":"Polygon","coordinates":[[[-118.67499999999994,34.549999999999955],[-118.64999999999993,34.549999999999955],[-118.64999999999993,34.57499999999995],[-118.67499999999994,34.57499999999995],[-118.67499999999994,34.549999999999955]]]}},{"type":"Feature","properties":{"nearestScore":98,"avg5Score":95.4,"nearestDist":7.024,"reachMin":84.3,"walkMin":84.3,"bikeMin":28.1,"driveMin":10.5},"geometry":{"type":"Polygon","coordinates":[[[-118.64999999999993,34.549999999999955],[-118.62499999999993,34.549999999999955],[-118.62499999999993,34.57499999999995],[-118.64999999999993,34.57499999999995],[-118.64999999999993,34.549999999999955]]]}},{"type":"Feature","properties":{"nearestScore":98,"avg5Score":95.2,"nearestDist":7.085,"reachMin":85.0,"walkMin":85.0,"bikeMin":28.3,"driveMin":10.6},"geometry":{"type":"Polygon","coordinates":[[[-118.62499999999993,34.549999999999955],[-118.59999999999992,34.549999999999955],[-118.59999999999992,34.57499999999995],[-118.62499999999993,34.57499999999995],[-118.62499999999993,34.549999999999955]]]}},{"type":"Feature","properties":{"nearestScore":98,"avg5Score":95.2,"nearestDist":7.845,"reachMin":94.1,"walkMin":94.1,"bikeMin":31.4,"driveMin":11.8},"geometry":{"type":"Polygon","coordinates":[[[-118.59999999999992,34.549999999999955],[-118.57499999999992,34.549999999999955],[-118.57499999999992,34.57499999999995],[-118.59999999999992,34.57499999999995],[-118.59999999999992,34.549999999999955]]]}},{"type":"Feature","properties":{"nearestScore":95,"avg5Score":95.2,"nearestDist":9.1,"reachMin":109.2,"walkMin":109.2,"bikeMin":36.4,"driveMin":13.6},"geometry":{"type":"Polygon","coordinates":[[[-118.57499999999992,34.549999999999955],[-118.54999999999991,34.549999999999955],[-118.54999999999991,34.57499999999995],[-118.57499999999992,34.57499999999995],[-118.57499999999992,34.549999999999955]]]}},{"type":"Feature","properties":{"nearestScore":95,"avg5Score":94.4,"nearestDist":10.661,"reachMin":127.9,"walkMin":127.9,"bikeMin":42.6,"driveMin":16.0},"geometry":{"type":"Polygon","coordinates":[[[-118.54999999999991,34.549999999999955],[-118.5249999999999,34.549999999999955],[-118.5249999999999,34.57499999999995],[-118.54999999999991,34.57499999999995],[-118.54999999999991,34.549999999999955]]]}},{"type":"Feature","properties":{"nearestScore":91,"avg5Score":91.6,"nearestDist":11.285,"reachMin":135.4,"walkMin":135.4,"bikeMin":45.1,"driveMin":16.9},"geometry":{"type":"Polygon","coordinates":[[[-118.5249999999999,34.549999999999955],[-118.4999999999999,34.549999999999955],[-118.4999999999999,34.57499999999995],[-118.5249999999999,34.57499999999995],[-118.5249999999999,34.549999999999955]]]}},{"type":"Feature","properties":{"nearestScore":98,"avg5Score":92.2,"nearestDist":9.735,"reachMin":116.8,"walkMin":116.8,"bikeMin":38.9,"driveMin":14.6},"geometry":{"type":"Polygon","coordinates":[[[-118.4999999999999,34.549999999999955],[-118.4749999999999,34.549999999999955],[-118.4749999999999,34.57499999999995],[-118.4999999999999,34.57499999999995],[-118.4999999999999,34.549999999999955]]]}},{"type":"Feature","properties":{"nearestScore":98,"avg5Score":93.2,"nearestDist":8.053,"reachMin":96.6,"walkMin":96.6,"bikeMin":32.2,"driveMin":12.1},"geometry":{"type":"Polygon","coordinates":[[[-118.4749999999999,34.549999999999955],[-118.44999999999989,34.549999999999955],[-118.44999999999989,34.57499999999995],[-118.4749999999999,34.57499999999995],[-118.4749999999999,34.549999999999955]]]}},{"type":"Feature","properties":{"nearestScore":98,"avg5Score":93.4,"nearestDist":6.737,"reachMin":80.8,"walkMin":80.8,"bikeMin":26.9,"driveMin":10.1},"geometry":{"type":"Polygon","coordinates":[[[-118.44999999999989,34.549999999999955],[-118.42499999999988,34.549999999999955],[-118.42499999999988,34.57499999999995],[-118.44999999999989,34.57499999999995],[-118.44999999999989,34.549999999999955]]]}},{"type":"Feature","properties":{"nearestScore":98,"avg5Score":89.6,"nearestDist":6.034,"reachMin":72.4,"walkMin":72.4,"bikeMin":24.1,"driveMin":9.1},"geometry":{"type":"Polygon","coordinates":[[[-118.42499999999988,34.549999999999955],[-118.39999999999988,34.549999999999955],[-118.39999999999988,34.57499999999995],[-118.42499999999988,34.57499999999995],[-118.42499999999988,34.549999999999955]]]}},{"type":"Feature","properties":{"nearestScore":98,"avg5Score":91.8,"nearestDist":6.157,"reachMin":73.9,"walkMin":73.9,"bikeMin":24.6,"driveMin":9.2},"geometry":{"type":"Polygon","coordinates":[[[-118.39999999999988,34.549999999999955],[-118.37499999999987,34.549999999999955],[-118.37499999999987,34.57499999999995],[-118.39999999999988,34.57499999999995],[-118.39999999999988,34.549999999999955]]]}},{"type":"Feature","properties":{"nearestScore":94,"avg5Score":91.8,"nearestDist":5.781,"reachMin":69.4,"walkMin":69.4,"bikeMin":23.1,"driveMin":8.7},"geometry":{"type":"Polygon","coordinates":[[[-118.37499999999987,34.549999999999955],[-118.34999999999987,34.549999999999955],[-118.34999999999987,34.57499999999995],[-118.37499999999987,34.57499999999995],[-118.37499999999987,34.549999999999955]]]}},{"type":"Feature","properties":{"nearestScore":94,"avg5Score":91.6,"nearestDist":5.994,"reachMin":71.9,"walkMin":71.9,"bikeMin":24.0,"driveMin":9.0},"geometry":{"type":"Polygon","coordinates":[[[-118.34999999999987,34.549999999999955],[-118.32499999999986,34.549999999999955],[-118.32499999999986,34.57499999999995],[-118.34999999999987,34.57499999999995],[-118.34999999999987,34.549999999999955]]]}},{"type":"Feature","properties":{"nearestScore":97,"avg5Score":92.6,"nearestDist":6.499,"reachMin":78.0,"walkMin":78.0,"bikeMin":26.0,"driveMin":9.7},"geometry":{"type":"Polygon","coordinates":[[[-118.32499999999986,34.549999999999955],[-118.29999999999986,34.549999999999955],[-118.29999999999986,34.57499999999995],[-118.32499999999986,34.57499999999995],[-118.32499999999986,34.549999999999955]]]}},{"type":"Feature","properties":{"nearestScore":92,"avg5Score":91.2,"nearestDist":6.101,"reachMin":73.2,"walkMin":73.2,"bikeMin":24.4,"driveMin":9.2},"geometry":{"type":"Polygon","coordinates":[[[-118.29999999999986,34.549999999999955],[-118.27499999999985,34.549999999999955],[-118.27499999999985,34.57499999999995],[-118.29999999999986,34.57499999999995],[-118.29999999999986,34.549999999999955]]]}},{"type":"Feature","properties":{"nearestScore":92,"avg5Score":96.6,"nearestDist":6.487,"reachMin":77.8,"walkMin":77.8,"bikeMin":25.9,"driveMin":9.7},"geometry":{"type":"Polygon","coordinates":[[[-118.27499999999985,34.549999999999955],[-118.24999999999984,34.549999999999955],[-118.24999999999984,34.57499999999995],[-118.27499999999985,34.57499999999995],[-118.27499999999985,34.549999999999955]]]}},{"type":"Feature","properties":{"nearestScore":94,"avg5Score":94.0,"nearestDist":6.453,"reachMin":77.4,"walkMin":77.4,"bikeMin":25.8,"driveMin":9.7},"geometry":{"type":"Polygon","coordinates":[[[-118.24999999999984,34.549999999999955],[-118.22499999999984,34.549999999999955],[-118.22499999999984,34.57499999999995],[-118.24999999999984,34.57499999999995],[-118.24999999999984,34.549999999999955]]]}},{"type":"Feature","properties":{"nearestScore":93,"avg5Score":94.0,"nearestDist":5.057,"reachMin":60.7,"walkMin":60.7,"bikeMin":20.2,"driveMin":7.6},"geometry":{"type":"Polygon","coordinates":[[[-118.22499999999984,34.549999999999955],[-118.19999999999983,34.549999999999955],[-118.19999999999983,34.57499999999995],[-118.22499999999984,34.57499999999995],[-118.22499999999984,34.549999999999955]]]}},{"type":"Feature","properties":{"nearestScore":97,"avg5Score":95.0,"nearestDist":4.389,"reachMin":52.7,"walkMin":52.7,"bikeMin":17.6,"driveMin":6.6},"geometry":{"type":"Polygon","coordinates":[[[-118.19999999999983,34.549999999999955],[-118.17499999999983,34.549999999999955],[-118.17499999999983,34.57499999999995],[-118.19999999999983,34.57499999999995],[-118.19999999999983,34.549999999999955]]]}},{"type":"Feature","properties":{"nearestScore":96,"avg5Score":94.2,"nearestDist":2.913,"reachMin":35.0,"walkMin":35.0,"bikeMin":11.7,"driveMin":4.4},"geometry":{"type":"Polygon","coordinates":[[[-118.17499999999983,34.549999999999955],[-118.14999999999982,34.549999999999955],[-118.14999999999982,34.57499999999995],[-118.17499999999983,34.57499999999995],[-118.17499999999983,34.549999999999955]]]}},{"type":"Feature","properties":{"nearestScore":98,"avg5Score":95.4,"nearestDist":2.078,"reachMin":24.9,"walkMin":24.9,"bikeMin":8.3,"driveMin":3.1},"geometry":{"type":"Polygon","coordinates":[[[-118.14999999999982,34.549999999999955],[-118.12499999999982,34.549999999999955],[-118.12499999999982,34.57499999999995],[-118.14999999999982,34.57499999999995],[-118.14999999999982,34.549999999999955]]]}},{"type":"Feature","properties":{"nearestScore":92,"avg5Score":94.8,"nearestDist":0.707,"reachMin":8.5,"walkMin":8.5,"bikeMin":2.8,"driveMin":1.1},"geometry":{"type":"Polygon","coordinates":[[[-118.12499999999982,34.549999999999955],[-118.09999999999981,34.549999999999955],[-118.09999999999981,34.57499999999995],[-118.12499999999982,34.57499999999995],[-118.12499999999982,34.549999999999955]]]}},{"type":"Feature","properties":{"nearestScore":94,"avg5Score":94.6,"nearestDist":0.485,"reachMin":5.8,"walkMin":5.8,"bikeMin":1.9,"driveMin":0.7},"geometry":{"type":"Polygon","coordinates":[[[-118.09999999999981,34.549999999999955],[-118.0749999999998,34.549999999999955],[-118.0749999999998,34.57499999999995],[-118.09999999999981,34.57499999999995],[-118.09999999999981,34.549999999999955]]]}},{"type":"Feature","properties":{"nearestScore":98,"avg5Score":93.8,"nearestDist":0.564,"reachMin":6.8,"walkMin":6.8,"bikeMin":2.3,"driveMin":0.8},"geometry":{"type":"Polygon","coordinates":[[[-118.0749999999998,34.549999999999955],[-118.0499999999998,34.549999999999955],[-118.0499999999998,34.57499999999995],[-118.0749999999998,34.57499999999995],[-118.0749999999998,34.549999999999955]]]}},{"type":"Feature","properties":{"nearestScore":95,"avg5Score":93.0,"nearestDist":0.792,"reachMin":9.5,"walkMin":9.5,"bikeMin":3.2,"driveMin":1.2},"geometry":{"type":"Polygon","coordinates":[[[-118.0499999999998,34.549999999999955],[-118.02499999999979,34.549999999999955],[-118.02499999999979,34.57499999999995],[-118.0499999999998,34.57499999999995],[-118.0499999999998,34.549999999999955]]]}},{"type":"Feature","properties":{"nearestScore":96,"avg5Score":98.0,"nearestDist":2.82,"reachMin":33.8,"walkMin":33.8,"bikeMin":11.3,"driveMin":4.2},"geometry":{"type":"Polygon","coordinates":[[[-118.02499999999979,34.549999999999955],[-117.99999999999979,34.549999999999955],[-117.99999999999979,34.57499999999995],[-118.02499999999979,34.57499999999995],[-118.02499999999979,34.549999999999955]]]}},{"type":"Feature","properties":{"nearestScore":96,"avg5Score":94.2,"nearestDist":2.304,"reachMin":27.6,"walkMin":27.6,"bikeMin":9.2,"driveMin":3.5},"geometry":{"type":"Polygon","coordinates":[[[-117.99999999999979,34.549999999999955],[-117.97499999999978,34.549999999999955],[-117.97499999999978,34.57499999999995],[-117.99999999999979,34.57499999999995],[-117.99999999999979,34.549999999999955]]]}},{"type":"Feature","properties":{"nearestScore":95,"avg5Score":94.8,"nearestDist":1.865,"reachMin":22.4,"walkMin":22.4,"bikeMin":7.5,"driveMin":2.8},"geometry":{"type":"Polygon","coordinates":[[[-117.97499999999978,34.549999999999955],[-117.94999999999978,34.549999999999955],[-117.94999999999978,34.57499999999995],[-117.97499999999978,34.57499999999995],[-117.97499999999978,34.549999999999955]]]}},{"type":"Feature","properties":{"nearestScore":95,"avg5Score":94.8,"nearestDist":3.417,"reachMin":41.0,"walkMin":41.0,"bikeMin":13.7,"driveMin":5.1},"geometry":{"type":"Polygon","coordinates":[[[-117.94999999999978,34.549999999999955],[-117.92499999999977,34.549999999999955],[-117.92499999999977,34.57499999999995],[-117.94999999999978,34.57499999999995],[-117.94999999999978,34.549999999999955]]]}},{"type":"Feature","properties":{"nearestScore":95,"avg5Score":93.8,"nearestDist":5.51,"reachMin":66.1,"walkMin":66.1,"bikeMin":22.0,"driveMin":8.3},"geometry":{"type":"Polygon","coordinates":[[[-117.92499999999977,34.549999999999955],[-117.89999999999976,34.549999999999955],[-117.89999999999976,34.57499999999995],[-117.92499999999977,34.57499999999995],[-117.92499999999977,34.549999999999955]]]}},{"type":"Feature","properties":{"nearestScore":93,"avg5Score":96.4,"nearestDist":6.378,"reachMin":76.5,"walkMin":76.5,"bikeMin":25.5,"driveMin":9.6},"geometry":{"type":"Polygon","coordinates":[[[-117.89999999999976,34.549999999999955],[-117.87499999999976,34.549999999999955],[-117.87499999999976,34.57499999999995],[-117.89999999999976,34.57499999999995],[-117.89999999999976,34.549999999999955]]]}},{"type":"Feature","properties":{"nearestScore":96,"avg5Score":97.0,"nearestDist":5.358,"reachMin":64.3,"walkMin":64.3,"bikeMin":21.4,"driveMin":8.0},"geometry":{"type":"Polygon","coordinates":[[[-117.87499999999976,34.549999999999955],[-117.84999999999975,34.549999999999955],[-117.84999999999975,34.57499999999995],[-117.87499999999976,34.57499999999995],[-117.87499999999976,34.549999999999955]]]}},{"type":"Feature","properties":{"nearestScore":96,"avg5Score":97.0,"nearestDist":4.312,"reachMin":51.7,"walkMin":51.7,"bikeMin":17.2,"driveMin":6.5},"geometry":{"type":"Polygon","coordinates":[[[-117.84999999999975,34.549999999999955],[-117.82499999999975,34.549999999999955],[-117.82499999999975,34.57499999999995],[-117.84999999999975,34.57499999999995],[-117.84999999999975,34.549999999999955]]]}},{"type":"Feature","properties":{"nearestScore":96,"avg5Score":97.0,"nearestDist":4.354,"reachMin":52.2,"walkMin":52.2,"bikeMin":17.4,"driveMin":6.5},"geometry":{"type":"Polygon","coordinates":[[[-117.82499999999975,34.549999999999955],[-117.79999999999974,34.549999999999955],[-117.79999999999974,34.57499999999995],[-117.82499999999975,34.57499999999995],[-117.82499999999975,34.549999999999955]]]}},{"type":"Feature","properties":{"nearestScore":96,"avg5Score":97.0,"nearestDist":5.458,"reachMin":65.5,"walkMin":65.5,"bikeMin":21.8,"driveMin":8.2},"geometry":{"type":"Polygon","coordinates":[[[-117.79999999999974,34.549999999999955],[-117.77499999999974,34.549999999999955],[-117.77499999999974,34.57499999999995],[-117.79999999999974,34.57499999999995],[-117.79999999999974,34.549999999999955]]]}},{"type":"Feature","properties":{"nearestScore":96,"avg5Score":97.0,"nearestDist":7.149,"reachMin":85.8,"walkMin":85.8,"bikeMin":28.6,"driveMin":10.7},"geometry":{"type":"Polygon","coordinates":[[[-117.77499999999974,34.549999999999955],[-117.74999999999973,34.549999999999955],[-117.74999999999973,34.57499999999995],[-117.77499999999974,34.57499999999995],[-117.77499999999974,34.549999999999955]]]}},{"type":"Feature","properties":{"nearestScore":96,"avg5Score":96.4,"nearestDist":9.104,"reachMin":109.2,"walkMin":109.2,"bikeMin":36.4,"driveMin":13.7},"geometry":{"type":"Polygon","coordinates":[[[-117.74999999999973,34.549999999999955],[-117.72499999999972,34.549999999999955],[-117.72499999999972,34.57499999999995],[-117.74999999999973,34.57499999999995],[-117.74999999999973,34.549999999999955]]]}},{"type":"Feature","properties":{"nearestScore":96,"avg5Score":96.4,"nearestDist":11.187,"reachMin":134.2,"walkMin":134.2,"bikeMin":44.7,"driveMin":16.8},"geometry":{"type":"Polygon","coordinates":[[[-117.72499999999972,34.549999999999955],[-117.69999999999972,34.549999999999955],[-117.69999999999972,34.57499999999995],[-117.72499999999972,34.57499999999995],[-117.72499999999972,34.549999999999955]]]}},{"type":"Feature","properties":{"nearestScore":96,"avg5Score":96.4,"nearestDist":13.338,"reachMin":160.1,"walkMin":160.1,"bikeMin":53.4,"driveMin":20.0},"geometry":{"type":"Polygon","coordinates":[[[-117.69999999999972,34.549999999999955],[-117.67499999999971,34.549999999999955],[-117.67499999999971,34.57499999999995],[-117.69999999999972,34.57499999999995],[-117.69999999999972,34.549999999999955]]]}},{"type":"Feature","properties":{"nearestScore":96,"avg5Score":97.4,"nearestDist":15.528,"reachMin":186.3,"walkMin":186.3,"bikeMin":62.1,"driveMin":23.3},"geometry":{"type":"Polygon","coordinates":[[[-117.67499999999971,34.549999999999955],[-117.64999999999971,34.549999999999955],[-117.64999999999971,34.57499999999995],[-117.67499999999971,34.57499999999995],[-117.67499999999971,34.549999999999955]]]}},{"type":"Feature","properties":{"nearestScore":99,"avg5Score":95.6,"nearestDist":20.059,"reachMin":240.7,"walkMin":240.7,"bikeMin":80.2,"driveMin":30.1},"geometry":{"type":"Polygon","coordinates":[[[-118.95,34.57499999999995],[-118.925,34.57499999999995],[-118.925,34.59999999999995],[-118.95,34.59999999999995],[-118.95,34.57499999999995]]]}},{"type":"Feature","properties":{"nearestScore":99,"avg5Score":95.6,"nearestDist":17.775,"reachMin":213.3,"walkMin":213.3,"bikeMin":71.1,"driveMin":26.7},"geometry":{"type":"Polygon","coordinates":[[[-118.925,34.57499999999995],[-118.89999999999999,34.57499999999995],[-118.89999999999999,34.59999999999995],[-118.925,34.59999999999995],[-118.925,34.57499999999995]]]}},{"type":"Feature","properties":{"nearestScore":99,"avg5Score":95.2,"nearestDist":15.493,"reachMin":185.9,"walkMin":185.9,"bikeMin":62.0,"driveMin":23.2},"geometry":{"type":"Polygon","coordinates":[[[-118.89999999999999,34.57499999999995],[-118.87499999999999,34.57499999999995],[-118.87499999999999,34.59999999999995],[-118.89999999999999,34.59999999999995],[-118.89999999999999,34.57499999999995]]]}},{"type":"Feature","properties":{"nearestScore":99,"avg5Score":96.2,"nearestDist":13.212,"reachMin":158.5,"walkMin":158.5,"bikeMin":52.8,"driveMin":19.8},"geometry":{"type":"Polygon","coordinates":[[[-118.87499999999999,34.57499999999995],[-118.84999999999998,34.57499999999995],[-118.84999999999998,34.59999999999995],[-118.87499999999999,34.59999999999995],[-118.87499999999999,34.57499999999995]]]}},{"type":"Feature","properties":{"nearestScore":99,"avg5Score":96.2,"nearestDist":10.935,"reachMin":131.2,"walkMin":131.2,"bikeMin":43.7,"driveMin":16.4},"geometry":{"type":"Polygon","coordinates":[[[-118.84999999999998,34.57499999999995],[-118.82499999999997,34.57499999999995],[-118.82499999999997,34.59999999999995],[-118.84999999999998,34.59999999999995],[-118.84999999999998,34.57499999999995]]]}},{"type":"Feature","properties":{"nearestScore":99,"avg5Score":96.2,"nearestDist":8.664,"reachMin":104.0,"walkMin":104.0,"bikeMin":34.7,"driveMin":13.0},"geometry":{"type":"Polygon","coordinates":[[[-118.82499999999997,34.57499999999995],[-118.79999999999997,34.57499999999995],[-118.79999999999997,34.59999999999995],[-118.82499999999997,34.59999999999995],[-118.82499999999997,34.57499999999995]]]}},{"type":"Feature","properties":{"nearestScore":99,"avg5Score":96.2,"nearestDist":6.404,"reachMin":76.8,"walkMin":76.8,"bikeMin":25.6,"driveMin":9.6},"geometry":{"type":"Polygon","coordinates":[[[-118.79999999999997,34.57499999999995],[-118.77499999999996,34.57499999999995],[-118.77499999999996,34.59999999999995],[-118.79999999999997,34.59999999999995],[-118.79999999999997,34.57499999999995]]]}},{"type":"Feature","properties":{"nearestScore":99,"avg5Score":96.2,"nearestDist":4.177,"reachMin":50.1,"walkMin":50.1,"bikeMin":16.7,"driveMin":6.3},"geometry":{"type":"Polygon","coordinates":[[[-118.77499999999996,34.57499999999995],[-118.74999999999996,34.57499999999995],[-118.74999999999996,34.59999999999995],[-118.77499999999996,34.59999999999995],[-118.77499999999996,34.57499999999995]]]}},{"type":"Feature","properties":{"nearestScore":99,"avg5Score":96.2,"nearestDist":2.087,"reachMin":25.0,"walkMin":25.0,"bikeMin":8.3,"driveMin":3.1},"geometry":{"type":"Polygon","coordinates":[[[-118.74999999999996,34.57499999999995],[-118.72499999999995,34.57499999999995],[-118.72499999999995,34.59999999999995],[-118.74999999999996,34.59999999999995],[-118.74999999999996,34.57499999999995]]]}},{"type":"Feature","properties":{"nearestScore":99,"avg5Score":96.2,"nearestDist":1.316,"reachMin":15.8,"walkMin":15.8,"bikeMin":5.3,"driveMin":2.0},"geometry":{"type":"Polygon","coordinates":[[[-118.72499999999995,34.57499999999995],[-118.69999999999995,34.57499999999995],[-118.69999999999995,34.59999999999995],[-118.72499999999995,34.59999999999995],[-118.72499999999995,34.57499999999995]]]}},{"type":"Feature","properties":{"nearestScore":99,"avg5Score":97.2,"nearestDist":3.096,"reachMin":37.2,"walkMin":37.2,"bikeMin":12.4,"driveMin":4.6},"geometry":{"type":"Polygon","coordinates":[[[-118.69999999999995,34.57499999999995],[-118.67499999999994,34.57499999999995],[-118.67499999999994,34.59999999999995],[-118.69999999999995,34.59999999999995],[-118.69999999999995,34.57499999999995]]]}},{"type":"Feature","properties":{"nearestScore":99,"avg5Score":97.2,"nearestDist":5.283,"reachMin":63.4,"walkMin":63.4,"bikeMin":21.1,"driveMin":7.9},"geometry":{"type":"Polygon","coordinates":[[[-118.67499999999994,34.57499999999995],[-118.64999999999993,34.57499999999995],[-118.64999999999993,34.59999999999995],[-118.67499999999994,34.59999999999995],[-118.67499999999994,34.57499999999995]]]}},{"type":"Feature","properties":{"nearestScore":99,"avg5Score":95.8,"nearestDist":7.531,"reachMin":90.4,"walkMin":90.4,"bikeMin":30.1,"driveMin":11.3},"geometry":{"type":"Polygon","coordinates":[[[-118.64999999999993,34.57499999999995],[-118.62499999999993,34.57499999999995],[-118.62499999999993,34.59999999999995],[-118.64999999999993,34.59999999999995],[-118.64999999999993,34.57499999999995]]]}},{"type":"Feature","properties":{"nearestScore":99,"avg5Score":95.8,"nearestDist":9.797,"reachMin":117.6,"walkMin":117.6,"bikeMin":39.2,"driveMin":14.7},"geometry":{"type":"Polygon","coordinates":[[[-118.62499999999993,34.57499999999995],[-118.59999999999992,34.57499999999995],[-118.59999999999992,34.59999999999995],[-118.62499999999993,34.59999999999995],[-118.62499999999993,34.57499999999995]]]}},{"type":"Feature","properties":{"nearestScore":98,"avg5Score":95.2,"nearestDist":10.39,"reachMin":124.7,"walkMin":124.7,"bikeMin":41.6,"driveMin":15.6},"geometry":{"type":"Polygon","coordinates":[[[-118.59999999999992,34.57499999999995],[-118.57499999999992,34.57499999999995],[-118.57499999999992,34.59999999999995],[-118.59999999999992,34.59999999999995],[-118.59999999999992,34.57499999999995]]]}},{"type":"Feature","properties":{"nearestScore":98,"avg5Score":95.2,"nearestDist":11.393,"reachMin":136.7,"walkMin":136.7,"bikeMin":45.6,"driveMin":17.1},"geometry":{"type":"Polygon","coordinates":[[[-118.57499999999992,34.57499999999995],[-118.54999999999991,34.57499999999995],[-118.54999999999991,34.59999999999995],[-118.57499999999992,34.59999999999995],[-118.57499999999992,34.57499999999995]]]}},{"type":"Feature","properties":{"nearestScore":93,"avg5Score":94.8,"nearestDist":12.635,"reachMin":151.6,"walkMin":151.6,"bikeMin":50.5,"driveMin":19.0},"geometry":{"type":"Polygon","coordinates":[[[-118.54999999999991,34.57499999999995],[-118.5249999999999,34.57499999999995],[-118.5249999999999,34.59999999999995],[-118.54999999999991,34.59999999999995],[-118.54999999999991,34.57499999999995]]]}},{"type":"Feature","properties":{"nearestScore":98,"avg5Score":94.6,"nearestDist":10.471,"reachMin":125.7,"walkMin":125.7,"bikeMin":41.9,"driveMin":15.7},"geometry":{"type":"Polygon","coordinates":[[[-118.5249999999999,34.57499999999995],[-118.4999999999999,34.57499999999995],[-118.4999999999999,34.59999999999995],[-118.5249999999999,34.59999999999995],[-118.5249999999999,34.57499999999995]]]}},{"type":"Feature","properties":{"nearestScore":98,"avg5Score":95.6,"nearestDist":8.321,"reachMin":99.9,"walkMin":99.9,"bikeMin":33.3,"driveMin":12.5},"geometry":{"type":"Polygon","coordinates":[[[-118.4999999999999,34.57499999999995],[-118.4749999999999,34.57499999999995],[-118.4749999999999,34.59999999999995],[-118.4999999999999,34.59999999999995],[-118.4999999999999,34.57499999999995]]]}},{"type":"Feature","properties":{"nearestScore":98,"avg5Score":95.6,"nearestDist":6.271,"reachMin":75.3,"walkMin":75.3,"bikeMin":25.1,"driveMin":9.4},"geometry":{"type":"Polygon","coordinates":[[[-118.4749999999999,34.57499999999995],[-118.44999999999989,34.57499999999995],[-118.44999999999989,34.59999999999995],[-118.4749999999999,34.59999999999995],[-118.4749999999999,34.57499999999995]]]}},{"type":"Feature","properties":{"nearestScore":98,"avg5Score":95.6,"nearestDist":4.458,"reachMin":53.5,"walkMin":53.5,"bikeMin":17.8,"driveMin":6.7},"geometry":{"type":"Polygon","coordinates":[[[-118.44999999999989,34.57499999999995],[-118.42499999999988,34.57499999999995],[-118.42499999999988,34.59999999999995],[-118.44999999999989,34.59999999999995],[-118.44999999999989,34.57499999999995]]]}},{"type":"Feature","properties":{"nearestScore":98,"avg5Score":95.8,"nearestDist":3.301,"reachMin":39.6,"walkMin":39.6,"bikeMin":13.2,"driveMin":5.0},"geometry":{"type":"Polygon","coordinates":[[[-118.42499999999988,34.57499999999995],[-118.39999999999988,34.57499999999995],[-118.39999999999988,34.59999999999995],[-118.42499999999988,34.59999999999995],[-118.42499999999988,34.57499999999995]]]}},{"type":"Feature","properties":{"nearestScore":98,"avg5Score":95.4,"nearestDist":3.521,"reachMin":42.3,"walkMin":42.3,"bikeMin":14.1,"driveMin":5.3},"geometry":{"type":"Polygon","coordinates":[[[-118.39999999999988,34.57499999999995],[-118.37499999999987,34.57499999999995],[-118.37499999999987,34.59999999999995],[-118.39999999999988,34.59999999999995],[-118.39999999999988,34.57499999999995]]]}},{"type":"Feature","properties":{"nearestScore":98,"avg5Score":95.4,"nearestDist":4.936,"reachMin":59.2,"walkMin":59.2,"bikeMin":19.7,"driveMin":7.4},"geometry":{"type":"Polygon","coordinates":[[[-118.37499999999987,34.57499999999995],[-118.34999999999987,34.57499999999995],[-118.34999999999987,34.59999999999995],[-118.37499999999987,34.59999999999995],[-118.37499999999987,34.57499999999995]]]}},{"type":"Feature","properties":{"nearestScore":97,"avg5Score":95.4,"nearestDist":5.585,"reachMin":67.0,"walkMin":67.0,"bikeMin":22.3,"driveMin":8.4},"geometry":{"type":"Polygon","coordinates":[[[-118.34999999999987,34.57499999999995],[-118.32499999999986,34.57499999999995],[-118.32499999999986,34.59999999999995],[-118.34999999999987,34.59999999999995],[-118.34999999999987,34.57499999999995]]]}},{"type":"Feature","properties":{"nearestScore":97,"avg5Score":94.6,"nearestDist":3.993,"reachMin":47.9,"walkMin":47.9,"bikeMin":16.0,"driveMin":6.0},"geometry":{"type":"Polygon","coordinates":[[[-118.32499999999986,34.57499999999995],[-118.29999999999986,34.57499999999995],[-118.29999999999986,34.59999999999995],[-118.32499999999986,34.59999999999995],[-118.32499999999986,34.57499999999995]]]}},{"type":"Feature","properties":{"nearestScore":92,"avg5Score":93.4,"nearestDist":3.321,"reachMin":39.9,"walkMin":39.9,"bikeMin":13.3,"driveMin":5.0},"geometry":{"type":"Polygon","coordinates":[[[-118.29999999999986,34.57499999999995],[-118.27499999999985,34.57499999999995],[-118.27499999999985,34.59999999999995],[-118.29999999999986,34.59999999999995],[-118.29999999999986,34.57499999999995]]]}},{"type":"Feature","properties":{"nearestScore":92,"avg5Score":93.4,"nearestDist":3.986,"reachMin":47.8,"walkMin":47.8,"bikeMin":15.9,"driveMin":6.0},"geometry":{"type":"Polygon","coordinates":[[[-118.27499999999985,34.57499999999995],[-118.24999999999984,34.57499999999995],[-118.24999999999984,34.59999999999995],[-118.27499999999985,34.59999999999995],[-118.27499999999985,34.57499999999995]]]}},{"type":"Feature","properties":{"nearestScore":99,"avg5Score":96.8,"nearestDist":4.424,"reachMin":53.1,"walkMin":53.1,"bikeMin":17.7,"driveMin":6.6},"geometry":{"type":"Polygon","coordinates":[[[-118.24999999999984,34.57499999999995],[-118.22499999999984,34.57499999999995],[-118.22499999999984,34.59999999999995],[-118.24999999999984,34.59999999999995],[-118.24999999999984,34.57499999999995]]]}},{"type":"Feature","properties":{"nearestScore":94,"avg5Score":94.0,"nearestDist":2.904,"reachMin":34.8,"walkMin":34.8,"bikeMin":11.6,"driveMin":4.4},"geometry":{"type":"Polygon","coordinates":[[[-118.22499999999984,34.57499999999995],[-118.19999999999983,34.57499999999995],[-118.19999999999983,34.59999999999995],[-118.22499999999984,34.59999999999995],[-118.22499999999984,34.57499999999995]]]}},{"type":"Feature","properties":{"nearestScore":98,"avg5Score":95.0,"nearestDist":1.626,"reachMin":19.5,"walkMin":19.5,"bikeMin":6.5,"driveMin":2.4},"geometry":{"type":"Polygon","coordinates":[[[-118.19999999999983,34.57499999999995],[-118.17499999999983,34.57499999999995],[-118.17499999999983,34.59999999999995],[-118.19999999999983,34.59999999999995],[-118.19999999999983,34.57499999999995]]]}},{"type":"Feature","properties":{"nearestScore":93,"avg5Score":93.4,"nearestDist":1.368,"reachMin":16.4,"walkMin":16.4,"bikeMin":5.5,"driveMin":2.1},"geometry":{"type":"Polygon","coordinates":[[[-118.17499999999983,34.57499999999995],[-118.14999999999982,34.57499999999995],[-118.14999999999982,34.59999999999995],[-118.17499999999983,34.59999999999995],[-118.17499999999983,34.57499999999995]]]}},{"type":"Feature","properties":{"nearestScore":96,"avg5Score":94.2,"nearestDist":0.238,"reachMin":2.9,"walkMin":2.9,"bikeMin":1.0,"driveMin":0.4},"geometry":{"type":"Polygon","coordinates":[[[-118.14999999999982,34.57499999999995],[-118.12499999999982,34.57499999999995],[-118.12499999999982,34.59999999999995],[-118.14999999999982,34.59999999999995],[-118.14999999999982,34.57499999999995]]]}},{"type":"Feature","properties":{"nearestScore":92,"avg5Score":93.6,"nearestDist":0.716,"reachMin":8.6,"walkMin":8.6,"bikeMin":2.9,"driveMin":1.1},"geometry":{"type":"Polygon","coordinates":[[[-118.12499999999982,34.57499999999995],[-118.09999999999981,34.57499999999995],[-118.09999999999981,34.59999999999995],[-118.12499999999982,34.59999999999995],[-118.12499999999982,34.57499999999995]]]}},{"type":"Feature","properties":{"nearestScore":96,"avg5Score":94.0,"nearestDist":0.63,"reachMin":7.6,"walkMin":7.6,"bikeMin":2.5,"driveMin":0.9},"geometry":{"type":"Polygon","coordinates":[[[-118.09999999999981,34.57499999999995],[-118.0749999999998,34.57499999999995],[-118.0749999999998,34.59999999999995],[-118.09999999999981,34.59999999999995],[-118.09999999999981,34.57499999999995]]]}},{"type":"Feature","properties":{"nearestScore":84,"avg5Score":90.2,"nearestDist":1.085,"reachMin":13.0,"walkMin":13.0,"bikeMin":4.3,"driveMin":1.6},"geometry":{"type":"Polygon","coordinates":[[[-118.0749999999998,34.57499999999995],[-118.0499999999998,34.57499999999995],[-118.0499999999998,34.59999999999995],[-118.0749999999998,34.59999999999995],[-118.0749999999998,34.57499999999995]]]}},{"type":"Feature","properties":{"nearestScore":96,"avg5Score":94.8,"nearestDist":1.332,"reachMin":16.0,"walkMin":16.0,"bikeMin":5.3,"driveMin":2.0},"geometry":{"type":"Polygon","coordinates":[[[-118.0499999999998,34.57499999999995],[-118.02499999999979,34.57499999999995],[-118.02499999999979,34.59999999999995],[-118.0499999999998,34.59999999999995],[-118.0499999999998,34.57499999999995]]]}},{"type":"Feature","properties":{"nearestScore":96,"avg5Score":94.8,"nearestDist":3.194,"reachMin":38.3,"walkMin":38.3,"bikeMin":12.8,"driveMin":4.8},"geometry":{"type":"Polygon","coordinates":[[[-118.02499999999979,34.57499999999995],[-117.99999999999979,34.57499999999995],[-117.99999999999979,34.59999999999995],[-118.02499999999979,34.59999999999995],[-118.02499999999979,34.57499999999995]]]}},{"type":"Feature","properties":{"nearestScore":96,"avg5Score":95.6,"nearestDist":1.53,"reachMin":18.4,"walkMin":18.4,"bikeMin":6.1,"driveMin":2.3},"geometry":{"type":"Polygon","coordinates":[[[-117.99999999999979,34.57499999999995],[-117.97499999999978,34.57499999999995],[-117.97499999999978,34.59999999999995],[-117.99999999999979,34.59999999999995],[-117.99999999999979,34.57499999999995]]]}},{"type":"Feature","properties":{"nearestScore":95,"avg5Score":94.8,"nearestDist":1.217,"reachMin":14.6,"walkMin":14.6,"bikeMin":4.9,"driveMin":1.8},"geometry":{"type":"Polygon","coordinates":[[[-117.97499999999978,34.57499999999995],[-117.94999999999978,34.57499999999995],[-117.94999999999978,34.59999999999995],[-117.97499999999978,34.59999999999995],[-117.97499999999978,34.57499999999995]]]}},{"type":"Feature","properties":{"nearestScore":95,"avg5Score":94.8,"nearestDist":3.111,"reachMin":37.3,"walkMin":37.3,"bikeMin":12.4,"driveMin":4.7},"geometry":{"type":"Polygon","coordinates":[[[-117.94999999999978,34.57499999999995],[-117.92499999999977,34.57499999999995],[-117.92499999999977,34.59999999999995],[-117.94999999999978,34.59999999999995],[-117.94999999999978,34.57499999999995]]]}},{"type":"Feature","properties":{"nearestScore":95,"avg5Score":95.6,"nearestDist":5.325,"reachMin":63.9,"walkMin":63.9,"bikeMin":21.3,"driveMin":8.0},"geometry":{"type":"Polygon","coordinates":[[[-117.92499999999977,34.57499999999995],[-117.89999999999976,34.57499999999995],[-117.89999999999976,34.59999999999995],[-117.92499999999977,34.59999999999995],[-117.92499999999977,34.57499999999995]]]}},{"type":"Feature","properties":{"nearestScore":96,"avg5Score":97.0,"nearestDist":5.813,"reachMin":69.8,"walkMin":69.8,"bikeMin":23.3,"driveMin":8.7},"geometry":{"type":"Polygon","coordinates":[[[-117.89999999999976,34.57499999999995],[-117.87499999999976,34.57499999999995],[-117.87499999999976,34.59999999999995],[-117.89999999999976,34.59999999999995],[-117.89999999999976,34.57499999999995]]]}},{"type":"Feature","properties":{"nearestScore":96,"avg5Score":97.0,"nearestDist":3.634,"reachMin":43.6,"walkMin":43.6,"bikeMin":14.5,"driveMin":5.5},"geometry":{"type":"Polygon","coordinates":[[[-117.87499999999976,34.57499999999995],[-117.84999999999975,34.57499999999995],[-117.84999999999975,34.59999999999995],[-117.87499999999976,34.59999999999995],[-117.87499999999976,34.57499999999995]]]}},{"type":"Feature","properties":{"nearestScore":96,"avg5Score":97.0,"nearestDist":1.758,"reachMin":21.1,"walkMin":21.1,"bikeMin":7.0,"driveMin":2.6},"geometry":{"type":"Polygon","coordinates":[[[-117.84999999999975,34.57499999999995],[-117.82499999999975,34.57499999999995],[-117.82499999999975,34.59999999999995],[-117.84999999999975,34.59999999999995],[-117.84999999999975,34.57499999999995]]]}},{"type":"Feature","properties":{"nearestScore":96,"avg5Score":97.0,"nearestDist":1.858,"reachMin":22.3,"walkMin":22.3,"bikeMin":7.4,"driveMin":2.8},"geometry":{"type":"Polygon","coordinates":[[[-117.82499999999975,34.57499999999995],[-117.79999999999974,34.57499999999995],[-117.79999999999974,34.59999999999995],[-117.82499999999975,34.59999999999995],[-117.82499999999975,34.57499999999995]]]}},{"type":"Feature","properties":{"nearestScore":96,"avg5Score":97.0,"nearestDist":3.779,"reachMin":45.3,"walkMin":45.3,"bikeMin":15.1,"driveMin":5.7},"geometry":{"type":"Polygon","coordinates":[[[-117.79999999999974,34.57499999999995],[-117.77499999999974,34.57499999999995],[-117.77499999999974,34.59999999999995],[-117.79999999999974,34.59999999999995],[-117.79999999999974,34.57499999999995]]]}},{"type":"Feature","properties":{"nearestScore":96,"avg5Score":96.4,"nearestDist":5.966,"reachMin":71.6,"walkMin":71.6,"bikeMin":23.9,"driveMin":8.9},"geometry":{"type":"Polygon","coordinates":[[[-117.77499999999974,34.57499999999995],[-117.74999999999973,34.57499999999995],[-117.74999999999973,34.59999999999995],[-117.77499999999974,34.59999999999995],[-117.77499999999974,34.57499999999995]]]}},{"type":"Feature","properties":{"nearestScore":96,"avg5Score":96.4,"nearestDist":8.208,"reachMin":98.5,"walkMin":98.5,"bikeMin":32.8,"driveMin":12.3},"geometry":{"type":"Polygon","coordinates":[[[-117.74999999999973,34.57499999999995],[-117.72499999999972,34.57499999999995],[-117.72499999999972,34.59999999999995],[-117.74999999999973,34.59999999999995],[-117.74999999999973,34.57499999999995]]]}},{"type":"Feature","properties":{"nearestScore":96,"avg5Score":96.4,"nearestDist":10.47,"reachMin":125.6,"walkMin":125.6,"bikeMin":41.9,"driveMin":15.7},"geometry":{"type":"Polygon","coordinates":[[[-117.72499999999972,34.57499999999995],[-117.69999999999972,34.57499999999995],[-117.69999999999972,34.59999999999995],[-117.72499999999972,34.59999999999995],[-117.72499999999972,34.57499999999995]]]}},{"type":"Feature","properties":{"nearestScore":96,"avg5Score":96.4,"nearestDist":12.741,"reachMin":152.9,"walkMin":152.9,"bikeMin":51.0,"driveMin":19.1},"geometry":{"type":"Polygon","coordinates":[[[-117.69999999999972,34.57499999999995],[-117.67499999999971,34.57499999999995],[-117.67499999999971,34.59999999999995],[-117.69999999999972,34.59999999999995],[-117.69999999999972,34.57499999999995]]]}},{"type":"Feature","properties":{"nearestScore":98,"avg5Score":96.4,"nearestDist":15.007,"reachMin":180.1,"walkMin":180.1,"bikeMin":60.0,"driveMin":22.5},"geometry":{"type":"Polygon","coordinates":[[[-117.67499999999971,34.57499999999995],[-117.64999999999971,34.57499999999995],[-117.64999999999971,34.59999999999995],[-117.67499999999971,34.59999999999995],[-117.67499999999971,34.57499999999995]]]}},{"type":"Feature","properties":{"nearestScore":99,"avg5Score":95.2,"nearestDist":20.085,"reachMin":241.0,"walkMin":241.0,"bikeMin":80.3,"driveMin":30.1},"geometry":{"type":"Polygon","coordinates":[[[-118.95,34.59999999999995],[-118.925,34.59999999999995],[-118.925,34.62499999999995],[-118.95,34.62499999999995],[-118.95,34.59999999999995]]]}},{"type":"Feature","properties":{"nearestScore":99,"avg5Score":95.2,"nearestDist":17.805,"reachMin":213.7,"walkMin":213.7,"bikeMin":71.2,"driveMin":26.7},"geometry":{"type":"Polygon","coordinates":[[[-118.925,34.59999999999995],[-118.89999999999999,34.59999999999995],[-118.89999999999999,34.62499999999995],[-118.925,34.62499999999995],[-118.925,34.59999999999995]]]}},{"type":"Feature","properties":{"nearestScore":99,"avg5Score":95.2,"nearestDist":15.527,"reachMin":186.3,"walkMin":186.3,"bikeMin":62.1,"driveMin":23.3},"geometry":{"type":"Polygon","coordinates":[[[-118.89999999999999,34.59999999999995],[-118.87499999999999,34.59999999999995],[-118.87499999999999,34.62499999999995],[-118.89999999999999,34.62499999999995],[-118.89999999999999,34.59999999999995]]]}},{"type":"Feature","properties":{"nearestScore":99,"avg5Score":95.2,"nearestDist":13.253,"reachMin":159.0,"walkMin":159.0,"bikeMin":53.0,"driveMin":19.9},"geometry":{"type":"Polygon","coordinates":[[[-118.87499999999999,34.59999999999995],[-118.84999999999998,34.59999999999995],[-118.84999999999998,34.62499999999995],[-118.87499999999999,34.62499999999995],[-118.87499999999999,34.59999999999995]]]}},{"type":"Feature","properties":{"nearestScore":99,"avg5Score":95.2,"nearestDist":10.985,"reachMin":131.8,"walkMin":131.8,"bikeMin":43.9,"driveMin":16.5},"geometry":{"type":"Polygon","coordinates":[[[-118.84999999999998,34.59999999999995],[-118.82499999999997,34.59999999999995],[-118.82499999999997,34.62499999999995],[-118.84999999999998,34.62499999999995],[-118.84999999999998,34.59999999999995]]]}},{"type":"Feature","properties":{"nearestScore":99,"avg5Score":96.2,"nearestDist":8.728,"reachMin":104.7,"walkMin":104.7,"bikeMin":34.9,"driveMin":13.1},"geometry":{"type":"Polygon","coordinates":[[[-118.82499999999997,34.59999999999995],[-118.79999999999997,34.59999999999995],[-118.79999999999997,34.62499999999995],[-118.82499999999997,34.62499999999995],[-118.82499999999997,34.59999999999995]]]}},{"type":"Feature","properties":{"nearestScore":99,"avg5Score":96.2,"nearestDist":6.492,"reachMin":77.9,"walkMin":77.9,"bikeMin":26.0,"driveMin":9.7},"geometry":{"type":"Polygon","coordinates":[[[-118.79999999999997,34.59999999999995],[-118.77499999999996,34.59999999999995],[-118.77499999999996,34.62499999999995],[-118.79999999999997,34.62499999999995],[-118.79999999999997,34.59999999999995]]]}},{"type":"Feature","properties":{"nearestScore":99,"avg5Score":96.2,"nearestDist":4.31,"reachMin":51.7,"walkMin":51.7,"bikeMin":17.2,"driveMin":6.5},"geometry":{"type":"Polygon","coordinates":[[[-118.77499999999996,34.59999999999995],[-118.74999999999996,34.59999999999995],[-118.74999999999996,34.62499999999995],[-118.77499999999996,34.62499999999995],[-118.77499999999996,34.59999999999995]]]}},{"type":"Feature","properties":{"nearestScore":99,"avg5Score":96.2,"nearestDist":2.343,"reachMin":28.1,"walkMin":28.1,"bikeMin":9.4,"driveMin":3.5},"geometry":{"type":"Polygon","coordinates":[[[-118.74999999999996,34.59999999999995],[-118.72499999999995,34.59999999999995],[-118.72499999999995,34.62499999999995],[-118.74999999999996,34.62499999999995],[-118.74999999999996,34.59999999999995]]]}},{"type":"Feature","properties":{"nearestScore":99,"avg5Score":97.2,"nearestDist":1.694,"reachMin":20.3,"walkMin":20.3,"bikeMin":6.8,"driveMin":2.5},"geometry":{"type":"Polygon","coordinates":[[[-118.72499999999995,34.59999999999995],[-118.69999999999995,34.59999999999995],[-118.69999999999995,34.62499999999995],[-118.72499999999995,34.62499999999995],[-118.72499999999995,34.59999999999995]]]}},{"type":"Feature","properties":{"nearestScore":99,"avg5Score":97.2,"nearestDist":3.274,"reachMin":39.3,"walkMin":39.3,"bikeMin":13.1,"driveMin":4.9},"geometry":{"type":"Polygon","coordinates":[[[-118.69999999999995,34.59999999999995],[-118.67499999999994,34.59999999999995],[-118.67499999999994,34.62499999999995],[-118.69999999999995,34.62499999999995],[-118.69999999999995,34.59999999999995]]]}},{"type":"Feature","properties":{"nearestScore":99,"avg5Score":97.2,"nearestDist":5.389,"reachMin":64.7,"walkMin":64.7,"bikeMin":21.6,"driveMin":8.1},"geometry":{"type":"Polygon","coordinates":[[[-118.67499999999994,34.59999999999995],[-118.64999999999993,34.59999999999995],[-118.64999999999993,34.62499999999995],[-118.67499999999994,34.62499999999995],[-118.67499999999994,34.59999999999995]]]}},{"type":"Feature","properties":{"nearestScore":99,"avg5Score":95.8,"nearestDist":7.605,"reachMin":91.3,"walkMin":91.3,"bikeMin":30.4,"driveMin":11.4},"geometry":{"type":"Polygon","coordinates":[[[-118.64999999999993,34.59999999999995],[-118.62499999999993,34.59999999999995],[-118.62499999999993,34.62499999999995],[-118.64999999999993,34.62499999999995],[-118.64999999999993,34.59999999999995]]]}},{"type":"Feature","properties":{"nearestScore":99,"avg5Score":95.8,"nearestDist":9.853,"reachMin":118.2,"walkMin":118.2,"bikeMin":39.4,"driveMin":14.8},"geometry":{"type":"Polygon","coordinates":[[[-118.62499999999993,34.59999999999995],[-118.59999999999992,34.59999999999995],[-118.59999999999992,34.62499999999995],[-118.62499999999993,34.62499999999995],[-118.62499999999993,34.59999999999995]]]}},{"type":"Feature","properties":{"nearestScore":99,"avg5Score":95.8,"nearestDist":12.117,"reachMin":145.4,"walkMin":145.4,"bikeMin":48.5,"driveMin":18.2},"geometry":{"type":"Polygon","coordinates":[[[-118.59999999999992,34.59999999999995],[-118.57499999999992,34.59999999999995],[-118.57499999999992,34.62499999999995],[-118.59999999999992,34.62499999999995],[-118.59999999999992,34.59999999999995]]]}},{"type":"Feature","properties":{"nearestScore":93,"avg5Score":95.4,"nearestDist":12.075,"reachMin":144.9,"walkMin":144.9,"bikeMin":48.3,"driveMin":18.1},"geometry":{"type":"Polygon","coordinates":[[[-118.57499999999992,34.59999999999995],[-118.54999999999991,34.59999999999995],[-118.54999999999991,34.62499999999995],[-118.57499999999992,34.62499999999995],[-118.57499999999992,34.59999999999995]]]}},{"type":"Feature","properties":{"nearestScore":93,"avg5Score":96.0,"nearestDist":10.427,"reachMin":125.1,"walkMin":125.1,"bikeMin":41.7,"driveMin":15.6},"geometry":{"type":"Polygon","coordinates":[[[-118.54999999999991,34.59999999999995],[-118.5249999999999,34.59999999999995],[-118.5249999999999,34.62499999999995],[-118.54999999999991,34.62499999999995],[-118.54999999999991,34.59999999999995]]]}},{"type":"Feature","properties":{"nearestScore":93,"avg5Score":95.6,"nearestDist":9.063,"reachMin":108.8,"walkMin":108.8,"bikeMin":36.3,"driveMin":13.6},"geometry":{"type":"Polygon","coordinates":[[[-118.5249999999999,34.59999999999995],[-118.4999999999999,34.59999999999995],[-118.4999999999999,34.62499999999995],[-118.5249999999999,34.62499999999995],[-118.5249999999999,34.59999999999995]]]}},{"type":"Feature","properties":{"nearestScore":98,"avg5Score":95.6,"nearestDist":7.692,"reachMin":92.3,"walkMin":92.3,"bikeMin":30.8,"driveMin":11.5},"geometry":{"type":"Polygon","coordinates":[[[-118.4999999999999,34.59999999999995],[-118.4749999999999,34.59999999999995],[-118.4749999999999,34.62499999999995],[-118.4999999999999,34.62499999999995],[-118.4999999999999,34.59999999999995]]]}},{"type":"Feature","properties":{"nearestScore":98,"avg5Score":95.6,"nearestDist":5.409,"reachMin":64.9,"walkMin":64.9,"bikeMin":21.6,"driveMin":8.1},"geometry":{"type":"Polygon","coordinates":[[[-118.4749999999999,34.59999999999995],[-118.44999999999989,34.59999999999995],[-118.44999999999989,34.62499999999995],[-118.4749999999999,34.62499999999995],[-118.4749999999999,34.59999999999995]]]}},{"type":"Feature","properties":{"nearestScore":98,"avg5Score":95.6,"nearestDist":3.133,"reachMin":37.6,"walkMin":37.6,"bikeMin":12.5,"driveMin":4.7},"geometry":{"type":"Polygon","coordinates":[[[-118.44999999999989,34.59999999999995],[-118.42499999999988,34.59999999999995],[-118.42499999999988,34.62499999999995],[-118.44999999999989,34.62499999999995],[-118.44999999999989,34.59999999999995]]]}},{"type":"Feature","properties":{"nearestScore":98,"avg5Score":95.6,"nearestDist":0.918,"reachMin":11.0,"walkMin":11.0,"bikeMin":3.7,"driveMin":1.4},"geometry":{"type":"Polygon","coordinates":[[[-118.42499999999988,34.59999999999995],[-118.39999999999988,34.59999999999995],[-118.39999999999988,34.62499999999995],[-118.42499999999988,34.62499999999995],[-118.42499999999988,34.59999999999995]]]}},{"type":"Feature","properties":{"nearestScore":98,"avg5Score":96.4,"nearestDist":1.529,"reachMin":18.3,"walkMin":18.3,"bikeMin":6.1,"driveMin":2.3},"geometry":{"type":"Polygon","coordinates":[[[-118.39999999999988,34.59999999999995],[-118.37499999999987,34.59999999999995],[-118.37499999999987,34.62499999999995],[-118.39999999999988,34.62499999999995],[-118.39999999999988,34.59999999999995]]]}},{"type":"Feature","properties":{"nearestScore":98,"avg5Score":95.8,"nearestDist":3.782,"reachMin":45.4,"walkMin":45.4,"bikeMin":15.1,"driveMin":5.7},"geometry":{"type":"Polygon","coordinates":[[[-118.37499999999987,34.59999999999995],[-118.34999999999987,34.59999999999995],[-118.34999999999987,34.62499999999995],[-118.37499999999987,34.62499999999995],[-118.37499999999987,34.59999999999995]]]}},{"type":"Feature","properties":{"nearestScore":97,"avg5Score":95.8,"nearestDist":4.511,"reachMin":54.1,"walkMin":54.1,"bikeMin":18.0,"driveMin":6.8},"geometry":{"type":"Polygon","coordinates":[[[-118.34999999999987,34.59999999999995],[-118.32499999999986,34.59999999999995],[-118.32499999999986,34.62499999999995],[-118.34999999999987,34.62499999999995],[-118.34999999999987,34.59999999999995]]]}},{"type":"Feature","properties":{"nearestScore":97,"avg5Score":95.2,"nearestDist":2.259,"reachMin":27.1,"walkMin":27.1,"bikeMin":9.0,"driveMin":3.4},"geometry":{"type":"Polygon","coordinates":[[[-118.32499999999986,34.59999999999995],[-118.29999999999986,34.59999999999995],[-118.29999999999986,34.62499999999995],[-118.32499999999986,34.62499999999995],[-118.32499999999986,34.59999999999995]]]}},{"type":"Feature","properties":{"nearestScore":92,"avg5Score":93.4,"nearestDist":0.547,"reachMin":6.6,"walkMin":6.6,"bikeMin":2.2,"driveMin":0.8},"geometry":{"type":"Polygon","coordinates":[[[-118.29999999999986,34.59999999999995],[-118.27499999999985,34.59999999999995],[-118.27499999999985,34.62499999999995],[-118.29999999999986,34.62499999999995],[-118.29999999999986,34.59999999999995]]]}},{"type":"Feature","properties":{"nearestScore":92,"avg5Score":93.4,"nearestDist":2.271,"reachMin":27.3,"walkMin":27.3,"bikeMin":9.1,"driveMin":3.4},"geometry":{"type":"Polygon","coordinates":[[[-118.27499999999985,34.59999999999995],[-118.24999999999984,34.59999999999995],[-118.24999999999984,34.62499999999995],[-118.27499999999985,34.62499999999995],[-118.27499999999985,34.59999999999995]]]}},{"type":"Feature","properties":{"nearestScore":92,"avg5Score":94.2,"nearestDist":2.585,"reachMin":31.0,"walkMin":31.0,"bikeMin":10.3,"driveMin":3.9},"geometry":{"type":"Polygon","coordinates":[[[-118.24999999999984,34.59999999999995],[-118.22499999999984,34.59999999999995],[-118.22499999999984,34.62499999999995],[-118.24999999999984,34.62499999999995],[-118.24999999999984,34.59999999999995]]]}},{"type":"Feature","properties":{"nearestScore":99,"avg5Score":96.4,"nearestDist":1.073,"reachMin":12.9,"walkMin":12.9,"bikeMin":4.3,"driveMin":1.6},"geometry":{"type":"Polygon","coordinates":[[[-118.22499999999984,34.59999999999995],[-118.19999999999983,34.59999999999995],[-118.19999999999983,34.62499999999995],[-118.22499999999984,34.62499999999995],[-118.22499999999984,34.59999999999995]]]}},{"type":"Feature","properties":{"nearestScore":94,"avg5Score":94.6,"nearestDist":1.077,"reachMin":12.9,"walkMin":12.9,"bikeMin":4.3,"driveMin":1.6},"geometry":{"type":"Polygon","coordinates":[[[-118.19999999999983,34.59999999999995],[-118.17499999999983,34.59999999999995],[-118.17499999999983,34.62499999999995],[-118.19999999999983,34.62499999999995],[-118.19999999999983,34.59999999999995]]]}},{"type":"Feature","properties":{"nearestScore":100,"avg5Score":94.6,"nearestDist":1.173,"reachMin":14.1,"walkMin":14.1,"bikeMin":4.7,"driveMin":1.8},"geometry":{"type":"Polygon","coordinates":[[[-118.17499999999983,34.59999999999995],[-118.14999999999982,34.59999999999995],[-118.14999999999982,34.62499999999995],[-118.17499999999983,34.62499999999995],[-118.17499999999983,34.59999999999995]]]}},{"type":"Feature","properties":{"nearestScore":95,"avg5Score":92.8,"nearestDist":0.87,"reachMin":10.4,"walkMin":10.4,"bikeMin":3.5,"driveMin":1.3},"geometry":{"type":"Polygon","coordinates":[[[-118.14999999999982,34.59999999999995],[-118.12499999999982,34.59999999999995],[-118.12499999999982,34.62499999999995],[-118.14999999999982,34.62499999999995],[-118.14999999999982,34.59999999999995]]]}},{"type":"Feature","properties":{"nearestScore":99,"avg5Score":95.4,"nearestDist":0.047,"reachMin":0.6,"walkMin":0.6,"bikeMin":0.2,"driveMin":0.1},"geometry":{"type":"Polygon","coordinates":[[[-118.12499999999982,34.59999999999995],[-118.09999999999981,34.59999999999995],[-118.09999999999981,34.62499999999995],[-118.12499999999982,34.62499999999995],[-118.12499999999982,34.59999999999995]]]}},{"type":"Feature","properties":{"nearestScore":99,"avg5Score":95.8,"nearestDist":2.243,"reachMin":26.9,"walkMin":26.9,"bikeMin":9.0,"driveMin":3.4},"geometry":{"type":"Polygon","coordinates":[[[-118.09999999999981,34.59999999999995],[-118.0749999999998,34.59999999999995],[-118.0749999999998,34.62499999999995],[-118.09999999999981,34.62499999999995],[-118.09999999999981,34.59999999999995]]]}},{"type":"Feature","properties":{"nearestScore":96,"avg5Score":93.2,"nearestDist":1.171,"reachMin":14.1,"walkMin":14.1,"bikeMin":4.7,"driveMin":1.8},"geometry":{"type":"Polygon","coordinates":[[[-118.0749999999998,34.59999999999995],[-118.0499999999998,34.59999999999995],[-118.0499999999998,34.62499999999995],[-118.0749999999998,34.62499999999995],[-118.0749999999998,34.59999999999995]]]}},{"type":"Feature","properties":{"nearestScore":96,"avg5Score":97.0,"nearestDist":2.708,"reachMin":32.5,"walkMin":32.5,"bikeMin":10.8,"driveMin":4.1},"geometry":{"type":"Polygon","coordinates":[[[-118.0499999999998,34.59999999999995],[-118.02499999999979,34.59999999999995],[-118.02499999999979,34.62499999999995],[-118.0499999999998,34.62499999999995],[-118.0499999999998,34.59999999999995]]]}},{"type":"Feature","properties":{"nearestScore":96,"avg5Score":97.0,"nearestDist":4.875,"reachMin":58.5,"walkMin":58.5,"bikeMin":19.5,"driveMin":7.3},"geometry":{"type":"Polygon","coordinates":[[[-118.02499999999979,34.59999999999995],[-117.99999999999979,34.59999999999995],[-117.99999999999979,34.62499999999995],[-118.02499999999979,34.62499999999995],[-118.02499999999979,34.59999999999995]]]}},{"type":"Feature","properties":{"nearestScore":96,"avg5Score":96.6,"nearestDist":3.851,"reachMin":46.2,"walkMin":46.2,"bikeMin":15.4,"driveMin":5.8},"geometry":{"type":"Polygon","coordinates":[[[-117.99999999999979,34.59999999999995],[-117.97499999999978,34.59999999999995],[-117.97499999999978,34.62499999999995],[-117.99999999999979,34.62499999999995],[-117.99999999999979,34.59999999999995]]]}},{"type":"Feature","properties":{"nearestScore":96,"avg5Score":95.6,"nearestDist":3.777,"reachMin":45.3,"walkMin":45.3,"bikeMin":15.1,"driveMin":5.7},"geometry":{"type":"Polygon","coordinates":[[[-117.97499999999978,34.59999999999995],[-117.94999999999978,34.59999999999995],[-117.94999999999978,34.62499999999995],[-117.97499999999978,34.62499999999995],[-117.97499999999978,34.59999999999995]]]}},{"type":"Feature","properties":{"nearestScore":95,"avg5Score":94.2,"nearestDist":4.81,"reachMin":57.7,"walkMin":57.7,"bikeMin":19.2,"driveMin":7.2},"geometry":{"type":"Polygon","coordinates":[[[-117.94999999999978,34.59999999999995],[-117.92499999999977,34.59999999999995],[-117.92499999999977,34.62499999999995],[-117.94999999999978,34.62499999999995],[-117.94999999999978,34.59999999999995]]]}},{"type":"Feature","properties":{"nearestScore":95,"avg5Score":94.8,"nearestDist":6.466,"reachMin":77.6,"walkMin":77.6,"bikeMin":25.9,"driveMin":9.7},"geometry":{"type":"Polygon","coordinates":[[[-117.92499999999977,34.59999999999995],[-117.89999999999976,34.59999999999995],[-117.89999999999976,34.62499999999995],[-117.92499999999977,34.62499999999995],[-117.92499999999977,34.59999999999995]]]}},{"type":"Feature","properties":{"nearestScore":96,"avg5Score":95.8,"nearestDist":5.559,"reachMin":66.7,"walkMin":66.7,"bikeMin":22.2,"driveMin":8.3},"geometry":{"type":"Polygon","coordinates":[[[-117.89999999999976,34.59999999999995],[-117.87499999999976,34.59999999999995],[-117.87499999999976,34.62499999999995],[-117.89999999999976,34.62499999999995],[-117.89999999999976,34.59999999999995]]]}},{"type":"Feature","properties":{"nearestScore":96,"avg5Score":95.8,"nearestDist":3.273,"reachMin":39.3,"walkMin":39.3,"bikeMin":13.1,"driveMin":4.9},"geometry":{"type":"Polygon","coordinates":[[[-117.87499999999976,34.59999999999995],[-117.84999999999975,34.59999999999995],[-117.84999999999975,34.62499999999995],[-117.87499999999976,34.62499999999995],[-117.87499999999976,34.59999999999995]]]}},{"type":"Feature","properties":{"nearestScore":96,"avg5Score":94.8,"nearestDist":0.997,"reachMin":12.0,"walkMin":12.0,"bikeMin":4.0,"driveMin":1.5},"geometry":{"type":"Polygon","coordinates":[[[-117.84999999999975,34.59999999999995],[-117.82499999999975,34.59999999999995],[-117.82499999999975,34.62499999999995],[-117.84999999999975,34.62499999999995],[-117.84999999999975,34.59999999999995]]]}},{"type":"Feature","properties":{"nearestScore":93,"avg5Score":95.2,"nearestDist":1.166,"reachMin":14.0,"walkMin":14.0,"bikeMin":4.7,"driveMin":1.7},"geometry":{"type":"Polygon","coordinates":[[[-117.82499999999975,34.59999999999995],[-117.79999999999974,34.59999999999995],[-117.79999999999974,34.62499999999995],[-117.82499999999975,34.62499999999995],[-117.82499999999975,34.59999999999995]]]}},{"type":"Feature","properties":{"nearestScore":93,"avg5Score":95.2,"nearestDist":3.396,"reachMin":40.8,"walkMin":40.8,"bikeMin":13.6,"driveMin":5.1},"geometry":{"type":"Polygon","coordinates":[[[-117.79999999999974,34.59999999999995],[-117.77499999999974,34.59999999999995],[-117.77499999999974,34.62499999999995],[-117.79999999999974,34.62499999999995],[-117.79999999999974,34.59999999999995]]]}},{"type":"Feature","properties":{"nearestScore":93,"avg5Score":95.2,"nearestDist":5.672,"reachMin":68.1,"walkMin":68.1,"bikeMin":22.7,"driveMin":8.5},"geometry":{"type":"Polygon","coordinates":[[[-117.77499999999974,34.59999999999995],[-117.74999999999973,34.59999999999995],[-117.74999999999973,34.62499999999995],[-117.77499999999974,34.62499999999995],[-117.77499999999974,34.59999999999995]]]}},{"type":"Feature","properties":{"nearestScore":93,"avg5Score":95.2,"nearestDist":7.955,"reachMin":95.5,"walkMin":95.5,"bikeMin":31.8,"driveMin":11.9},"geometry":{"type":"Polygon","coordinates":[[[-117.74999999999973,34.59999999999995],[-117.72499999999972,34.59999999999995],[-117.72499999999972,34.62499999999995],[-117.74999999999973,34.62499999999995],[-117.74999999999973,34.59999999999995]]]}},{"type":"Feature","properties":{"nearestScore":93,"avg5Score":95.2,"nearestDist":10.24,"reachMin":122.9,"walkMin":122.9,"bikeMin":41.0,"driveMin":15.4},"geometry":{"type":"Polygon","coordinates":[[[-117.72499999999972,34.59999999999995],[-117.69999999999972,34.59999999999995],[-117.69999999999972,34.62499999999995],[-117.72499999999972,34.62499999999995],[-117.72499999999972,34.59999999999995]]]}},{"type":"Feature","properties":{"nearestScore":93,"avg5Score":95.2,"nearestDist":12.526,"reachMin":150.3,"walkMin":150.3,"bikeMin":50.1,"driveMin":18.8},"geometry":{"type":"Polygon","coordinates":[[[-117.69999999999972,34.59999999999995],[-117.67499999999971,34.59999999999995],[-117.67499999999971,34.62499999999995],[-117.69999999999972,34.62499999999995],[-117.69999999999972,34.59999999999995]]]}},{"type":"Feature","properties":{"nearestScore":93,"avg5Score":95.2,"nearestDist":14.813,"reachMin":177.8,"walkMin":177.8,"bikeMin":59.3,"driveMin":22.2},"geometry":{"type":"Polygon","coordinates":[[[-117.67499999999971,34.59999999999995],[-117.64999999999971,34.59999999999995],[-117.64999999999971,34.62499999999995],[-117.67499999999971,34.62499999999995],[-117.67499999999971,34.59999999999995]]]}},{"type":"Feature","properties":{"nearestScore":99,"avg5Score":95.2,"nearestDist":20.491,"reachMin":245.9,"walkMin":245.9,"bikeMin":82.0,"driveMin":30.7},"geometry":{"type":"Polygon","coordinates":[[[-118.95,34.62499999999995],[-118.925,34.62499999999995],[-118.925,34.64999999999995],[-118.95,34.64999999999995],[-118.95,34.62499999999995]]]}},{"type":"Feature","properties":{"nearestScore":99,"avg5Score":95.2,"nearestDist":18.262,"reachMin":219.1,"walkMin":219.1,"bikeMin":73.0,"driveMin":27.4},"geometry":{"type":"Polygon","coordinates":[[[-118.925,34.62499999999995],[-118.89999999999999,34.62499999999995],[-118.89999999999999,34.64999999999995],[-118.925,34.64999999999995],[-118.925,34.62499999999995]]]}},{"type":"Feature","properties":{"nearestScore":99,"avg5Score":95.2,"nearestDist":16.05,"reachMin":192.6,"walkMin":192.6,"bikeMin":64.2,"driveMin":24.1},"geometry":{"type":"Polygon","coordinates":[[[-118.89999999999999,34.62499999999995],[-118.87499999999999,34.62499999999995],[-118.87499999999999,34.64999999999995],[-118.89999999999999,34.64999999999995],[-118.89999999999999,34.62499999999995]]]}},{"type":"Feature","properties":{"nearestScore":99,"avg5Score":95.2,"nearestDist":13.863,"reachMin":166.4,"walkMin":166.4,"bikeMin":55.5,"driveMin":20.8},"geometry":{"type":"Polygon","coordinates":[[[-118.87499999999999,34.62499999999995],[-118.84999999999998,34.62499999999995],[-118.84999999999998,34.64999999999995],[-118.87499999999999,34.64999999999995],[-118.87499999999999,34.62499999999995]]]}},{"type":"Feature","properties":{"nearestScore":99,"avg5Score":95.2,"nearestDist":11.715,"reachMin":140.6,"walkMin":140.6,"bikeMin":46.9,"driveMin":17.6},"geometry":{"type":"Polygon","coordinates":[[[-118.84999999999998,34.62499999999995],[-118.82499999999997,34.62499999999995],[-118.82499999999997,34.64999999999995],[-118.84999999999998,34.64999999999995],[-118.84999999999998,34.62499999999995]]]}},{"type":"Feature","properties":{"nearestScore":99,"avg5Score":95.2,"nearestDist":9.63,"reachMin":115.6,"walkMin":115.6,"bikeMin":38.5,"driveMin":14.4},"geometry":{"type":"Polygon","coordinates":[[[-118.82499999999997,34.62499999999995],[-118.79999999999997,34.62499999999995],[-118.79999999999997,34.64999999999995],[-118.82499999999997,34.64999999999995],[-118.82499999999997,34.62499999999995]]]}},{"type":"Feature","properties":{"nearestScore":99,"avg5Score":96.2,"nearestDist":7.663,"reachMin":92.0,"walkMin":92.0,"bikeMin":30.7,"driveMin":11.5},"geometry":{"type":"Polygon","coordinates":[[[-118.79999999999997,34.62499999999995],[-118.77499999999996,34.62499999999995],[-118.77499999999996,34.64999999999995],[-118.79999999999997,34.64999999999995],[-118.79999999999997,34.62499999999995]]]}},{"type":"Feature","properties":{"nearestScore":99,"avg5Score":96.2,"nearestDist":5.93,"reachMin":71.2,"walkMin":71.2,"bikeMin":23.7,"driveMin":8.9},"geometry":{"type":"Polygon","coordinates":[[[-118.77499999999996,34.62499999999995],[-118.74999999999996,34.62499999999995],[-118.74999999999996,34.64999999999995],[-118.77499999999996,34.64999999999995],[-118.77499999999996,34.62499999999995]]]}},{"type":"Feature","properties":{"nearestScore":99,"avg5Score":97.2,"nearestDist":4.699,"reachMin":56.4,"walkMin":56.4,"bikeMin":18.8,"driveMin":7.0},"geometry":{"type":"Polygon","coordinates":[[[-118.74999999999996,34.62499999999995],[-118.72499999999995,34.62499999999995],[-118.72499999999995,34.64999999999995],[-118.74999999999996,34.64999999999995],[-118.74999999999996,34.62499999999995]]]}},{"type":"Feature","properties":{"nearestScore":99,"avg5Score":97.2,"nearestDist":4.411,"reachMin":52.9,"walkMin":52.9,"bikeMin":17.6,"driveMin":6.6},"geometry":{"type":"Polygon","coordinates":[[[-118.72499999999995,34.62499999999995],[-118.69999999999995,34.62499999999995],[-118.69999999999995,34.64999999999995],[-118.72499999999995,34.64999999999995],[-118.72499999999995,34.62499999999995]]]}},{"type":"Feature","properties":{"nearestScore":99,"avg5Score":97.2,"nearestDist":5.226,"reachMin":62.7,"walkMin":62.7,"bikeMin":20.9,"driveMin":7.8},"geometry":{"type":"Polygon","coordinates":[[[-118.69999999999995,34.62499999999995],[-118.67499999999994,34.62499999999995],[-118.67499999999994,34.64999999999995],[-118.69999999999995,34.64999999999995],[-118.69999999999995,34.62499999999995]]]}},{"type":"Feature","properties":{"nearestScore":99,"avg5Score":97.2,"nearestDist":6.754,"reachMin":81.0,"walkMin":81.0,"bikeMin":27.0,"driveMin":10.1},"geometry":{"type":"Polygon","coordinates":[[[-118.67499999999994,34.62499999999995],[-118.64999999999993,34.62499999999995],[-118.64999999999993,34.64999999999995],[-118.67499999999994,34.64999999999995],[-118.67499999999994,34.62499999999995]]]}},{"type":"Feature","properties":{"nearestScore":99,"avg5Score":95.8,"nearestDist":8.626,"reachMin":103.5,"walkMin":103.5,"bikeMin":34.5,"driveMin":12.9},"geometry":{"type":"Polygon","coordinates":[[[-118.64999999999993,34.62499999999995],[-118.62499999999993,34.62499999999995],[-118.62499999999993,34.64999999999995],[-118.64999999999993,34.64999999999995],[-118.64999999999993,34.62499999999995]]]}},{"type":"Feature","properties":{"nearestScore":99,"avg5Score":96.4,"nearestDist":10.661,"reachMin":127.9,"walkMin":127.9,"bikeMin":42.6,"driveMin":16.0},"geometry":{"type":"Polygon","coordinates":[[[-118.62499999999993,34.62499999999995],[-118.59999999999992,34.62499999999995],[-118.59999999999992,34.64999999999995],[-118.62499999999993,34.64999999999995],[-118.62499999999993,34.62499999999995]]]}},{"type":"Feature","properties":{"nearestScore":93,"avg5Score":96.2,"nearestDist":12.563,"reachMin":150.8,"walkMin":150.8,"bikeMin":50.3,"driveMin":18.8},"geometry":{"type":"Polygon","coordinates":[[[-118.59999999999992,34.62499999999995],[-118.57499999999992,34.62499999999995],[-118.57499999999992,34.64999999999995],[-118.59999999999992,34.64999999999995],[-118.59999999999992,34.62499999999995]]]}},{"type":"Feature","properties":{"nearestScore":93,"avg5Score":96.2,"nearestDist":10.504,"reachMin":126.0,"walkMin":126.0,"bikeMin":42.0,"driveMin":15.8},"geometry":{"type":"Polygon","coordinates":[[[-118.57499999999992,34.62499999999995],[-118.54999999999991,34.62499999999995],[-118.54999999999991,34.64999999999995],[-118.57499999999992,34.64999999999995],[-118.57499999999992,34.62499999999995]]]}},{"type":"Feature","properties":{"nearestScore":93,"avg5Score":95.6,"nearestDist":8.56,"reachMin":102.7,"walkMin":102.7,"bikeMin":34.2,"driveMin":12.8},"geometry":{"type":"Polygon","coordinates":[[[-118.54999999999991,34.62499999999995],[-118.5249999999999,34.62499999999995],[-118.5249999999999,34.64999999999995],[-118.54999999999991,34.64999999999995],[-118.54999999999991,34.62499999999995]]]}},{"type":"Feature","properties":{"nearestScore":93,"avg5Score":95.6,"nearestDist":6.832,"reachMin":82.0,"walkMin":82.0,"bikeMin":27.3,"driveMin":10.2},"geometry":{"type":"Polygon","coordinates":[[[-118.5249999999999,34.62499999999995],[-118.4999999999999,34.62499999999995],[-118.4999999999999,34.64999999999995],[-118.5249999999999,34.64999999999995],[-118.5249999999999,34.62499999999995]]]}},{"type":"Feature","properties":{"nearestScore":93,"avg5Score":95.6,"nearestDist":5.526,"reachMin":66.3,"walkMin":66.3,"bikeMin":22.1,"driveMin":8.3},"geometry":{"type":"Polygon","coordinates":[[[-118.4999999999999,34.62499999999995],[-118.4749999999999,34.62499999999995],[-118.4749999999999,34.64999999999995],[-118.4999999999999,34.64999999999995],[-118.4999999999999,34.62499999999995]]]}},{"type":"Feature","properties":{"nearestScore":95,"avg5Score":95.6,"nearestDist":4.642,"reachMin":55.7,"walkMin":55.7,"bikeMin":18.6,"driveMin":7.0},"geometry":{"type":"Polygon","coordinates":[[[-118.4749999999999,34.62499999999995],[-118.44999999999989,34.62499999999995],[-118.44999999999989,34.64999999999995],[-118.4749999999999,34.64999999999995],[-118.4749999999999,34.62499999999995]]]}},{"type":"Feature","properties":{"nearestScore":98,"avg5Score":95.6,"nearestDist":3.9,"reachMin":46.8,"walkMin":46.8,"bikeMin":15.6,"driveMin":5.9},"geometry":{"type":"Polygon","coordinates":[[[-118.44999999999989,34.62499999999995],[-118.42499999999988,34.62499999999995],[-118.42499999999988,34.64999999999995],[-118.44999999999989,34.64999999999995],[-118.44999999999989,34.62499999999995]]]}},{"type":"Feature","properties":{"nearestScore":98,"avg5Score":95.6,"nearestDist":2.498,"reachMin":30.0,"walkMin":30.0,"bikeMin":10.0,"driveMin":3.7},"geometry":{"type":"Polygon","coordinates":[[[-118.42499999999988,34.62499999999995],[-118.39999999999988,34.62499999999995],[-118.39999999999988,34.64999999999995],[-118.42499999999988,34.64999999999995],[-118.42499999999988,34.62499999999995]]]}},{"type":"Feature","properties":{"nearestScore":98,"avg5Score":95.6,"nearestDist":2.781,"reachMin":33.4,"walkMin":33.4,"bikeMin":11.1,"driveMin":4.2},"geometry":{"type":"Polygon","coordinates":[[[-118.39999999999988,34.62499999999995],[-118.37499999999987,34.62499999999995],[-118.37499999999987,34.64999999999995],[-118.39999999999988,34.64999999999995],[-118.39999999999988,34.62499999999995]]]}},{"type":"Feature","properties":{"nearestScore":96,"avg5Score":95.8,"nearestDist":3.426,"reachMin":41.1,"walkMin":41.1,"bikeMin":13.7,"driveMin":5.1},"geometry":{"type":"Polygon","coordinates":[[[-118.37499999999987,34.62499999999995],[-118.34999999999987,34.62499999999995],[-118.34999999999987,34.64999999999995],[-118.37499999999987,34.64999999999995],[-118.37499999999987,34.62499999999995]]]}},{"type":"Feature","properties":{"nearestScore":97,"avg5Score":95.8,"nearestDist":4.996,"reachMin":60.0,"walkMin":60.0,"bikeMin":20.0,"driveMin":7.5},"geometry":{"type":"Polygon","coordinates":[[[-118.34999999999987,34.62499999999995],[-118.32499999999986,34.62499999999995],[-118.32499999999986,34.64999999999995],[-118.34999999999987,34.64999999999995],[-118.34999999999987,34.62499999999995]]]}},{"type":"Feature","properties":{"nearestScore":97,"avg5Score":94.8,"nearestDist":3.117,"reachMin":37.4,"walkMin":37.4,"bikeMin":12.5,"driveMin":4.7},"geometry":{"type":"Polygon","coordinates":[[[-118.32499999999986,34.62499999999995],[-118.29999999999986,34.62499999999995],[-118.29999999999986,34.64999999999995],[-118.32499999999986,34.64999999999995],[-118.32499999999986,34.62499999999995]]]}},{"type":"Feature","properties":{"nearestScore":97,"avg5Score":94.0,"nearestDist":2.222,"reachMin":26.7,"walkMin":26.7,"bikeMin":8.9,"driveMin":3.3},"geometry":{"type":"Polygon","coordinates":[[[-118.29999999999986,34.62499999999995],[-118.27499999999985,34.62499999999995],[-118.27499999999985,34.64999999999995],[-118.29999999999986,34.64999999999995],[-118.29999999999986,34.62499999999995]]]}},{"type":"Feature","properties":{"nearestScore":96,"avg5Score":94.0,"nearestDist":3.026,"reachMin":36.3,"walkMin":36.3,"bikeMin":12.1,"driveMin":4.5},"geometry":{"type":"Polygon","coordinates":[[[-118.27499999999985,34.62499999999995],[-118.24999999999984,34.62499999999995],[-118.24999999999984,34.64999999999995],[-118.27499999999985,34.64999999999995],[-118.27499999999985,34.62499999999995]]]}},{"type":"Feature","properties":{"nearestScore":92,"avg5Score":94.2,"nearestDist":1.732,"reachMin":20.8,"walkMin":20.8,"bikeMin":6.9,"driveMin":2.6},"geometry":{"type":"Polygon","coordinates":[[[-118.24999999999984,34.62499999999995],[-118.22499999999984,34.62499999999995],[-118.22499999999984,34.64999999999995],[-118.24999999999984,34.64999999999995],[-118.24999999999984,34.62499999999995]]]}},{"type":"Feature","properties":{"nearestScore":90,"avg5Score":92.6,"nearestDist":0.965,"reachMin":11.6,"walkMin":11.6,"bikeMin":3.9,"driveMin":1.4},"geometry":{"type":"Polygon","coordinates":[[[-118.22499999999984,34.62499999999995],[-118.19999999999983,34.62499999999995],[-118.19999999999983,34.64999999999995],[-118.22499999999984,34.64999999999995],[-118.22499999999984,34.62499999999995]]]}},{"type":"Feature","properties":{"nearestScore":93,"avg5Score":93.2,"nearestDist":2.248,"reachMin":27.0,"walkMin":27.0,"bikeMin":9.0,"driveMin":3.4},"geometry":{"type":"Polygon","coordinates":[[[-118.19999999999983,34.62499999999995],[-118.17499999999983,34.62499999999995],[-118.17499999999983,34.64999999999995],[-118.19999999999983,34.64999999999995],[-118.19999999999983,34.62499999999995]]]}},{"type":"Feature","properties":{"nearestScore":92,"avg5Score":91.8,"nearestDist":1.565,"reachMin":18.8,"walkMin":18.8,"bikeMin":6.3,"driveMin":2.3},"geometry":{"type":"Polygon","coordinates":[[[-118.17499999999983,34.62499999999995],[-118.14999999999982,34.62499999999995],[-118.14999999999982,34.64999999999995],[-118.17499999999983,34.64999999999995],[-118.17499999999983,34.62499999999995]]]}},{"type":"Feature","properties":{"nearestScore":92,"avg5Score":90.8,"nearestDist":1.227,"reachMin":14.7,"walkMin":14.7,"bikeMin":4.9,"driveMin":1.8},"geometry":{"type":"Polygon","coordinates":[[[-118.14999999999982,34.62499999999995],[-118.12499999999982,34.62499999999995],[-118.12499999999982,34.64999999999995],[-118.14999999999982,34.64999999999995],[-118.14999999999982,34.62499999999995]]]}},{"type":"Feature","properties":{"nearestScore":94,"avg5Score":92.0,"nearestDist":1.382,"reachMin":16.6,"walkMin":16.6,"bikeMin":5.5,"driveMin":2.1},"geometry":{"type":"Polygon","coordinates":[[[-118.12499999999982,34.62499999999995],[-118.09999999999981,34.62499999999995],[-118.09999999999981,34.64999999999995],[-118.12499999999982,34.64999999999995],[-118.12499999999982,34.62499999999995]]]}},{"type":"Feature","properties":{"nearestScore":94,"avg5Score":93.4,"nearestDist":3.413,"reachMin":41.0,"walkMin":41.0,"bikeMin":13.7,"driveMin":5.1},"geometry":{"type":"Polygon","coordinates":[[[-118.09999999999981,34.62499999999995],[-118.0749999999998,34.62499999999995],[-118.0749999999998,34.64999999999995],[-118.09999999999981,34.64999999999995],[-118.09999999999981,34.62499999999995]]]}},{"type":"Feature","properties":{"nearestScore":96,"avg5Score":94.0,"nearestDist":3.943,"reachMin":47.3,"walkMin":47.3,"bikeMin":15.8,"driveMin":5.9},"geometry":{"type":"Polygon","coordinates":[[[-118.0749999999998,34.62499999999995],[-118.0499999999998,34.62499999999995],[-118.0499999999998,34.64999999999995],[-118.0749999999998,34.64999999999995],[-118.0749999999998,34.62499999999995]]]}},{"type":"Feature","properties":{"nearestScore":96,"avg5Score":93.6,"nearestDist":4.638,"reachMin":55.7,"walkMin":55.7,"bikeMin":18.6,"driveMin":7.0},"geometry":{"type":"Polygon","coordinates":[[[-118.0499999999998,34.62499999999995],[-118.02499999999979,34.62499999999995],[-118.02499999999979,34.64999999999995],[-118.0499999999998,34.64999999999995],[-118.0499999999998,34.62499999999995]]]}},{"type":"Feature","properties":{"nearestScore":96,"avg5Score":96.8,"nearestDist":6.159,"reachMin":73.9,"walkMin":73.9,"bikeMin":24.6,"driveMin":9.2},"geometry":{"type":"Polygon","coordinates":[[[-118.02499999999979,34.62499999999995],[-117.99999999999979,34.62499999999995],[-117.99999999999979,34.64999999999995],[-118.02499999999979,34.64999999999995],[-118.02499999999979,34.62499999999995]]]}},{"type":"Feature","properties":{"nearestScore":96,"avg5Score":96.0,"nearestDist":6.54,"reachMin":78.5,"walkMin":78.5,"bikeMin":26.2,"driveMin":9.8},"geometry":{"type":"Polygon","coordinates":[[[-117.99999999999979,34.62499999999995],[-117.97499999999978,34.62499999999995],[-117.97499999999978,34.64999999999995],[-117.99999999999979,34.64999999999995],[-117.99999999999979,34.62499999999995]]]}},{"type":"Feature","properties":{"nearestScore":96,"avg5Score":96.0,"nearestDist":6.497,"reachMin":78.0,"walkMin":78.0,"bikeMin":26.0,"driveMin":9.7},"geometry":{"type":"Polygon","coordinates":[[[-117.97499999999978,34.62499999999995],[-117.94999999999978,34.62499999999995],[-117.94999999999978,34.64999999999995],[-117.97499999999978,34.64999999999995],[-117.97499999999978,34.62499999999995]]]}},{"type":"Feature","properties":{"nearestScore":95,"avg5Score":94.0,"nearestDist":7.214,"reachMin":86.6,"walkMin":86.6,"bikeMin":28.9,"driveMin":10.8},"geometry":{"type":"Polygon","coordinates":[[[-117.94999999999978,34.62499999999995],[-117.92499999999977,34.62499999999995],[-117.92499999999977,34.64999999999995],[-117.94999999999978,34.64999999999995],[-117.94999999999978,34.62499999999995]]]}},{"type":"Feature","properties":{"nearestScore":90,"avg5Score":94.0,"nearestDist":8.253,"reachMin":99.0,"walkMin":99.0,"bikeMin":33.0,"driveMin":12.4},"geometry":{"type":"Polygon","coordinates":[[[-117.92499999999977,34.62499999999995],[-117.89999999999976,34.62499999999995],[-117.89999999999976,34.64999999999995],[-117.92499999999977,34.64999999999995],[-117.92499999999977,34.62499999999995]]]}},{"type":"Feature","properties":{"nearestScore":90,"avg5Score":94.8,"nearestDist":6.092,"reachMin":73.1,"walkMin":73.1,"bikeMin":24.4,"driveMin":9.1},"geometry":{"type":"Polygon","coordinates":[[[-117.89999999999976,34.62499999999995],[-117.87499999999976,34.62499999999995],[-117.87499999999976,34.64999999999995],[-117.89999999999976,34.64999999999995],[-117.89999999999976,34.62499999999995]]]}},{"type":"Feature","properties":{"nearestScore":90,"avg5Score":94.8,"nearestDist":4.073,"reachMin":48.9,"walkMin":48.9,"bikeMin":16.3,"driveMin":6.1},"geometry":{"type":"Polygon","coordinates":[[[-117.87499999999976,34.62499999999995],[-117.84999999999975,34.62499999999995],[-117.84999999999975,34.64999999999995],[-117.87499999999976,34.64999999999995],[-117.87499999999976,34.62499999999995]]]}},{"type":"Feature","properties":{"nearestScore":90,"avg5Score":94.8,"nearestDist":2.556,"reachMin":30.7,"walkMin":30.7,"bikeMin":10.2,"driveMin":3.8},"geometry":{"type":"Polygon","coordinates":[[[-117.84999999999975,34.62499999999995],[-117.82499999999975,34.62499999999995],[-117.82499999999975,34.64999999999995],[-117.84999999999975,34.64999999999995],[-117.84999999999975,34.62499999999995]]]}},{"type":"Feature","properties":{"nearestScore":93,"avg5Score":94.8,"nearestDist":2.576,"reachMin":30.9,"walkMin":30.9,"bikeMin":10.3,"driveMin":3.9},"geometry":{"type":"Polygon","coordinates":[[[-117.82499999999975,34.62499999999995],[-117.79999999999974,34.62499999999995],[-117.79999999999974,34.64999999999995],[-117.82499999999975,34.64999999999995],[-117.82499999999975,34.62499999999995]]]}},{"type":"Feature","properties":{"nearestScore":93,"avg5Score":94.8,"nearestDist":4.1,"reachMin":49.2,"walkMin":49.2,"bikeMin":16.4,"driveMin":6.1},"geometry":{"type":"Polygon","coordinates":[[[-117.79999999999974,34.62499999999995],[-117.77499999999974,34.62499999999995],[-117.77499999999974,34.64999999999995],[-117.79999999999974,34.64999999999995],[-117.79999999999974,34.62499999999995]]]}},{"type":"Feature","properties":{"nearestScore":93,"avg5Score":95.0,"nearestDist":6.119,"reachMin":73.4,"walkMin":73.4,"bikeMin":24.5,"driveMin":9.2},"geometry":{"type":"Polygon","coordinates":[[[-117.77499999999974,34.62499999999995],[-117.74999999999973,34.62499999999995],[-117.74999999999973,34.64999999999995],[-117.77499999999974,34.64999999999995],[-117.77499999999974,34.62499999999995]]]}},{"type":"Feature","properties":{"nearestScore":93,"avg5Score":95.0,"nearestDist":8.279,"reachMin":99.3,"walkMin":99.3,"bikeMin":33.1,"driveMin":12.4},"geometry":{"type":"Polygon","coordinates":[[[-117.74999999999973,34.62499999999995],[-117.72499999999972,34.62499999999995],[-117.72499999999972,34.64999999999995],[-117.74999999999973,34.64999999999995],[-117.74999999999973,34.62499999999995]]]}},{"type":"Feature","properties":{"nearestScore":93,"avg5Score":95.0,"nearestDist":10.493,"reachMin":125.9,"walkMin":125.9,"bikeMin":42.0,"driveMin":15.7},"geometry":{"type":"Polygon","coordinates":[[[-117.72499999999972,34.62499999999995],[-117.69999999999972,34.62499999999995],[-117.69999999999972,34.64999999999995],[-117.72499999999972,34.64999999999995],[-117.72499999999972,34.62499999999995]]]}},{"type":"Feature","properties":{"nearestScore":93,"avg5Score":95.0,"nearestDist":12.733,"reachMin":152.8,"walkMin":152.8,"bikeMin":50.9,"driveMin":19.1},"geometry":{"type":"Polygon","coordinates":[[[-117.69999999999972,34.62499999999995],[-117.67499999999971,34.62499999999995],[-117.67499999999971,34.64999999999995],[-117.69999999999972,34.64999999999995],[-117.69999999999972,34.62499999999995]]]}},{"type":"Feature","properties":{"nearestScore":93,"avg5Score":95.0,"nearestDist":14.988,"reachMin":179.9,"walkMin":179.9,"bikeMin":60.0,"driveMin":22.5},"geometry":{"type":"Polygon","coordinates":[[[-117.67499999999971,34.62499999999995],[-117.64999999999971,34.62499999999995],[-117.64999999999971,34.64999999999995],[-117.67499999999971,34.64999999999995],[-117.67499999999971,34.62499999999995]]]}},{"type":"Feature","properties":{"nearestScore":92,"avg5Score":95.2,"nearestDist":17.812,"reachMin":213.7,"walkMin":213.7,"bikeMin":71.2,"driveMin":26.7},"geometry":{"type":"Polygon","coordinates":[[[-118.95,34.64999999999995],[-118.925,34.64999999999995],[-118.925,34.67499999999995],[-118.95,34.67499999999995],[-118.95,34.64999999999995]]]}},{"type":"Feature","properties":{"nearestScore":92,"avg5Score":95.2,"nearestDist":17.382,"reachMin":208.6,"walkMin":208.6,"bikeMin":69.5,"driveMin":26.1},"geometry":{"type":"Polygon","coordinates":[[[-118.925,34.64999999999995],[-118.89999999999999,34.64999999999995],[-118.89999999999999,34.67499999999995],[-118.925,34.67499999999995],[-118.925,34.64999999999995]]]}},{"type":"Feature","properties":{"nearestScore":99,"avg5Score":95.2,"nearestDist":17.017,"reachMin":204.2,"walkMin":204.2,"bikeMin":68.1,"driveMin":25.5},"geometry":{"type":"Polygon","coordinates":[[[-118.89999999999999,34.64999999999995],[-118.87499999999999,34.64999999999995],[-118.87499999999999,34.67499999999995],[-118.89999999999999,34.67499999999995],[-118.89999999999999,34.64999999999995]]]}},{"type":"Feature","properties":{"nearestScore":99,"avg5Score":95.2,"nearestDist":14.973,"reachMin":179.7,"walkMin":179.7,"bikeMin":59.9,"driveMin":22.5},"geometry":{"type":"Polygon","coordinates":[[[-118.87499999999999,34.64999999999995],[-118.84999999999998,34.64999999999995],[-118.84999999999998,34.67499999999995],[-118.87499999999999,34.67499999999995],[-118.87499999999999,34.64999999999995]]]}},{"type":"Feature","properties":{"nearestScore":99,"avg5Score":95.2,"nearestDist":13.009,"reachMin":156.1,"walkMin":156.1,"bikeMin":52.0,"driveMin":19.5},"geometry":{"type":"Polygon","coordinates":[[[-118.84999999999998,34.64999999999995],[-118.82499999999997,34.64999999999995],[-118.82499999999997,34.67499999999995],[-118.84999999999998,34.67499999999995],[-118.84999999999998,34.64999999999995]]]}},{"type":"Feature","properties":{"nearestScore":99,"avg5Score":95.2,"nearestDist":11.17,"reachMin":134.0,"walkMin":134.0,"bikeMin":44.7,"driveMin":16.8},"geometry":{"type":"Polygon","coordinates":[[[-118.82499999999997,34.64999999999995],[-118.79999999999997,34.64999999999995],[-118.79999999999997,34.67499999999995],[-118.82499999999997,34.67499999999995],[-118.82499999999997,34.64999999999995]]]}},{"type":"Feature","properties":{"nearestScore":99,"avg5Score":95.2,"nearestDist":9.527,"reachMin":114.3,"walkMin":114.3,"bikeMin":38.1,"driveMin":14.3},"geometry":{"type":"Polygon","coordinates":[[[-118.79999999999997,34.64999999999995],[-118.77499999999996,34.64999999999995],[-118.77499999999996,34.67499999999995],[-118.79999999999997,34.67499999999995],[-118.79999999999997,34.64999999999995]]]}},{"type":"Feature","properties":{"nearestScore":99,"avg5Score":95.2,"nearestDist":8.198,"reachMin":98.4,"walkMin":98.4,"bikeMin":32.8,"driveMin":12.3},"geometry":{"type":"Polygon","coordinates":[[[-118.77499999999996,34.64999999999995],[-118.74999999999996,34.64999999999995],[-118.74999999999996,34.67499999999995],[-118.77499999999996,34.67499999999995],[-118.77499999999996,34.64999999999995]]]}},{"type":"Feature","properties":{"nearestScore":99,"avg5Score":97.2,"nearestDist":7.357,"reachMin":88.3,"walkMin":88.3,"bikeMin":29.4,"driveMin":11.0},"geometry":{"type":"Polygon","coordinates":[[[-118.74999999999996,34.64999999999995],[-118.72499999999995,34.64999999999995],[-118.72499999999995,34.67499999999995],[-118.74999999999996,34.67499999999995],[-118.74999999999996,34.64999999999995]]]}},{"type":"Feature","properties":{"nearestScore":99,"avg5Score":97.2,"nearestDist":7.177,"reachMin":86.1,"walkMin":86.1,"bikeMin":28.7,"driveMin":10.8},"geometry":{"type":"Polygon","coordinates":[[[-118.72499999999995,34.64999999999995],[-118.69999999999995,34.64999999999995],[-118.69999999999995,34.67499999999995],[-118.72499999999995,34.67499999999995],[-118.72499999999995,34.64999999999995]]]}},{"type":"Feature","properties":{"nearestScore":99,"avg5Score":97.2,"nearestDist":7.704,"reachMin":92.4,"walkMin":92.4,"bikeMin":30.8,"driveMin":11.6},"geometry":{"type":"Polygon","coordinates":[[[-118.69999999999995,34.64999999999995],[-118.67499999999994,34.64999999999995],[-118.67499999999994,34.67499999999995],[-118.69999999999995,34.67499999999995],[-118.69999999999995,34.64999999999995]]]}},{"type":"Feature","properties":{"nearestScore":99,"avg5Score":96.4,"nearestDist":8.813,"reachMin":105.8,"walkMin":105.8,"bikeMin":35.3,"driveMin":13.2},"geometry":{"type":"Polygon","coordinates":[[[-118.67499999999994,34.64999999999995],[-118.64999999999993,34.64999999999995],[-118.64999999999993,34.67499999999995],[-118.67499999999994,34.67499999999995],[-118.67499999999994,34.64999999999995]]]}},{"type":"Feature","properties":{"nearestScore":99,"avg5Score":96.0,"nearestDist":10.317,"reachMin":123.8,"walkMin":123.8,"bikeMin":41.3,"driveMin":15.5},"geometry":{"type":"Polygon","coordinates":[[[-118.64999999999993,34.64999999999995],[-118.62499999999993,34.64999999999995],[-118.62499999999993,34.67499999999995],[-118.64999999999993,34.67499999999995],[-118.64999999999993,34.64999999999995]]]}},{"type":"Feature","properties":{"nearestScore":99,"avg5Score":96.2,"nearestDist":12.069,"reachMin":144.8,"walkMin":144.8,"bikeMin":48.3,"driveMin":18.1},"geometry":{"type":"Polygon","coordinates":[[[-118.62499999999993,34.64999999999995],[-118.59999999999992,34.64999999999995],[-118.59999999999992,34.67499999999995],[-118.62499999999993,34.67499999999995],[-118.62499999999993,34.64999999999995]]]}},{"type":"Feature","properties":{"nearestScore":93,"avg5Score":96.2,"nearestDist":11.739,"reachMin":140.9,"walkMin":140.9,"bikeMin":47.0,"driveMin":17.6},"geometry":{"type":"Polygon","coordinates":[[[-118.59999999999992,34.64999999999995],[-118.57499999999992,34.64999999999995],[-118.57499999999992,34.67499999999995],[-118.59999999999992,34.67499999999995],[-118.59999999999992,34.64999999999995]]]}},{"type":"Feature","properties":{"nearestScore":93,"avg5Score":96.2,"nearestDist":9.503,"reachMin":114.0,"walkMin":114.0,"bikeMin":38.0,"driveMin":14.3},"geometry":{"type":"Polygon","coordinates":[[[-118.57499999999992,34.64999999999995],[-118.54999999999991,34.64999999999995],[-118.54999999999991,34.67499999999995],[-118.57499999999992,34.67499999999995],[-118.57499999999992,34.64999999999995]]]}},{"type":"Feature","properties":{"nearestScore":93,"avg5Score":95.6,"nearestDist":7.299,"reachMin":87.6,"walkMin":87.6,"bikeMin":29.2,"driveMin":10.9},"geometry":{"type":"Polygon","coordinates":[[[-118.54999999999991,34.64999999999995],[-118.5249999999999,34.64999999999995],[-118.5249999999999,34.67499999999995],[-118.54999999999991,34.67499999999995],[-118.54999999999991,34.64999999999995]]]}},{"type":"Feature","properties":{"nearestScore":93,"avg5Score":95.6,"nearestDist":5.166,"reachMin":62.0,"walkMin":62.0,"bikeMin":20.7,"driveMin":7.7},"geometry":{"type":"Polygon","coordinates":[[[-118.5249999999999,34.64999999999995],[-118.4999999999999,34.64999999999995],[-118.4999999999999,34.67499999999995],[-118.5249999999999,34.67499999999995],[-118.5249999999999,34.64999999999995]]]}},{"type":"Feature","properties":{"nearestScore":93,"avg5Score":95.6,"nearestDist":3.248,"reachMin":39.0,"walkMin":39.0,"bikeMin":13.0,"driveMin":4.9},"geometry":{"type":"Polygon","coordinates":[[[-118.4999999999999,34.64999999999995],[-118.4749999999999,34.64999999999995],[-118.4749999999999,34.67499999999995],[-118.4999999999999,34.67499999999995],[-118.4999999999999,34.64999999999995]]]}},{"type":"Feature","properties":{"nearestScore":93,"avg5Score":95.6,"nearestDist":2.207,"reachMin":26.5,"walkMin":26.5,"bikeMin":8.8,"driveMin":3.3},"geometry":{"type":"Polygon","coordinates":[[[-118.4749999999999,34.64999999999995],[-118.44999999999989,34.64999999999995],[-118.44999999999989,34.67499999999995],[-118.4749999999999,34.67499999999995],[-118.4749999999999,34.64999999999995]]]}},{"type":"Feature","properties":{"nearestScore":96,"avg5Score":95.6,"nearestDist":1.349,"reachMin":16.2,"walkMin":16.2,"bikeMin":5.4,"driveMin":2.0},"geometry":{"type":"Polygon","coordinates":[[[-118.44999999999989,34.64999999999995],[-118.42499999999988,34.64999999999995],[-118.42499999999988,34.67499999999995],[-118.44999999999989,34.67499999999995],[-118.44999999999989,34.64999999999995]]]}},{"type":"Feature","properties":{"nearestScore":96,"avg5Score":95.6,"nearestDist":2.144,"reachMin":25.7,"walkMin":25.7,"bikeMin":8.6,"driveMin":3.2},"geometry":{"type":"Polygon","coordinates":[[[-118.42499999999988,34.64999999999995],[-118.39999999999988,34.64999999999995],[-118.39999999999988,34.67499999999995],[-118.42499999999988,34.67499999999995],[-118.42499999999988,34.64999999999995]]]}},{"type":"Feature","properties":{"nearestScore":96,"avg5Score":95.6,"nearestDist":0.314,"reachMin":3.8,"walkMin":3.8,"bikeMin":1.3,"driveMin":0.5},"geometry":{"type":"Polygon","coordinates":[[[-118.39999999999988,34.64999999999995],[-118.37499999999987,34.64999999999995],[-118.37499999999987,34.67499999999995],[-118.39999999999988,34.67499999999995],[-118.39999999999988,34.64999999999995]]]}},{"type":"Feature","properties":{"nearestScore":96,"avg5Score":96.4,"nearestDist":1.973,"reachMin":23.7,"walkMin":23.7,"bikeMin":7.9,"driveMin":3.0},"geometry":{"type":"Polygon","coordinates":[[[-118.37499999999987,34.64999999999995],[-118.34999999999987,34.64999999999995],[-118.34999999999987,34.67499999999995],[-118.37499999999987,34.67499999999995],[-118.37499999999987,34.64999999999995]]]}},{"type":"Feature","properties":{"nearestScore":96,"avg5Score":95.8,"nearestDist":4.26,"reachMin":51.1,"walkMin":51.1,"bikeMin":17.0,"driveMin":6.4},"geometry":{"type":"Polygon","coordinates":[[[-118.34999999999987,34.64999999999995],[-118.32499999999986,34.64999999999995],[-118.32499999999986,34.67499999999995],[-118.34999999999987,34.67499999999995],[-118.34999999999987,34.64999999999995]]]}},{"type":"Feature","properties":{"nearestScore":97,"avg5Score":94.8,"nearestDist":5.458,"reachMin":65.5,"walkMin":65.5,"bikeMin":21.8,"driveMin":8.2},"geometry":{"type":"Polygon","coordinates":[[[-118.32499999999986,34.64999999999995],[-118.29999999999986,34.64999999999995],[-118.29999999999986,34.67499999999995],[-118.32499999999986,34.67499999999995],[-118.32499999999986,34.64999999999995]]]}},{"type":"Feature","properties":{"nearestScore":96,"avg5Score":94.0,"nearestDist":4.79,"reachMin":57.5,"walkMin":57.5,"bikeMin":19.2,"driveMin":7.2},"geometry":{"type":"Polygon","coordinates":[[[-118.29999999999986,34.64999999999995],[-118.27499999999985,34.64999999999995],[-118.27499999999985,34.67499999999995],[-118.29999999999986,34.67499999999995],[-118.29999999999986,34.64999999999995]]]}},{"type":"Feature","properties":{"nearestScore":96,"avg5Score":93.6,"nearestDist":2.589,"reachMin":31.1,"walkMin":31.1,"bikeMin":10.4,"driveMin":3.9},"geometry":{"type":"Polygon","coordinates":[[[-118.27499999999985,34.64999999999995],[-118.24999999999984,34.64999999999995],[-118.24999999999984,34.67499999999995],[-118.27499999999985,34.67499999999995],[-118.27499999999985,34.64999999999995]]]}},{"type":"Feature","properties":{"nearestScore":96,"avg5Score":93.6,"nearestDist":0.956,"reachMin":11.5,"walkMin":11.5,"bikeMin":3.8,"driveMin":1.4},"geometry":{"type":"Polygon","coordinates":[[[-118.24999999999984,34.64999999999995],[-118.22499999999984,34.64999999999995],[-118.22499999999984,34.67499999999995],[-118.24999999999984,34.67499999999995],[-118.24999999999984,34.64999999999995]]]}},{"type":"Feature","properties":{"nearestScore":93,"avg5Score":94.6,"nearestDist":0.431,"reachMin":5.2,"walkMin":5.2,"bikeMin":1.7,"driveMin":0.6},"geometry":{"type":"Polygon","coordinates":[[[-118.22499999999984,34.64999999999995],[-118.19999999999983,34.64999999999995],[-118.19999999999983,34.67499999999995],[-118.22499999999984,34.67499999999995],[-118.22499999999984,34.64999999999995]]]}},{"type":"Feature","properties":{"nearestScore":96,"avg5Score":93.8,"nearestDist":0.377,"reachMin":4.5,"walkMin":4.5,"bikeMin":1.5,"driveMin":0.6},"geometry":{"type":"Polygon","coordinates":[[[-118.19999999999983,34.64999999999995],[-118.17499999999983,34.64999999999995],[-118.17499999999983,34.67499999999995],[-118.19999999999983,34.67499999999995],[-118.19999999999983,34.64999999999995]]]}},{"type":"Feature","properties":{"nearestScore":94,"avg5Score":96.2,"nearestDist":0.323,"reachMin":3.9,"walkMin":3.9,"bikeMin":1.3,"driveMin":0.5},"geometry":{"type":"Polygon","coordinates":[[[-118.17499999999983,34.64999999999995],[-118.14999999999982,34.64999999999995],[-118.14999999999982,34.67499999999995],[-118.17499999999983,34.67499999999995],[-118.17499999999983,34.64999999999995]]]}},{"type":"Feature","properties":{"nearestScore":98,"avg5Score":93.8,"nearestDist":0.439,"reachMin":5.3,"walkMin":5.3,"bikeMin":1.8,"driveMin":0.7},"geometry":{"type":"Polygon","coordinates":[[[-118.14999999999982,34.64999999999995],[-118.12499999999982,34.64999999999995],[-118.12499999999982,34.67499999999995],[-118.14999999999982,34.67499999999995],[-118.14999999999982,34.64999999999995]]]}},{"type":"Feature","properties":{"nearestScore":92,"avg5Score":95.4,"nearestDist":0.885,"reachMin":10.6,"walkMin":10.6,"bikeMin":3.5,"driveMin":1.3},"geometry":{"type":"Polygon","coordinates":[[[-118.12499999999982,34.64999999999995],[-118.09999999999981,34.64999999999995],[-118.09999999999981,34.67499999999995],[-118.12499999999982,34.67499999999995],[-118.12499999999982,34.64999999999995]]]}},{"type":"Feature","properties":{"nearestScore":94,"avg5Score":96.4,"nearestDist":2.529,"reachMin":30.3,"walkMin":30.3,"bikeMin":10.1,"driveMin":3.8},"geometry":{"type":"Polygon","coordinates":[[[-118.09999999999981,34.64999999999995],[-118.0749999999998,34.64999999999995],[-118.0749999999998,34.67499999999995],[-118.09999999999981,34.67499999999995],[-118.09999999999981,34.64999999999995]]]}},{"type":"Feature","properties":{"nearestScore":84,"avg5Score":92.4,"nearestDist":3.896,"reachMin":46.8,"walkMin":46.8,"bikeMin":15.6,"driveMin":5.8},"geometry":{"type":"Polygon","coordinates":[[[-118.0749999999998,34.64999999999995],[-118.0499999999998,34.64999999999995],[-118.0499999999998,34.67499999999995],[-118.0749999999998,34.67499999999995],[-118.0749999999998,34.64999999999995]]]}},{"type":"Feature","properties":{"nearestScore":96,"avg5Score":92.4,"nearestDist":4.242,"reachMin":50.9,"walkMin":50.9,"bikeMin":17.0,"driveMin":6.4},"geometry":{"type":"Polygon","coordinates":[[[-118.0499999999998,34.64999999999995],[-118.02499999999979,34.64999999999995],[-118.02499999999979,34.67499999999995],[-118.0499999999998,34.67499999999995],[-118.0499999999998,34.64999999999995]]]}},{"type":"Feature","properties":{"nearestScore":96,"avg5Score":92.6,"nearestDist":5.589,"reachMin":67.1,"walkMin":67.1,"bikeMin":22.4,"driveMin":8.4},"geometry":{"type":"Polygon","coordinates":[[[-118.02499999999979,34.64999999999995],[-117.99999999999979,34.64999999999995],[-117.99999999999979,34.67499999999995],[-118.02499999999979,34.67499999999995],[-118.02499999999979,34.64999999999995]]]}},{"type":"Feature","properties":{"nearestScore":96,"avg5Score":92.8,"nearestDist":7.412,"reachMin":88.9,"walkMin":88.9,"bikeMin":29.6,"driveMin":11.1},"geometry":{"type":"Polygon","coordinates":[[[-117.99999999999979,34.64999999999995],[-117.97499999999978,34.64999999999995],[-117.97499999999978,34.67499999999995],[-117.99999999999979,34.67499999999995],[-117.99999999999979,34.64999999999995]]]}},{"type":"Feature","properties":{"nearestScore":96,"avg5Score":93.4,"nearestDist":9.252,"reachMin":111.0,"walkMin":111.0,"bikeMin":37.0,"driveMin":13.9},"geometry":{"type":"Polygon","coordinates":[[[-117.97499999999978,34.64999999999995],[-117.94999999999978,34.64999999999995],[-117.94999999999978,34.67499999999995],[-117.97499999999978,34.67499999999995],[-117.97499999999978,34.64999999999995]]]}},{"type":"Feature","properties":{"nearestScore":96,"avg5Score":94.0,"nearestDist":9.773,"reachMin":117.3,"walkMin":117.3,"bikeMin":39.1,"driveMin":14.7},"geometry":{"type":"Polygon","coordinates":[[[-117.94999999999978,34.64999999999995],[-117.92499999999977,34.64999999999995],[-117.92499999999977,34.67499999999995],[-117.94999999999978,34.67499999999995],[-117.94999999999978,34.64999999999995]]]}},{"type":"Feature","properties":{"nearestScore":90,"avg5Score":94.8,"nearestDist":9.421,"reachMin":113.1,"walkMin":113.1,"bikeMin":37.7,"driveMin":14.1},"geometry":{"type":"Polygon","coordinates":[[[-117.92499999999977,34.64999999999995],[-117.89999999999976,34.64999999999995],[-117.89999999999976,34.67499999999995],[-117.92499999999977,34.67499999999995],[-117.92499999999977,34.64999999999995]]]}},{"type":"Feature","properties":{"nearestScore":90,"avg5Score":94.8,"nearestDist":7.601,"reachMin":91.2,"walkMin":91.2,"bikeMin":30.4,"driveMin":11.4},"geometry":{"type":"Polygon","coordinates":[[[-117.89999999999976,34.64999999999995],[-117.87499999999976,34.64999999999995],[-117.87499999999976,34.67499999999995],[-117.89999999999976,34.67499999999995],[-117.89999999999976,34.64999999999995]]]}},{"type":"Feature","properties":{"nearestScore":90,"avg5Score":94.8,"nearestDist":6.104,"reachMin":73.2,"walkMin":73.2,"bikeMin":24.4,"driveMin":9.2},"geometry":{"type":"Polygon","coordinates":[[[-117.87499999999976,34.64999999999995],[-117.84999999999975,34.64999999999995],[-117.84999999999975,34.67499999999995],[-117.87499999999976,34.67499999999995],[-117.87499999999976,34.64999999999995]]]}},{"type":"Feature","properties":{"nearestScore":90,"avg5Score":94.8,"nearestDist":5.215,"reachMin":62.6,"walkMin":62.6,"bikeMin":20.9,"driveMin":7.8},"geometry":{"type":"Polygon","coordinates":[[[-117.84999999999975,34.64999999999995],[-117.82499999999975,34.64999999999995],[-117.82499999999975,34.67499999999995],[-117.84999999999975,34.67499999999995],[-117.84999999999975,34.64999999999995]]]}},{"type":"Feature","properties":{"nearestScore":93,"avg5Score":94.8,"nearestDist":5.232,"reachMin":62.8,"walkMin":62.8,"bikeMin":20.9,"driveMin":7.8},"geometry":{"type":"Polygon","coordinates":[[[-117.82499999999975,34.64999999999995],[-117.79999999999974,34.64999999999995],[-117.79999999999974,34.67499999999995],[-117.82499999999975,34.67499999999995],[-117.82499999999975,34.64999999999995]]]}},{"type":"Feature","properties":{"nearestScore":93,"avg5Score":94.8,"nearestDist":6.127,"reachMin":73.5,"walkMin":73.5,"bikeMin":24.5,"driveMin":9.2},"geometry":{"type":"Polygon","coordinates":[[[-117.79999999999974,34.64999999999995],[-117.77499999999974,34.64999999999995],[-117.77499999999974,34.67499999999995],[-117.79999999999974,34.67499999999995],[-117.79999999999974,34.64999999999995]]]}},{"type":"Feature","properties":{"nearestScore":93,"avg5Score":94.8,"nearestDist":7.627,"reachMin":91.5,"walkMin":91.5,"bikeMin":30.5,"driveMin":11.4},"geometry":{"type":"Polygon","coordinates":[[[-117.77499999999974,34.64999999999995],[-117.74999999999973,34.64999999999995],[-117.74999999999973,34.67499999999995],[-117.77499999999974,34.67499999999995],[-117.77499999999974,34.64999999999995]]]}},{"type":"Feature","properties":{"nearestScore":93,"avg5Score":94.8,"nearestDist":9.448,"reachMin":113.4,"walkMin":113.4,"bikeMin":37.8,"driveMin":14.2},"geometry":{"type":"Polygon","coordinates":[[[-117.74999999999973,34.64999999999995],[-117.72499999999972,34.64999999999995],[-117.72499999999972,34.67499999999995],[-117.74999999999973,34.67499999999995],[-117.74999999999973,34.64999999999995]]]}},{"type":"Feature","properties":{"nearestScore":93,"avg5Score":95.0,"nearestDist":11.437,"reachMin":137.2,"walkMin":137.2,"bikeMin":45.7,"driveMin":17.2},"geometry":{"type":"Polygon","coordinates":[[[-117.72499999999972,34.64999999999995],[-117.69999999999972,34.64999999999995],[-117.69999999999972,34.67499999999995],[-117.72499999999972,34.67499999999995],[-117.72499999999972,34.64999999999995]]]}},{"type":"Feature","properties":{"nearestScore":93,"avg5Score":95.0,"nearestDist":13.521,"reachMin":162.3,"walkMin":162.3,"bikeMin":54.1,"driveMin":20.3},"geometry":{"type":"Polygon","coordinates":[[[-117.69999999999972,34.64999999999995],[-117.67499999999971,34.64999999999995],[-117.67499999999971,34.67499999999995],[-117.69999999999972,34.67499999999995],[-117.69999999999972,34.64999999999995]]]}},{"type":"Feature","properties":{"nearestScore":94,"avg5Score":94.2,"nearestDist":15.538,"reachMin":186.5,"walkMin":186.5,"bikeMin":62.2,"driveMin":23.3},"geometry":{"type":"Polygon","coordinates":[[[-117.67499999999971,34.64999999999995],[-117.64999999999971,34.64999999999995],[-117.64999999999971,34.67499999999995],[-117.67499999999971,34.67499999999995],[-117.67499999999971,34.64999999999995]]]}},{"type":"Feature","properties":{"nearestScore":92,"avg5Score":95.2,"nearestDist":15.136,"reachMin":181.6,"walkMin":181.6,"bikeMin":60.5,"driveMin":22.7},"geometry":{"type":"Polygon","coordinates":[[[-118.95,34.67499999999995],[-118.925,34.67499999999995],[-118.925,34.699999999999946],[-118.95,34.699999999999946],[-118.95,34.67499999999995]]]}},{"type":"Feature","properties":{"nearestScore":92,"avg5Score":95.2,"nearestDist":14.628,"reachMin":175.5,"walkMin":175.5,"bikeMin":58.5,"driveMin":21.9},"geometry":{"type":"Polygon","coordinates":[[[-118.925,34.67499999999995],[-118.89999999999999,34.67499999999995],[-118.89999999999999,34.699999999999946],[-118.925,34.699999999999946],[-118.925,34.67499999999995]]]}},{"type":"Feature","properties":{"nearestScore":92,"avg5Score":95.2,"nearestDist":14.468,"reachMin":173.6,"walkMin":173.6,"bikeMin":57.9,"driveMin":21.7},"geometry":{"type":"Polygon","coordinates":[[[-118.89999999999999,34.67499999999995],[-118.87499999999999,34.67499999999995],[-118.87499999999999,34.699999999999946],[-118.89999999999999,34.699999999999946],[-118.89999999999999,34.67499999999995]]]}},{"type":"Feature","properties":{"nearestScore":92,"avg5Score":95.2,"nearestDist":14.665,"reachMin":176.0,"walkMin":176.0,"bikeMin":58.7,"driveMin":22.0},"geometry":{"type":"Polygon","coordinates":[[[-118.87499999999999,34.67499999999995],[-118.84999999999998,34.67499999999995],[-118.84999999999998,34.699999999999946],[-118.87499999999999,34.699999999999946],[-118.87499999999999,34.67499999999995]]]}},{"type":"Feature","properties":{"nearestScore":99,"avg5Score":95.2,"nearestDist":14.721,"reachMin":176.7,"walkMin":176.7,"bikeMin":58.9,"driveMin":22.1},"geometry":{"type":"Polygon","coordinates":[[[-118.84999999999998,34.67499999999995],[-118.82499999999997,34.67499999999995],[-118.82499999999997,34.699999999999946],[-118.84999999999998,34.699999999999946],[-118.84999999999998,34.67499999999995]]]}},{"type":"Feature","properties":{"nearestScore":99,"avg5Score":95.2,"nearestDist":13.124,"reachMin":157.5,"walkMin":157.5,"bikeMin":52.5,"driveMin":19.7},"geometry":{"type":"Polygon","coordinates":[[[-118.82499999999997,34.67499999999995],[-118.79999999999997,34.67499999999995],[-118.79999999999997,34.699999999999946],[-118.82499999999997,34.699999999999946],[-118.82499999999997,34.67499999999995]]]}},{"type":"Feature","properties":{"nearestScore":99,"avg5Score":95.2,"nearestDist":11.758,"reachMin":141.1,"walkMin":141.1,"bikeMin":47.0,"driveMin":17.6},"geometry":{"type":"Polygon","coordinates":[[[-118.79999999999997,34.67499999999995],[-118.77499999999996,34.67499999999995],[-118.77499999999996,34.699999999999946],[-118.79999999999997,34.699999999999946],[-118.79999999999997,34.67499999999995]]]}},{"type":"Feature","properties":{"nearestScore":99,"avg5Score":96.2,"nearestDist":10.71,"reachMin":128.5,"walkMin":128.5,"bikeMin":42.8,"driveMin":16.1},"geometry":{"type":"Polygon","coordinates":[[[-118.77499999999996,34.67499999999995],[-118.74999999999996,34.67499999999995],[-118.74999999999996,34.699999999999946],[-118.77499999999996,34.699999999999946],[-118.77499999999996,34.67499999999995]]]}},{"type":"Feature","properties":{"nearestScore":99,"avg5Score":96.2,"nearestDist":10.081,"reachMin":121.0,"walkMin":121.0,"bikeMin":40.3,"driveMin":15.1},"geometry":{"type":"Polygon","coordinates":[[[-118.74999999999996,34.67499999999995],[-118.72499999999995,34.67499999999995],[-118.72499999999995,34.699999999999946],[-118.74999999999996,34.699999999999946],[-118.74999999999996,34.67499999999995]]]}},{"type":"Feature","properties":{"nearestScore":99,"avg5Score":96.2,"nearestDist":9.95,"reachMin":119.4,"walkMin":119.4,"bikeMin":39.8,"driveMin":14.9},"geometry":{"type":"Polygon","coordinates":[[[-118.72499999999995,34.67499999999995],[-118.69999999999995,34.67499999999995],[-118.69999999999995,34.699999999999946],[-118.72499999999995,34.699999999999946],[-118.72499999999995,34.67499999999995]]]}},{"type":"Feature","properties":{"nearestScore":99,"avg5Score":96.4,"nearestDist":10.337,"reachMin":124.0,"walkMin":124.0,"bikeMin":41.3,"driveMin":15.5},"geometry":{"type":"Polygon","coordinates":[[[-118.69999999999995,34.67499999999995],[-118.67499999999994,34.67499999999995],[-118.67499999999994,34.699999999999946],[-118.69999999999995,34.699999999999946],[-118.69999999999995,34.67499999999995]]]}},{"type":"Feature","properties":{"nearestScore":99,"avg5Score":96.2,"nearestDist":11.187,"reachMin":134.2,"walkMin":134.2,"bikeMin":44.7,"driveMin":16.8},"geometry":{"type":"Polygon","coordinates":[[[-118.67499999999994,34.67499999999995],[-118.64999999999993,34.67499999999995],[-118.64999999999993,34.699999999999946],[-118.67499999999994,34.699999999999946],[-118.67499999999994,34.67499999999995]]]}},{"type":"Feature","properties":{"nearestScore":99,"avg5Score":96.2,"nearestDist":12.406,"reachMin":148.9,"walkMin":148.9,"bikeMin":49.6,"driveMin":18.6},"geometry":{"type":"Polygon","coordinates":[[[-118.64999999999993,34.67499999999995],[-118.62499999999993,34.67499999999995],[-118.62499999999993,34.699999999999946],[-118.64999999999993,34.699999999999946],[-118.64999999999993,34.67499999999995]]]}},{"type":"Feature","properties":{"nearestScore":93,"avg5Score":96.2,"nearestDist":13.826,"reachMin":165.9,"walkMin":165.9,"bikeMin":55.3,"driveMin":20.7},"geometry":{"type":"Polygon","coordinates":[[[-118.62499999999993,34.67499999999995],[-118.59999999999992,34.67499999999995],[-118.59999999999992,34.699999999999946],[-118.62499999999993,34.699999999999946],[-118.62499999999993,34.67499999999995]]]}},{"type":"Feature","properties":{"nearestScore":93,"avg5Score":96.2,"nearestDist":11.543,"reachMin":138.5,"walkMin":138.5,"bikeMin":46.2,"driveMin":17.3},"geometry":{"type":"Polygon","coordinates":[[[-118.59999999999992,34.67499999999995],[-118.57499999999992,34.67499999999995],[-118.57499999999992,34.699999999999946],[-118.59999999999992,34.699999999999946],[-118.59999999999992,34.67499999999995]]]}},{"type":"Feature","properties":{"nearestScore":93,"avg5Score":95.6,"nearestDist":9.26,"reachMin":111.1,"walkMin":111.1,"bikeMin":37.0,"driveMin":13.9},"geometry":{"type":"Polygon","coordinates":[[[-118.57499999999992,34.67499999999995],[-118.54999999999991,34.67499999999995],[-118.54999999999991,34.699999999999946],[-118.57499999999992,34.699999999999946],[-118.57499999999992,34.67499999999995]]]}},{"type":"Feature","properties":{"nearestScore":93,"avg5Score":95.6,"nearestDist":6.98,"reachMin":83.8,"walkMin":83.8,"bikeMin":27.9,"driveMin":10.5},"geometry":{"type":"Polygon","coordinates":[[[-118.54999999999991,34.67499999999995],[-118.5249999999999,34.67499999999995],[-118.5249999999999,34.699999999999946],[-118.54999999999991,34.699999999999946],[-118.54999999999991,34.67499999999995]]]}},{"type":"Feature","properties":{"nearestScore":93,"avg5Score":95.6,"nearestDist":4.706,"reachMin":56.5,"walkMin":56.5,"bikeMin":18.8,"driveMin":7.1},"geometry":{"type":"Polygon","coordinates":[[[-118.5249999999999,34.67499999999995],[-118.4999999999999,34.67499999999995],[-118.4999999999999,34.699999999999946],[-118.5249999999999,34.699999999999946],[-118.5249999999999,34.67499999999995]]]}},{"type":"Feature","properties":{"nearestScore":93,"avg5Score":95.6,"nearestDist":2.453,"reachMin":29.4,"walkMin":29.4,"bikeMin":9.8,"driveMin":3.7},"geometry":{"type":"Polygon","coordinates":[[[-118.4999999999999,34.67499999999995],[-118.4749999999999,34.67499999999995],[-118.4749999999999,34.699999999999946],[-118.4999999999999,34.699999999999946],[-118.4999999999999,34.67499999999995]]]}},{"type":"Feature","properties":{"nearestScore":93,"avg5Score":95.6,"nearestDist":0.583,"reachMin":7.0,"walkMin":7.0,"bikeMin":2.3,"driveMin":0.9},"geometry":{"type":"Polygon","coordinates":[[[-118.4749999999999,34.67499999999995],[-118.44999999999989,34.67499999999995],[-118.44999999999989,34.699999999999946],[-118.4749999999999,34.699999999999946],[-118.4749999999999,34.67499999999995]]]}},{"type":"Feature","properties":{"nearestScore":95,"avg5Score":95.6,"nearestDist":1.408,"reachMin":16.9,"walkMin":16.9,"bikeMin":5.6,"driveMin":2.1},"geometry":{"type":"Polygon","coordinates":[[[-118.44999999999989,34.67499999999995],[-118.42499999999988,34.67499999999995],[-118.42499999999988,34.699999999999946],[-118.44999999999989,34.699999999999946],[-118.44999999999989,34.67499999999995]]]}},{"type":"Feature","properties":{"nearestScore":96,"avg5Score":95.6,"nearestDist":2.333,"reachMin":28.0,"walkMin":28.0,"bikeMin":9.3,"driveMin":3.5},"geometry":{"type":"Polygon","coordinates":[[[-118.42499999999988,34.67499999999995],[-118.39999999999988,34.67499999999995],[-118.39999999999988,34.699999999999946],[-118.42499999999988,34.699999999999946],[-118.42499999999988,34.67499999999995]]]}},{"type":"Feature","properties":{"nearestScore":96,"avg5Score":95.6,"nearestDist":2.777,"reachMin":33.3,"walkMin":33.3,"bikeMin":11.1,"driveMin":4.2},"geometry":{"type":"Polygon","coordinates":[[[-118.39999999999988,34.67499999999995],[-118.37499999999987,34.67499999999995],[-118.37499999999987,34.699999999999946],[-118.39999999999988,34.699999999999946],[-118.39999999999988,34.67499999999995]]]}},{"type":"Feature","properties":{"nearestScore":96,"avg5Score":95.6,"nearestDist":3.392,"reachMin":40.7,"walkMin":40.7,"bikeMin":13.6,"driveMin":5.1},"geometry":{"type":"Polygon","coordinates":[[[-118.37499999999987,34.67499999999995],[-118.34999999999987,34.67499999999995],[-118.34999999999987,34.699999999999946],[-118.37499999999987,34.699999999999946],[-118.37499999999987,34.67499999999995]]]}},{"type":"Feature","properties":{"nearestScore":96,"avg5Score":94.0,"nearestDist":5.075,"reachMin":60.9,"walkMin":60.9,"bikeMin":20.3,"driveMin":7.6},"geometry":{"type":"Polygon","coordinates":[[[-118.34999999999987,34.67499999999995],[-118.32499999999986,34.67499999999995],[-118.32499999999986,34.699999999999946],[-118.34999999999987,34.699999999999946],[-118.34999999999987,34.67499999999995]]]}},{"type":"Feature","properties":{"nearestScore":90,"avg5Score":92.6,"nearestDist":7.009,"reachMin":84.1,"walkMin":84.1,"bikeMin":28.0,"driveMin":10.5},"geometry":{"type":"Polygon","coordinates":[[[-118.32499999999986,34.67499999999995],[-118.29999999999986,34.67499999999995],[-118.29999999999986,34.699999999999946],[-118.32499999999986,34.699999999999946],[-118.32499999999986,34.67499999999995]]]}},{"type":"Feature","properties":{"nearestScore":90,"avg5Score":92.8,"nearestDist":4.755,"reachMin":57.1,"walkMin":57.1,"bikeMin":19.0,"driveMin":7.1},"geometry":{"type":"Polygon","coordinates":[[[-118.29999999999986,34.67499999999995],[-118.27499999999985,34.67499999999995],[-118.27499999999985,34.699999999999946],[-118.29999999999986,34.699999999999946],[-118.29999999999986,34.67499999999995]]]}},{"type":"Feature","properties":{"nearestScore":90,"avg5Score":92.8,"nearestDist":2.558,"reachMin":30.7,"walkMin":30.7,"bikeMin":10.2,"driveMin":3.8},"geometry":{"type":"Polygon","coordinates":[[[-118.27499999999985,34.67499999999995],[-118.24999999999984,34.67499999999995],[-118.24999999999984,34.699999999999946],[-118.27499999999985,34.699999999999946],[-118.27499999999985,34.67499999999995]]]}},{"type":"Feature","properties":{"nearestScore":90,"avg5Score":92.8,"nearestDist":0.964,"reachMin":11.6,"walkMin":11.6,"bikeMin":3.9,"driveMin":1.4},"geometry":{"type":"Polygon","coordinates":[[[-118.24999999999984,34.67499999999995],[-118.22499999999984,34.67499999999995],[-118.22499999999984,34.699999999999946],[-118.24999999999984,34.699999999999946],[-118.24999999999984,34.67499999999995]]]}},{"type":"Feature","properties":{"nearestScore":90,"avg5Score":92.6,"nearestDist":2.4,"reachMin":28.8,"walkMin":28.8,"bikeMin":9.6,"driveMin":3.6},"geometry":{"type":"Polygon","coordinates":[[[-118.22499999999984,34.67499999999995],[-118.19999999999983,34.67499999999995],[-118.19999999999983,34.699999999999946],[-118.22499999999984,34.699999999999946],[-118.22499999999984,34.67499999999995]]]}},{"type":"Feature","properties":{"nearestScore":94,"avg5Score":92.8,"nearestDist":1.424,"reachMin":17.1,"walkMin":17.1,"bikeMin":5.7,"driveMin":2.1},"geometry":{"type":"Polygon","coordinates":[[[-118.19999999999983,34.67499999999995],[-118.17499999999983,34.67499999999995],[-118.17499999999983,34.699999999999946],[-118.19999999999983,34.699999999999946],[-118.19999999999983,34.67499999999995]]]}},{"type":"Feature","properties":{"nearestScore":95,"avg5Score":95.6,"nearestDist":0.227,"reachMin":2.7,"walkMin":2.7,"bikeMin":0.9,"driveMin":0.3},"geometry":{"type":"Polygon","coordinates":[[[-118.17499999999983,34.67499999999995],[-118.14999999999982,34.67499999999995],[-118.14999999999982,34.699999999999946],[-118.17499999999983,34.699999999999946],[-118.17499999999983,34.67499999999995]]]}},{"type":"Feature","properties":{"nearestScore":90,"avg5Score":91.8,"nearestDist":0.232,"reachMin":2.8,"walkMin":2.8,"bikeMin":0.9,"driveMin":0.3},"geometry":{"type":"Polygon","coordinates":[[[-118.14999999999982,34.67499999999995],[-118.12499999999982,34.67499999999995],[-118.12499999999982,34.699999999999946],[-118.14999999999982,34.699999999999946],[-118.14999999999982,34.67499999999995]]]}},{"type":"Feature","properties":{"nearestScore":96,"avg5Score":95.0,"nearestDist":0.115,"reachMin":1.4,"walkMin":1.4,"bikeMin":0.5,"driveMin":0.2},"geometry":{"type":"Polygon","coordinates":[[[-118.12499999999982,34.67499999999995],[-118.09999999999981,34.67499999999995],[-118.09999999999981,34.699999999999946],[-118.12499999999982,34.699999999999946],[-118.12499999999982,34.67499999999995]]]}},{"type":"Feature","properties":{"nearestScore":100,"avg5Score":92.2,"nearestDist":0.622,"reachMin":7.5,"walkMin":7.5,"bikeMin":2.5,"driveMin":0.9},"geometry":{"type":"Polygon","coordinates":[[[-118.09999999999981,34.67499999999995],[-118.0749999999998,34.67499999999995],[-118.0749999999998,34.699999999999946],[-118.09999999999981,34.699999999999946],[-118.09999999999981,34.67499999999995]]]}},{"type":"Feature","properties":{"nearestScore":84,"avg5Score":92.6,"nearestDist":1.201,"reachMin":14.4,"walkMin":14.4,"bikeMin":4.8,"driveMin":1.8},"geometry":{"type":"Polygon","coordinates":[[[-118.0749999999998,34.67499999999995],[-118.0499999999998,34.67499999999995],[-118.0499999999998,34.699999999999946],[-118.0749999999998,34.699999999999946],[-118.0749999999998,34.67499999999995]]]}},{"type":"Feature","properties":{"nearestScore":96,"avg5Score":92.6,"nearestDist":2.061,"reachMin":24.7,"walkMin":24.7,"bikeMin":8.2,"driveMin":3.1},"geometry":{"type":"Polygon","coordinates":[[[-118.0499999999998,34.67499999999995],[-118.02499999999979,34.67499999999995],[-118.02499999999979,34.699999999999946],[-118.0499999999998,34.699999999999946],[-118.0499999999998,34.67499999999995]]]}},{"type":"Feature","properties":{"nearestScore":96,"avg5Score":92.6,"nearestDist":4.183,"reachMin":50.2,"walkMin":50.2,"bikeMin":16.7,"driveMin":6.3},"geometry":{"type":"Polygon","coordinates":[[[-118.02499999999979,34.67499999999995],[-117.99999999999979,34.67499999999995],[-117.99999999999979,34.699999999999946],[-118.02499999999979,34.699999999999946],[-118.02499999999979,34.67499999999995]]]}},{"type":"Feature","properties":{"nearestScore":96,"avg5Score":92.6,"nearestDist":6.418,"reachMin":77.0,"walkMin":77.0,"bikeMin":25.7,"driveMin":9.6},"geometry":{"type":"Polygon","coordinates":[[[-117.99999999999979,34.67499999999995],[-117.97499999999978,34.67499999999995],[-117.97499999999978,34.699999999999946],[-117.99999999999979,34.699999999999946],[-117.99999999999979,34.67499999999995]]]}},{"type":"Feature","properties":{"nearestScore":96,"avg5Score":93.8,"nearestDist":8.679,"reachMin":104.1,"walkMin":104.1,"bikeMin":34.7,"driveMin":13.0},"geometry":{"type":"Polygon","coordinates":[[[-117.97499999999978,34.67499999999995],[-117.94999999999978,34.67499999999995],[-117.94999999999978,34.699999999999946],[-117.97499999999978,34.699999999999946],[-117.97499999999978,34.67499999999995]]]}},{"type":"Feature","properties":{"nearestScore":96,"avg5Score":92.2,"nearestDist":10.951,"reachMin":131.4,"walkMin":131.4,"bikeMin":43.8,"driveMin":16.4},"geometry":{"type":"Polygon","coordinates":[[[-117.94999999999978,34.67499999999995],[-117.92499999999977,34.67499999999995],[-117.92499999999977,34.699999999999946],[-117.94999999999978,34.699999999999946],[-117.94999999999978,34.67499999999995]]]}},{"type":"Feature","properties":{"nearestScore":90,"avg5Score":94.8,"nearestDist":11.174,"reachMin":134.1,"walkMin":134.1,"bikeMin":44.7,"driveMin":16.8},"geometry":{"type":"Polygon","coordinates":[[[-117.92499999999977,34.67499999999995],[-117.89999999999976,34.67499999999995],[-117.89999999999976,34.699999999999946],[-117.92499999999977,34.699999999999946],[-117.92499999999977,34.67499999999995]]]}},{"type":"Feature","properties":{"nearestScore":90,"avg5Score":94.8,"nearestDist":9.69,"reachMin":116.3,"walkMin":116.3,"bikeMin":38.8,"driveMin":14.5},"geometry":{"type":"Polygon","coordinates":[[[-117.89999999999976,34.67499999999995],[-117.87499999999976,34.67499999999995],[-117.87499999999976,34.699999999999946],[-117.89999999999976,34.699999999999946],[-117.89999999999976,34.67499999999995]]]}},{"type":"Feature","properties":{"nearestScore":90,"avg5Score":94.8,"nearestDist":8.566,"reachMin":102.8,"walkMin":102.8,"bikeMin":34.3,"driveMin":12.8},"geometry":{"type":"Polygon","coordinates":[[[-117.87499999999976,34.67499999999995],[-117.84999999999975,34.67499999999995],[-117.84999999999975,34.699999999999946],[-117.87499999999976,34.699999999999946],[-117.87499999999976,34.67499999999995]]]}},{"type":"Feature","properties":{"nearestScore":90,"avg5Score":94.8,"nearestDist":7.958,"reachMin":95.5,"walkMin":95.5,"bikeMin":31.8,"driveMin":11.9},"geometry":{"type":"Polygon","coordinates":[[[-117.84999999999975,34.67499999999995],[-117.82499999999975,34.67499999999995],[-117.82499999999975,34.699999999999946],[-117.84999999999975,34.699999999999946],[-117.84999999999975,34.67499999999995]]]}},{"type":"Feature","properties":{"nearestScore":93,"avg5Score":94.8,"nearestDist":7.973,"reachMin":95.7,"walkMin":95.7,"bikeMin":31.9,"driveMin":12.0},"geometry":{"type":"Polygon","coordinates":[[[-117.82499999999975,34.67499999999995],[-117.79999999999974,34.67499999999995],[-117.79999999999974,34.699999999999946],[-117.82499999999975,34.699999999999946],[-117.82499999999975,34.67499999999995]]]}},{"type":"Feature","properties":{"nearestScore":93,"avg5Score":94.0,"nearestDist":8.586,"reachMin":103.0,"walkMin":103.0,"bikeMin":34.3,"driveMin":12.9},"geometry":{"type":"Polygon","coordinates":[[[-117.79999999999974,34.67499999999995],[-117.77499999999974,34.67499999999995],[-117.77499999999974,34.699999999999946],[-117.79999999999974,34.699999999999946],[-117.79999999999974,34.67499999999995]]]}},{"type":"Feature","properties":{"nearestScore":94,"avg5Score":94.0,"nearestDist":8.681,"reachMin":104.2,"walkMin":104.2,"bikeMin":34.7,"driveMin":13.0},"geometry":{"type":"Polygon","coordinates":[[[-117.77499999999974,34.67499999999995],[-117.74999999999973,34.67499999999995],[-117.74999999999973,34.699999999999946],[-117.77499999999974,34.699999999999946],[-117.77499999999974,34.67499999999995]]]}},{"type":"Feature","properties":{"nearestScore":94,"avg5Score":94.0,"nearestDist":9.348,"reachMin":112.2,"walkMin":112.2,"bikeMin":37.4,"driveMin":14.0},"geometry":{"type":"Polygon","coordinates":[[[-117.74999999999973,34.67499999999995],[-117.72499999999972,34.67499999999995],[-117.72499999999972,34.699999999999946],[-117.74999999999973,34.699999999999946],[-117.74999999999973,34.67499999999995]]]}},{"type":"Feature","properties":{"nearestScore":94,"avg5Score":94.0,"nearestDist":10.481,"reachMin":125.8,"walkMin":125.8,"bikeMin":41.9,"driveMin":15.7},"geometry":{"type":"Polygon","coordinates":[[[-117.72499999999972,34.67499999999995],[-117.69999999999972,34.67499999999995],[-117.69999999999972,34.699999999999946],[-117.72499999999972,34.699999999999946],[-117.72499999999972,34.67499999999995]]]}},{"type":"Feature","properties":{"nearestScore":94,"avg5Score":94.0,"nearestDist":11.948,"reachMin":143.4,"walkMin":143.4,"bikeMin":47.8,"driveMin":17.9},"geometry":{"type":"Polygon","coordinates":[[[-117.69999999999972,34.67499999999995],[-117.67499999999971,34.67499999999995],[-117.67499999999971,34.699999999999946],[-117.69999999999972,34.699999999999946],[-117.69999999999972,34.67499999999995]]]}},{"type":"Feature","properties":{"nearestScore":94,"avg5Score":94.2,"nearestDist":13.642,"reachMin":163.7,"walkMin":163.7,"bikeMin":54.6,"driveMin":20.5},"geometry":{"type":"Polygon","coordinates":[[[-117.67499999999971,34.67499999999995],[-117.64999999999971,34.67499999999995],[-117.64999999999971,34.699999999999946],[-117.67499999999971,34.699999999999946],[-117.67499999999971,34.67499999999995]]]}},{"type":"Feature","properties":{"nearestScore":92,"avg5Score":95.2,"nearestDist":12.505,"reachMin":150.1,"walkMin":150.1,"bikeMin":50.0,"driveMin":18.8},"geometry":{"type":"Polygon","coordinates":[[[-118.95,34.699999999999946],[-118.925,34.699999999999946],[-118.925,34.724999999999945],[-118.95,34.724999999999945],[-118.95,34.699999999999946]]]}},{"type":"Feature","properties":{"nearestScore":92,"avg5Score":95.2,"nearestDist":11.886,"reachMin":142.6,"walkMin":142.6,"bikeMin":47.5,"driveMin":17.8},"geometry":{"type":"Polygon","coordinates":[[[-118.925,34.699999999999946],[-118.89999999999999,34.699999999999946],[-118.89999999999999,34.724999999999945],[-118.925,34.724999999999945],[-118.925,34.699999999999946]]]}},{"type":"Feature","properties":{"nearestScore":92,"avg5Score":95.2,"nearestDist":11.688,"reachMin":140.3,"walkMin":140.3,"bikeMin":46.8,"driveMin":17.5},"geometry":{"type":"Polygon","coordinates":[[[-118.89999999999999,34.699999999999946],[-118.87499999999999,34.699999999999946],[-118.87499999999999,34.724999999999945],[-118.89999999999999,34.724999999999945],[-118.89999999999999,34.699999999999946]]]}},{"type":"Feature","properties":{"nearestScore":92,"avg5Score":95.2,"nearestDist":11.932,"reachMin":143.2,"walkMin":143.2,"bikeMin":47.7,"driveMin":17.9},"geometry":{"type":"Polygon","coordinates":[[[-118.87499999999999,34.699999999999946],[-118.84999999999998,34.699999999999946],[-118.84999999999998,34.724999999999945],[-118.87499999999999,34.724999999999945],[-118.87499999999999,34.699999999999946]]]}},{"type":"Feature","properties":{"nearestScore":92,"avg5Score":95.2,"nearestDist":12.592,"reachMin":151.1,"walkMin":151.1,"bikeMin":50.4,"driveMin":18.9},"geometry":{"type":"Polygon","coordinates":[[[-118.84999999999998,34.699999999999946],[-118.82499999999997,34.699999999999946],[-118.82499999999997,34.724999999999945],[-118.84999999999998,34.724999999999945],[-118.84999999999998,34.699999999999946]]]}},{"type":"Feature","properties":{"nearestScore":92,"avg5Score":95.2,"nearestDist":13.608,"reachMin":163.3,"walkMin":163.3,"bikeMin":54.4,"driveMin":20.4},"geometry":{"type":"Polygon","coordinates":[[[-118.82499999999997,34.699999999999946],[-118.79999999999997,34.699999999999946],[-118.79999999999997,34.724999999999945],[-118.82499999999997,34.724999999999945],[-118.82499999999997,34.699999999999946]]]}},{"type":"Feature","properties":{"nearestScore":99,"avg5Score":96.2,"nearestDist":14.184,"reachMin":170.2,"walkMin":170.2,"bikeMin":56.7,"driveMin":21.3},"geometry":{"type":"Polygon","coordinates":[[[-118.79999999999997,34.699999999999946],[-118.77499999999996,34.699999999999946],[-118.77499999999996,34.724999999999945],[-118.79999999999997,34.724999999999945],[-118.79999999999997,34.699999999999946]]]}},{"type":"Feature","properties":{"nearestScore":99,"avg5Score":96.2,"nearestDist":13.329,"reachMin":159.9,"walkMin":159.9,"bikeMin":53.3,"driveMin":20.0},"geometry":{"type":"Polygon","coordinates":[[[-118.77499999999996,34.699999999999946],[-118.74999999999996,34.699999999999946],[-118.74999999999996,34.724999999999945],[-118.77499999999996,34.724999999999945],[-118.77499999999996,34.699999999999946]]]}},{"type":"Feature","properties":{"nearestScore":99,"avg5Score":95.4,"nearestDist":12.829,"reachMin":153.9,"walkMin":153.9,"bikeMin":51.3,"driveMin":19.2},"geometry":{"type":"Polygon","coordinates":[[[-118.74999999999996,34.699999999999946],[-118.72499999999995,34.699999999999946],[-118.72499999999995,34.724999999999945],[-118.74999999999996,34.724999999999945],[-118.74999999999996,34.699999999999946]]]}},{"type":"Feature","properties":{"nearestScore":99,"avg5Score":95.4,"nearestDist":12.727,"reachMin":152.7,"walkMin":152.7,"bikeMin":50.9,"driveMin":19.1},"geometry":{"type":"Polygon","coordinates":[[[-118.72499999999995,34.699999999999946],[-118.69999999999995,34.699999999999946],[-118.69999999999995,34.724999999999945],[-118.72499999999995,34.724999999999945],[-118.72499999999995,34.699999999999946]]]}},{"type":"Feature","properties":{"nearestScore":99,"avg5Score":95.0,"nearestDist":13.031,"reachMin":156.4,"walkMin":156.4,"bikeMin":52.1,"driveMin":19.5},"geometry":{"type":"Polygon","coordinates":[[[-118.69999999999995,34.699999999999946],[-118.67499999999994,34.699999999999946],[-118.67499999999994,34.724999999999945],[-118.69999999999995,34.724999999999945],[-118.69999999999995,34.699999999999946]]]}},{"type":"Feature","properties":{"nearestScore":99,"avg5Score":95.0,"nearestDist":13.715,"reachMin":164.6,"walkMin":164.6,"bikeMin":54.9,"driveMin":20.6},"geometry":{"type":"Polygon","coordinates":[[[-118.67499999999994,34.699999999999946],[-118.64999999999993,34.699999999999946],[-118.64999999999993,34.724999999999945],[-118.67499999999994,34.724999999999945],[-118.67499999999994,34.699999999999946]]]}},{"type":"Feature","properties":{"nearestScore":99,"avg5Score":96.2,"nearestDist":14.726,"reachMin":176.7,"walkMin":176.7,"bikeMin":58.9,"driveMin":22.1},"geometry":{"type":"Polygon","coordinates":[[[-118.64999999999993,34.699999999999946],[-118.62499999999993,34.699999999999946],[-118.62499999999993,34.724999999999945],[-118.64999999999993,34.724999999999945],[-118.64999999999993,34.699999999999946]]]}},{"type":"Feature","properties":{"nearestScore":93,"avg5Score":95.8,"nearestDist":14.214,"reachMin":170.6,"walkMin":170.6,"bikeMin":56.9,"driveMin":21.3},"geometry":{"type":"Polygon","coordinates":[[[-118.62499999999993,34.699999999999946],[-118.59999999999992,34.699999999999946],[-118.59999999999992,34.724999999999945],[-118.62499999999993,34.724999999999945],[-118.62499999999993,34.699999999999946]]]}},{"type":"Feature","properties":{"nearestScore":93,"avg5Score":95.8,"nearestDist":12.005,"reachMin":144.1,"walkMin":144.1,"bikeMin":48.0,"driveMin":18.0},"geometry":{"type":"Polygon","coordinates":[[[-118.59999999999992,34.699999999999946],[-118.57499999999992,34.699999999999946],[-118.57499999999992,34.724999999999945],[-118.59999999999992,34.724999999999945],[-118.59999999999992,34.699999999999946]]]}},{"type":"Feature","properties":{"nearestScore":93,"avg5Score":95.6,"nearestDist":9.831,"reachMin":118.0,"walkMin":118.0,"bikeMin":39.3,"driveMin":14.7},"geometry":{"type":"Polygon","coordinates":[[[-118.57499999999992,34.699999999999946],[-118.54999999999991,34.699999999999946],[-118.54999999999991,34.724999999999945],[-118.57499999999992,34.724999999999945],[-118.57499999999992,34.699999999999946]]]}},{"type":"Feature","properties":{"nearestScore":93,"avg5Score":95.6,"nearestDist":7.722,"reachMin":92.7,"walkMin":92.7,"bikeMin":30.9,"driveMin":11.6},"geometry":{"type":"Polygon","coordinates":[[[-118.54999999999991,34.699999999999946],[-118.5249999999999,34.699999999999946],[-118.5249999999999,34.724999999999945],[-118.54999999999991,34.724999999999945],[-118.54999999999991,34.699999999999946]]]}},{"type":"Feature","properties":{"nearestScore":93,"avg5Score":95.6,"nearestDist":5.75,"reachMin":69.0,"walkMin":69.0,"bikeMin":23.0,"driveMin":8.6},"geometry":{"type":"Polygon","coordinates":[[[-118.5249999999999,34.699999999999946],[-118.4999999999999,34.699999999999946],[-118.4999999999999,34.724999999999945],[-118.5249999999999,34.724999999999945],[-118.5249999999999,34.699999999999946]]]}},{"type":"Feature","properties":{"nearestScore":93,"avg5Score":95.6,"nearestDist":4.116,"reachMin":49.4,"walkMin":49.4,"bikeMin":16.5,"driveMin":6.2},"geometry":{"type":"Polygon","coordinates":[[[-118.4999999999999,34.699999999999946],[-118.4749999999999,34.699999999999946],[-118.4749999999999,34.724999999999945],[-118.4999999999999,34.724999999999945],[-118.4999999999999,34.699999999999946]]]}},{"type":"Feature","properties":{"nearestScore":93,"avg5Score":95.6,"nearestDist":3.356,"reachMin":40.3,"walkMin":40.3,"bikeMin":13.4,"driveMin":5.0},"geometry":{"type":"Polygon","coordinates":[[[-118.4749999999999,34.699999999999946],[-118.44999999999989,34.699999999999946],[-118.44999999999989,34.724999999999945],[-118.4749999999999,34.724999999999945],[-118.4749999999999,34.699999999999946]]]}},{"type":"Feature","properties":{"nearestScore":93,"avg5Score":95.6,"nearestDist":4.004,"reachMin":48.0,"walkMin":48.0,"bikeMin":16.0,"driveMin":6.0},"geometry":{"type":"Polygon","coordinates":[[[-118.44999999999989,34.699999999999946],[-118.42499999999988,34.699999999999946],[-118.42499999999988,34.724999999999945],[-118.44999999999989,34.724999999999945],[-118.44999999999989,34.699999999999946]]]}},{"type":"Feature","properties":{"nearestScore":96,"avg5Score":95.6,"nearestDist":4.663,"reachMin":56.0,"walkMin":56.0,"bikeMin":18.7,"driveMin":7.0},"geometry":{"type":"Polygon","coordinates":[[[-118.42499999999988,34.699999999999946],[-118.39999999999988,34.699999999999946],[-118.39999999999988,34.724999999999945],[-118.42499999999988,34.724999999999945],[-118.42499999999988,34.699999999999946]]]}},{"type":"Feature","properties":{"nearestScore":96,"avg5Score":94.0,"nearestDist":5.548,"reachMin":66.6,"walkMin":66.6,"bikeMin":22.2,"driveMin":8.3},"geometry":{"type":"Polygon","coordinates":[[[-118.39999999999988,34.699999999999946],[-118.37499999999987,34.699999999999946],[-118.37499999999987,34.724999999999945],[-118.39999999999988,34.724999999999945],[-118.39999999999988,34.699999999999946]]]}},{"type":"Feature","properties":{"nearestScore":96,"avg5Score":93.6,"nearestDist":5.88,"reachMin":70.6,"walkMin":70.6,"bikeMin":23.5,"driveMin":8.8},"geometry":{"type":"Polygon","coordinates":[[[-118.37499999999987,34.699999999999946],[-118.34999999999987,34.699999999999946],[-118.34999999999987,34.724999999999945],[-118.37499999999987,34.724999999999945],[-118.37499999999987,34.699999999999946]]]}},{"type":"Feature","properties":{"nearestScore":90,"avg5Score":92.0,"nearestDist":6.251,"reachMin":75.0,"walkMin":75.0,"bikeMin":25.0,"driveMin":9.4},"geometry":{"type":"Polygon","coordinates":[[[-118.34999999999987,34.699999999999946],[-118.32499999999986,34.699999999999946],[-118.32499999999986,34.724999999999945],[-118.34999999999987,34.724999999999945],[-118.34999999999987,34.699999999999946]]]}},{"type":"Feature","properties":{"nearestScore":90,"avg5Score":92.0,"nearestDist":4.94,"reachMin":59.3,"walkMin":59.3,"bikeMin":19.8,"driveMin":7.4},"geometry":{"type":"Polygon","coordinates":[[[-118.32499999999986,34.699999999999946],[-118.29999999999986,34.699999999999946],[-118.29999999999986,34.724999999999945],[-118.32499999999986,34.724999999999945],[-118.32499999999986,34.699999999999946]]]}},{"type":"Feature","properties":{"nearestScore":90,"avg5Score":89.6,"nearestDist":4.491,"reachMin":53.9,"walkMin":53.9,"bikeMin":18.0,"driveMin":6.7},"geometry":{"type":"Polygon","coordinates":[[[-118.29999999999986,34.699999999999946],[-118.27499999999985,34.699999999999946],[-118.27499999999985,34.724999999999945],[-118.29999999999986,34.724999999999945],[-118.29999999999986,34.699999999999946]]]}},{"type":"Feature","properties":{"nearestScore":93,"avg5Score":89.6,"nearestDist":2.889,"reachMin":34.7,"walkMin":34.7,"bikeMin":11.6,"driveMin":4.3},"geometry":{"type":"Polygon","coordinates":[[[-118.27499999999985,34.699999999999946],[-118.24999999999984,34.699999999999946],[-118.24999999999984,34.724999999999945],[-118.27499999999985,34.724999999999945],[-118.27499999999985,34.699999999999946]]]}},{"type":"Feature","properties":{"nearestScore":93,"avg5Score":91.0,"nearestDist":1.741,"reachMin":20.9,"walkMin":20.9,"bikeMin":7.0,"driveMin":2.6},"geometry":{"type":"Polygon","coordinates":[[[-118.24999999999984,34.699999999999946],[-118.22499999999984,34.699999999999946],[-118.22499999999984,34.724999999999945],[-118.24999999999984,34.724999999999945],[-118.24999999999984,34.699999999999946]]]}},{"type":"Feature","properties":{"nearestScore":84,"avg5Score":91.0,"nearestDist":2.327,"reachMin":27.9,"walkMin":27.9,"bikeMin":9.3,"driveMin":3.5},"geometry":{"type":"Polygon","coordinates":[[[-118.22499999999984,34.699999999999946],[-118.19999999999983,34.699999999999946],[-118.19999999999983,34.724999999999945],[-118.22499999999984,34.724999999999945],[-118.22499999999984,34.699999999999946]]]}},{"type":"Feature","properties":{"nearestScore":91,"avg5Score":93.6,"nearestDist":0.965,"reachMin":11.6,"walkMin":11.6,"bikeMin":3.9,"driveMin":1.4},"geometry":{"type":"Polygon","coordinates":[[[-118.19999999999983,34.699999999999946],[-118.17499999999983,34.699999999999946],[-118.17499999999983,34.724999999999945],[-118.19999999999983,34.724999999999945],[-118.19999999999983,34.699999999999946]]]}},{"type":"Feature","properties":{"nearestScore":95,"avg5Score":95.2,"nearestDist":0.942,"reachMin":11.3,"walkMin":11.3,"bikeMin":3.8,"driveMin":1.4},"geometry":{"type":"Polygon","coordinates":[[[-118.17499999999983,34.699999999999946],[-118.14999999999982,34.699999999999946],[-118.14999999999982,34.724999999999945],[-118.17499999999983,34.724999999999945],[-118.17499999999983,34.699999999999946]]]}},{"type":"Feature","properties":{"nearestScore":96,"avg5Score":95.2,"nearestDist":1.078,"reachMin":12.9,"walkMin":12.9,"bikeMin":4.3,"driveMin":1.6},"geometry":{"type":"Polygon","coordinates":[[[-118.14999999999982,34.699999999999946],[-118.12499999999982,34.699999999999946],[-118.12499999999982,34.724999999999945],[-118.14999999999982,34.724999999999945],[-118.14999999999982,34.699999999999946]]]}},{"type":"Feature","properties":{"nearestScore":95,"avg5Score":94.0,"nearestDist":0.926,"reachMin":11.1,"walkMin":11.1,"bikeMin":3.7,"driveMin":1.4},"geometry":{"type":"Polygon","coordinates":[[[-118.12499999999982,34.699999999999946],[-118.09999999999981,34.699999999999946],[-118.09999999999981,34.724999999999945],[-118.12499999999982,34.724999999999945],[-118.12499999999982,34.699999999999946]]]}},{"type":"Feature","properties":{"nearestScore":93,"avg5Score":93.4,"nearestDist":1.198,"reachMin":14.4,"walkMin":14.4,"bikeMin":4.8,"driveMin":1.8},"geometry":{"type":"Polygon","coordinates":[[[-118.09999999999981,34.699999999999946],[-118.0749999999998,34.699999999999946],[-118.0749999999998,34.724999999999945],[-118.09999999999981,34.724999999999945],[-118.09999999999981,34.699999999999946]]]}},{"type":"Feature","properties":{"nearestScore":93,"avg5Score":92.6,"nearestDist":1.758,"reachMin":21.1,"walkMin":21.1,"bikeMin":7.0,"driveMin":2.6},"geometry":{"type":"Polygon","coordinates":[[[-118.0749999999998,34.699999999999946],[-118.0499999999998,34.699999999999946],[-118.0499999999998,34.724999999999945],[-118.0749999999998,34.724999999999945],[-118.0749999999998,34.699999999999946]]]}},{"type":"Feature","properties":{"nearestScore":96,"avg5Score":92.6,"nearestDist":2.442,"reachMin":29.3,"walkMin":29.3,"bikeMin":9.8,"driveMin":3.7},"geometry":{"type":"Polygon","coordinates":[[[-118.0499999999998,34.699999999999946],[-118.02499999999979,34.699999999999946],[-118.02499999999979,34.724999999999945],[-118.0499999999998,34.724999999999945],[-118.0499999999998,34.699999999999946]]]}},{"type":"Feature","properties":{"nearestScore":96,"avg5Score":92.6,"nearestDist":4.382,"reachMin":52.6,"walkMin":52.6,"bikeMin":17.5,"driveMin":6.6},"geometry":{"type":"Polygon","coordinates":[[[-118.02499999999979,34.699999999999946],[-117.99999999999979,34.699999999999946],[-117.99999999999979,34.724999999999945],[-118.02499999999979,34.724999999999945],[-118.02499999999979,34.699999999999946]]]}},{"type":"Feature","properties":{"nearestScore":96,"avg5Score":92.6,"nearestDist":6.549,"reachMin":78.6,"walkMin":78.6,"bikeMin":26.2,"driveMin":9.8},"geometry":{"type":"Polygon","coordinates":[[[-117.99999999999979,34.699999999999946],[-117.97499999999978,34.699999999999946],[-117.97499999999978,34.724999999999945],[-117.99999999999979,34.724999999999945],[-117.99999999999979,34.699999999999946]]]}},{"type":"Feature","properties":{"nearestScore":96,"avg5Score":92.6,"nearestDist":8.776,"reachMin":105.3,"walkMin":105.3,"bikeMin":35.1,"driveMin":13.2},"geometry":{"type":"Polygon","coordinates":[[[-117.97499999999978,34.699999999999946],[-117.94999999999978,34.699999999999946],[-117.94999999999978,34.724999999999945],[-117.97499999999978,34.724999999999945],[-117.97499999999978,34.699999999999946]]]}},{"type":"Feature","properties":{"nearestScore":96,"avg5Score":92.6,"nearestDist":11.027,"reachMin":132.3,"walkMin":132.3,"bikeMin":44.1,"driveMin":16.5},"geometry":{"type":"Polygon","coordinates":[[[-117.94999999999978,34.699999999999946],[-117.92499999999977,34.699999999999946],[-117.92499999999977,34.724999999999945],[-117.94999999999978,34.724999999999945],[-117.94999999999978,34.699999999999946]]]}},{"type":"Feature","properties":{"nearestScore":90,"avg5Score":91.8,"nearestDist":13.282,"reachMin":159.4,"walkMin":159.4,"bikeMin":53.1,"driveMin":19.9},"geometry":{"type":"Polygon","coordinates":[[[-117.92499999999977,34.699999999999946],[-117.89999999999976,34.699999999999946],[-117.89999999999976,34.724999999999945],[-117.92499999999977,34.724999999999945],[-117.92499999999977,34.699999999999946]]]}},{"type":"Feature","properties":{"nearestScore":94,"avg5Score":94.0,"nearestDist":11.488,"reachMin":137.9,"walkMin":137.9,"bikeMin":46.0,"driveMin":17.2},"geometry":{"type":"Polygon","coordinates":[[[-117.89999999999976,34.699999999999946],[-117.87499999999976,34.699999999999946],[-117.87499999999976,34.724999999999945],[-117.89999999999976,34.724999999999945],[-117.89999999999976,34.699999999999946]]]}},{"type":"Feature","properties":{"nearestScore":94,"avg5Score":94.0,"nearestDist":9.582,"reachMin":115.0,"walkMin":115.0,"bikeMin":38.3,"driveMin":14.4},"geometry":{"type":"Polygon","coordinates":[[[-117.87499999999976,34.699999999999946],[-117.84999999999975,34.699999999999946],[-117.84999999999975,34.724999999999945],[-117.87499999999976,34.724999999999945],[-117.87499999999976,34.699999999999946]]]}},{"type":"Feature","properties":{"nearestScore":94,"avg5Score":94.0,"nearestDist":7.88,"reachMin":94.6,"walkMin":94.6,"bikeMin":31.5,"driveMin":11.8},"geometry":{"type":"Polygon","coordinates":[[[-117.84999999999975,34.699999999999946],[-117.82499999999975,34.699999999999946],[-117.82499999999975,34.724999999999945],[-117.84999999999975,34.724999999999945],[-117.84999999999975,34.699999999999946]]]}},{"type":"Feature","properties":{"nearestScore":94,"avg5Score":94.0,"nearestDist":6.543,"reachMin":78.5,"walkMin":78.5,"bikeMin":26.2,"driveMin":9.8},"geometry":{"type":"Polygon","coordinates":[[[-117.82499999999975,34.699999999999946],[-117.79999999999974,34.699999999999946],[-117.79999999999974,34.724999999999945],[-117.82499999999975,34.724999999999945],[-117.82499999999975,34.699999999999946]]]}},{"type":"Feature","properties":{"nearestScore":94,"avg5Score":94.0,"nearestDist":5.827,"reachMin":69.9,"walkMin":69.9,"bikeMin":23.3,"driveMin":8.7},"geometry":{"type":"Polygon","coordinates":[[[-117.79999999999974,34.699999999999946],[-117.77499999999974,34.699999999999946],[-117.77499999999974,34.724999999999945],[-117.79999999999974,34.724999999999945],[-117.79999999999974,34.699999999999946]]]}},{"type":"Feature","properties":{"nearestScore":94,"avg5Score":94.0,"nearestDist":5.962,"reachMin":71.5,"walkMin":71.5,"bikeMin":23.8,"driveMin":8.9},"geometry":{"type":"Polygon","coordinates":[[[-117.77499999999974,34.699999999999946],[-117.74999999999973,34.699999999999946],[-117.74999999999973,34.724999999999945],[-117.77499999999974,34.724999999999945],[-117.77499999999974,34.699999999999946]]]}},{"type":"Feature","properties":{"nearestScore":94,"avg5Score":94.0,"nearestDist":6.897,"reachMin":82.8,"walkMin":82.8,"bikeMin":27.6,"driveMin":10.3},"geometry":{"type":"Polygon","coordinates":[[[-117.74999999999973,34.699999999999946],[-117.72499999999972,34.699999999999946],[-117.72499999999972,34.724999999999945],[-117.74999999999973,34.724999999999945],[-117.74999999999973,34.699999999999946]]]}},{"type":"Feature","properties":{"nearestScore":94,"avg5Score":94.0,"nearestDist":8.368,"reachMin":100.4,"walkMin":100.4,"bikeMin":33.5,"driveMin":12.6},"geometry":{"type":"Polygon","coordinates":[[[-117.72499999999972,34.699999999999946],[-117.69999999999972,34.699999999999946],[-117.69999999999972,34.724999999999945],[-117.72499999999972,34.724999999999945],[-117.72499999999972,34.699999999999946]]]}},{"type":"Feature","properties":{"nearestScore":94,"avg5Score":94.0,"nearestDist":10.145,"reachMin":121.7,"walkMin":121.7,"bikeMin":40.6,"driveMin":15.2},"geometry":{"type":"Polygon","coordinates":[[[-117.69999999999972,34.699999999999946],[-117.67499999999971,34.699999999999946],[-117.67499999999971,34.724999999999945],[-117.69999999999972,34.724999999999945],[-117.69999999999972,34.699999999999946]]]}},{"type":"Feature","properties":{"nearestScore":94,"avg5Score":94.0,"nearestDist":12.094,"reachMin":145.1,"walkMin":145.1,"bikeMin":48.4,"driveMin":18.1},"geometry":{"type":"Polygon","coordinates":[[[-117.67499999999971,34.699999999999946],[-117.64999999999971,34.699999999999946],[-117.64999999999971,34.724999999999945],[-117.67499999999971,34.724999999999945],[-117.67499999999971,34.699999999999946]]]}},{"type":"Feature","properties":{"nearestScore":92,"avg5Score":95.2,"nearestDist":9.956,"reachMin":119.5,"walkMin":119.5,"bikeMin":39.8,"driveMin":14.9},"geometry":{"type":"Polygon","coordinates":[[[-118.95,34.724999999999945],[-118.925,34.724999999999945],[-118.925,34.74999999999994],[-118.95,34.74999999999994],[-118.95,34.724999999999945]]]}},{"type":"Feature","properties":{"nearestScore":92,"avg5Score":95.2,"nearestDist":9.166,"reachMin":110.0,"walkMin":110.0,"bikeMin":36.7,"driveMin":13.7},"geometry":{"type":"Polygon","coordinates":[[[-118.925,34.724999999999945],[-118.89999999999999,34.724999999999945],[-118.89999999999999,34.74999999999994],[-118.925,34.74999999999994],[-118.925,34.724999999999945]]]}},{"type":"Feature","properties":{"nearestScore":92,"avg5Score":95.2,"nearestDist":8.908,"reachMin":106.9,"walkMin":106.9,"bikeMin":35.6,"driveMin":13.4},"geometry":{"type":"Polygon","coordinates":[[[-118.89999999999999,34.724999999999945],[-118.87499999999999,34.724999999999945],[-118.87499999999999,34.74999999999994],[-118.89999999999999,34.74999999999994],[-118.89999999999999,34.724999999999945]]]}},{"type":"Feature","properties":{"nearestScore":92,"avg5Score":95.2,"nearestDist":9.226,"reachMin":110.7,"walkMin":110.7,"bikeMin":36.9,"driveMin":13.8},"geometry":{"type":"Polygon","coordinates":[[[-118.87499999999999,34.724999999999945],[-118.84999999999998,34.724999999999945],[-118.84999999999998,34.74999999999994],[-118.87499999999999,34.74999999999994],[-118.87499999999999,34.724999999999945]]]}},{"type":"Feature","properties":{"nearestScore":92,"avg5Score":95.2,"nearestDist":10.065,"reachMin":120.8,"walkMin":120.8,"bikeMin":40.3,"driveMin":15.1},"geometry":{"type":"Polygon","coordinates":[[[-118.84999999999998,34.724999999999945],[-118.82499999999997,34.724999999999945],[-118.82499999999997,34.74999999999994],[-118.84999999999998,34.74999999999994],[-118.84999999999998,34.724999999999945]]]}},{"type":"Feature","properties":{"nearestScore":92,"avg5Score":96.2,"nearestDist":11.31,"reachMin":135.7,"walkMin":135.7,"bikeMin":45.2,"driveMin":17.0},"geometry":{"type":"Polygon","coordinates":[[[-118.82499999999997,34.724999999999945],[-118.79999999999997,34.724999999999945],[-118.79999999999997,34.74999999999994],[-118.82499999999997,34.74999999999994],[-118.82499999999997,34.724999999999945]]]}},{"type":"Feature","properties":{"nearestScore":92,"avg5Score":95.4,"nearestDist":12.843,"reachMin":154.1,"walkMin":154.1,"bikeMin":51.4,"driveMin":19.3},"geometry":{"type":"Polygon","coordinates":[[[-118.79999999999997,34.724999999999945],[-118.77499999999996,34.724999999999945],[-118.77499999999996,34.74999999999994],[-118.79999999999997,34.74999999999994],[-118.79999999999997,34.724999999999945]]]}},{"type":"Feature","properties":{"nearestScore":92,"avg5Score":95.4,"nearestDist":14.575,"reachMin":174.9,"walkMin":174.9,"bikeMin":58.3,"driveMin":21.9},"geometry":{"type":"Polygon","coordinates":[[[-118.77499999999996,34.724999999999945],[-118.74999999999996,34.724999999999945],[-118.74999999999996,34.74999999999994],[-118.77499999999996,34.74999999999994],[-118.77499999999996,34.724999999999945]]]}},{"type":"Feature","properties":{"nearestScore":99,"avg5Score":95.4,"nearestDist":15.588,"reachMin":187.1,"walkMin":187.1,"bikeMin":62.4,"driveMin":23.4},"geometry":{"type":"Polygon","coordinates":[[[-118.74999999999996,34.724999999999945],[-118.72499999999995,34.724999999999945],[-118.72499999999995,34.74999999999994],[-118.74999999999996,34.74999999999994],[-118.74999999999996,34.724999999999945]]]}},{"type":"Feature","properties":{"nearestScore":99,"avg5Score":95.0,"nearestDist":15.504,"reachMin":186.0,"walkMin":186.0,"bikeMin":62.0,"driveMin":23.3},"geometry":{"type":"Polygon","coordinates":[[[-118.72499999999995,34.724999999999945],[-118.69999999999995,34.724999999999945],[-118.69999999999995,34.74999999999994],[-118.72499999999995,34.74999999999994],[-118.72499999999995,34.724999999999945]]]}},{"type":"Feature","properties":{"nearestScore":99,"avg5Score":95.0,"nearestDist":15.755,"reachMin":189.1,"walkMin":189.1,"bikeMin":63.0,"driveMin":23.6},"geometry":{"type":"Polygon","coordinates":[[[-118.69999999999995,34.724999999999945],[-118.67499999999994,34.724999999999945],[-118.67499999999994,34.74999999999994],[-118.69999999999995,34.74999999999994],[-118.69999999999995,34.724999999999945]]]}},{"type":"Feature","properties":{"nearestScore":99,"avg5Score":95.0,"nearestDist":16.325,"reachMin":195.9,"walkMin":195.9,"bikeMin":65.3,"driveMin":24.5},"geometry":{"type":"Polygon","coordinates":[[[-118.67499999999994,34.724999999999945],[-118.64999999999993,34.724999999999945],[-118.64999999999993,34.74999999999994],[-118.67499999999994,34.74999999999994],[-118.67499999999994,34.724999999999945]]]}},{"type":"Feature","properties":{"nearestScore":99,"avg5Score":95.8,"nearestDist":17.183,"reachMin":206.2,"walkMin":206.2,"bikeMin":68.7,"driveMin":25.8},"geometry":{"type":"Polygon","coordinates":[[[-118.64999999999993,34.724999999999945],[-118.62499999999993,34.724999999999945],[-118.62499999999993,34.74999999999994],[-118.64999999999993,34.74999999999994],[-118.64999999999993,34.724999999999945]]]}},{"type":"Feature","properties":{"nearestScore":93,"avg5Score":95.8,"nearestDist":15.111,"reachMin":181.3,"walkMin":181.3,"bikeMin":60.4,"driveMin":22.7},"geometry":{"type":"Polygon","coordinates":[[[-118.62499999999993,34.724999999999945],[-118.59999999999992,34.724999999999945],[-118.59999999999992,34.74999999999994],[-118.62499999999993,34.74999999999994],[-118.62499999999993,34.724999999999945]]]}},{"type":"Feature","properties":{"nearestScore":93,"avg5Score":95.8,"nearestDist":13.056,"reachMin":156.7,"walkMin":156.7,"bikeMin":52.2,"driveMin":19.6},"geometry":{"type":"Polygon","coordinates":[[[-118.59999999999992,34.724999999999945],[-118.57499999999992,34.724999999999945],[-118.57499999999992,34.74999999999994],[-118.59999999999992,34.74999999999994],[-118.59999999999992,34.724999999999945]]]}},{"type":"Feature","properties":{"nearestScore":93,"avg5Score":95.6,"nearestDist":11.091,"reachMin":133.1,"walkMin":133.1,"bikeMin":44.4,"driveMin":16.6},"geometry":{"type":"Polygon","coordinates":[[[-118.57499999999992,34.724999999999945],[-118.54999999999991,34.724999999999945],[-118.54999999999991,34.74999999999994],[-118.57499999999992,34.74999999999994],[-118.57499999999992,34.724999999999945]]]}},{"type":"Feature","properties":{"nearestScore":93,"avg5Score":95.6,"nearestDist":9.273,"reachMin":111.3,"walkMin":111.3,"bikeMin":37.1,"driveMin":13.9},"geometry":{"type":"Polygon","coordinates":[[[-118.54999999999991,34.724999999999945],[-118.5249999999999,34.724999999999945],[-118.5249999999999,34.74999999999994],[-118.54999999999991,34.74999999999994],[-118.54999999999991,34.724999999999945]]]}},{"type":"Feature","properties":{"nearestScore":93,"avg5Score":95.6,"nearestDist":7.709,"reachMin":92.5,"walkMin":92.5,"bikeMin":30.8,"driveMin":11.6},"geometry":{"type":"Polygon","coordinates":[[[-118.5249999999999,34.724999999999945],[-118.4999999999999,34.724999999999945],[-118.4999999999999,34.74999999999994],[-118.5249999999999,34.74999999999994],[-118.5249999999999,34.724999999999945]]]}},{"type":"Feature","properties":{"nearestScore":93,"avg5Score":95.6,"nearestDist":6.581,"reachMin":79.0,"walkMin":79.0,"bikeMin":26.3,"driveMin":9.9},"geometry":{"type":"Polygon","coordinates":[[[-118.4999999999999,34.724999999999945],[-118.4749999999999,34.724999999999945],[-118.4749999999999,34.74999999999994],[-118.4999999999999,34.74999999999994],[-118.4999999999999,34.724999999999945]]]}},{"type":"Feature","properties":{"nearestScore":93,"avg5Score":95.6,"nearestDist":6.135,"reachMin":73.6,"walkMin":73.6,"bikeMin":24.5,"driveMin":9.2},"geometry":{"type":"Polygon","coordinates":[[[-118.4749999999999,34.724999999999945],[-118.44999999999989,34.724999999999945],[-118.44999999999989,34.74999999999994],[-118.4749999999999,34.74999999999994],[-118.4749999999999,34.724999999999945]]]}},{"type":"Feature","properties":{"nearestScore":93,"avg5Score":94.0,"nearestDist":6.512,"reachMin":78.1,"walkMin":78.1,"bikeMin":26.0,"driveMin":9.8},"geometry":{"type":"Polygon","coordinates":[[[-118.44999999999989,34.724999999999945],[-118.42499999999988,34.724999999999945],[-118.42499999999988,34.74999999999994],[-118.44999999999989,34.74999999999994],[-118.44999999999989,34.724999999999945]]]}},{"type":"Feature","properties":{"nearestScore":96,"avg5Score":94.0,"nearestDist":7.314,"reachMin":87.8,"walkMin":87.8,"bikeMin":29.3,"driveMin":11.0},"geometry":{"type":"Polygon","coordinates":[[[-118.42499999999988,34.724999999999945],[-118.39999999999988,34.724999999999945],[-118.39999999999988,34.74999999999994],[-118.42499999999988,34.74999999999994],[-118.42499999999988,34.724999999999945]]]}},{"type":"Feature","properties":{"nearestScore":96,"avg5Score":94.0,"nearestDist":8.168,"reachMin":98.0,"walkMin":98.0,"bikeMin":32.7,"driveMin":12.3},"geometry":{"type":"Polygon","coordinates":[[[-118.39999999999988,34.724999999999945],[-118.37499999999987,34.724999999999945],[-118.37499999999987,34.74999999999994],[-118.39999999999988,34.74999999999994],[-118.39999999999988,34.724999999999945]]]}},{"type":"Feature","properties":{"nearestScore":90,"avg5Score":93.6,"nearestDist":6.853,"reachMin":82.2,"walkMin":82.2,"bikeMin":27.4,"driveMin":10.3},"geometry":{"type":"Polygon","coordinates":[[[-118.37499999999987,34.724999999999945],[-118.34999999999987,34.724999999999945],[-118.34999999999987,34.74999999999994],[-118.37499999999987,34.74999999999994],[-118.37499999999987,34.724999999999945]]]}},{"type":"Feature","properties":{"nearestScore":90,"avg5Score":92.0,"nearestDist":4.675,"reachMin":56.1,"walkMin":56.1,"bikeMin":18.7,"driveMin":7.0},"geometry":{"type":"Polygon","coordinates":[[[-118.34999999999987,34.724999999999945],[-118.32499999999986,34.724999999999945],[-118.32499999999986,34.74999999999994],[-118.34999999999987,34.74999999999994],[-118.34999999999987,34.724999999999945]]]}},{"type":"Feature","properties":{"nearestScore":90,"avg5Score":89.6,"nearestDist":2.681,"reachMin":32.2,"walkMin":32.2,"bikeMin":10.7,"driveMin":4.0},"geometry":{"type":"Polygon","coordinates":[[[-118.32499999999986,34.724999999999945],[-118.29999999999986,34.724999999999945],[-118.29999999999986,34.74999999999994],[-118.32499999999986,34.74999999999994],[-118.32499999999986,34.724999999999945]]]}},{"type":"Feature","properties":{"nearestScore":90,"avg5Score":89.6,"nearestDist":1.719,"reachMin":20.6,"walkMin":20.6,"bikeMin":6.9,"driveMin":2.6},"geometry":{"type":"Polygon","coordinates":[[[-118.29999999999986,34.724999999999945],[-118.27499999999985,34.724999999999945],[-118.27499999999985,34.74999999999994],[-118.29999999999986,34.74999999999994],[-118.29999999999986,34.724999999999945]]]}},{"type":"Feature","properties":{"nearestScore":93,"avg5Score":89.6,"nearestDist":2.529,"reachMin":30.3,"walkMin":30.3,"bikeMin":10.1,"driveMin":3.8},"geometry":{"type":"Polygon","coordinates":[[[-118.27499999999985,34.724999999999945],[-118.24999999999984,34.724999999999945],[-118.24999999999984,34.74999999999994],[-118.27499999999985,34.74999999999994],[-118.27499999999985,34.724999999999945]]]}},{"type":"Feature","properties":{"nearestScore":93,"avg5Score":89.6,"nearestDist":1.039,"reachMin":12.5,"walkMin":12.5,"bikeMin":4.2,"driveMin":1.6},"geometry":{"type":"Polygon","coordinates":[[[-118.24999999999984,34.724999999999945],[-118.22499999999984,34.724999999999945],[-118.22499999999984,34.74999999999994],[-118.24999999999984,34.74999999999994],[-118.24999999999984,34.724999999999945]]]}},{"type":"Feature","properties":{"nearestScore":84,"avg5Score":91.6,"nearestDist":0.627,"reachMin":7.5,"walkMin":7.5,"bikeMin":2.5,"driveMin":0.9},"geometry":{"type":"Polygon","coordinates":[[[-118.22499999999984,34.724999999999945],[-118.19999999999983,34.724999999999945],[-118.19999999999983,34.74999999999994],[-118.22499999999984,34.74999999999994],[-118.22499999999984,34.724999999999945]]]}},{"type":"Feature","properties":{"nearestScore":91,"avg5Score":92.6,"nearestDist":2.183,"reachMin":26.2,"walkMin":26.2,"bikeMin":8.7,"driveMin":3.3},"geometry":{"type":"Polygon","coordinates":[[[-118.19999999999983,34.724999999999945],[-118.17499999999983,34.724999999999945],[-118.17499999999983,34.74999999999994],[-118.19999999999983,34.74999999999994],[-118.19999999999983,34.724999999999945]]]}},{"type":"Feature","properties":{"nearestScore":91,"avg5Score":93.8,"nearestDist":2.377,"reachMin":28.5,"walkMin":28.5,"bikeMin":9.5,"driveMin":3.6},"geometry":{"type":"Polygon","coordinates":[[[-118.17499999999983,34.724999999999945],[-118.14999999999982,34.724999999999945],[-118.14999999999982,34.74999999999994],[-118.17499999999983,34.74999999999994],[-118.17499999999983,34.724999999999945]]]}},{"type":"Feature","properties":{"nearestScore":91,"avg5Score":93.6,"nearestDist":2.412,"reachMin":28.9,"walkMin":28.9,"bikeMin":9.6,"driveMin":3.6},"geometry":{"type":"Polygon","coordinates":[[[-118.14999999999982,34.724999999999945],[-118.12499999999982,34.724999999999945],[-118.12499999999982,34.74999999999994],[-118.14999999999982,34.74999999999994],[-118.14999999999982,34.724999999999945]]]}},{"type":"Feature","properties":{"nearestScore":95,"avg5Score":94.0,"nearestDist":3.706,"reachMin":44.5,"walkMin":44.5,"bikeMin":14.8,"driveMin":5.6},"geometry":{"type":"Polygon","coordinates":[[[-118.12499999999982,34.724999999999945],[-118.09999999999981,34.724999999999945],[-118.09999999999981,34.74999999999994],[-118.12499999999982,34.74999999999994],[-118.12499999999982,34.724999999999945]]]}},{"type":"Feature","properties":{"nearestScore":93,"avg5Score":89.6,"nearestDist":3.771,"reachMin":45.3,"walkMin":45.3,"bikeMin":15.1,"driveMin":5.7},"geometry":{"type":"Polygon","coordinates":[[[-118.09999999999981,34.724999999999945],[-118.0749999999998,34.724999999999945],[-118.0749999999998,34.74999999999994],[-118.09999999999981,34.74999999999994],[-118.09999999999981,34.724999999999945]]]}},{"type":"Feature","properties":{"nearestScore":93,"avg5Score":93.6,"nearestDist":3.984,"reachMin":47.8,"walkMin":47.8,"bikeMin":15.9,"driveMin":6.0},"geometry":{"type":"Polygon","coordinates":[[[-118.0749999999998,34.724999999999945],[-118.0499999999998,34.724999999999945],[-118.0499999999998,34.74999999999994],[-118.0749999999998,34.74999999999994],[-118.0749999999998,34.724999999999945]]]}},{"type":"Feature","properties":{"nearestScore":96,"avg5Score":92.6,"nearestDist":4.809,"reachMin":57.7,"walkMin":57.7,"bikeMin":19.2,"driveMin":7.2},"geometry":{"type":"Polygon","coordinates":[[[-118.0499999999998,34.724999999999945],[-118.02499999999979,34.724999999999945],[-118.02499999999979,34.74999999999994],[-118.0499999999998,34.74999999999994],[-118.0499999999998,34.724999999999945]]]}},{"type":"Feature","properties":{"nearestScore":96,"avg5Score":92.6,"nearestDist":6.031,"reachMin":72.4,"walkMin":72.4,"bikeMin":24.1,"driveMin":9.0},"geometry":{"type":"Polygon","coordinates":[[[-118.02499999999979,34.724999999999945],[-117.99999999999979,34.724999999999945],[-117.99999999999979,34.74999999999994],[-118.02499999999979,34.74999999999994],[-118.02499999999979,34.724999999999945]]]}},{"type":"Feature","properties":{"nearestScore":96,"avg5Score":92.6,"nearestDist":7.749,"reachMin":93.0,"walkMin":93.0,"bikeMin":31.0,"driveMin":11.6},"geometry":{"type":"Polygon","coordinates":[[[-117.99999999999979,34.724999999999945],[-117.97499999999978,34.724999999999945],[-117.97499999999978,34.74999999999994],[-117.99999999999979,34.74999999999994],[-117.99999999999979,34.724999999999945]]]}},{"type":"Feature","properties":{"nearestScore":96,"avg5Score":92.6,"nearestDist":9.704,"reachMin":116.4,"walkMin":116.4,"bikeMin":38.8,"driveMin":14.6},"geometry":{"type":"Polygon","coordinates":[[[-117.97499999999978,34.724999999999945],[-117.94999999999978,34.724999999999945],[-117.94999999999978,34.74999999999994],[-117.97499999999978,34.74999999999994],[-117.97499999999978,34.724999999999945]]]}},{"type":"Feature","properties":{"nearestScore":96,"avg5Score":93.4,"nearestDist":11.778,"reachMin":141.3,"walkMin":141.3,"bikeMin":47.1,"driveMin":17.7},"geometry":{"type":"Polygon","coordinates":[[[-117.94999999999978,34.724999999999945],[-117.92499999999977,34.724999999999945],[-117.92499999999977,34.74999999999994],[-117.94999999999978,34.74999999999994],[-117.94999999999978,34.724999999999945]]]}},{"type":"Feature","properties":{"nearestScore":94,"avg5Score":91.4,"nearestDist":12.576,"reachMin":150.9,"walkMin":150.9,"bikeMin":50.3,"driveMin":18.9},"geometry":{"type":"Polygon","coordinates":[[[-117.92499999999977,34.724999999999945],[-117.89999999999976,34.724999999999945],[-117.89999999999976,34.74999999999994],[-117.92499999999977,34.74999999999994],[-117.92499999999977,34.724999999999945]]]}},{"type":"Feature","properties":{"nearestScore":94,"avg5Score":94.0,"nearestDist":10.372,"reachMin":124.5,"walkMin":124.5,"bikeMin":41.5,"driveMin":15.6},"geometry":{"type":"Polygon","coordinates":[[[-117.89999999999976,34.724999999999945],[-117.87499999999976,34.724999999999945],[-117.87499999999976,34.74999999999994],[-117.89999999999976,34.74999999999994],[-117.89999999999976,34.724999999999945]]]}},{"type":"Feature","properties":{"nearestScore":94,"avg5Score":94.0,"nearestDist":8.212,"reachMin":98.5,"walkMin":98.5,"bikeMin":32.8,"driveMin":12.3},"geometry":{"type":"Polygon","coordinates":[[[-117.87499999999976,34.724999999999945],[-117.84999999999975,34.724999999999945],[-117.84999999999975,34.74999999999994],[-117.87499999999976,34.74999999999994],[-117.87499999999976,34.724999999999945]]]}},{"type":"Feature","properties":{"nearestScore":94,"avg5Score":94.0,"nearestDist":6.142,"reachMin":73.7,"walkMin":73.7,"bikeMin":24.6,"driveMin":9.2},"geometry":{"type":"Polygon","coordinates":[[[-117.84999999999975,34.724999999999945],[-117.82499999999975,34.724999999999945],[-117.82499999999975,34.74999999999994],[-117.84999999999975,34.74999999999994],[-117.84999999999975,34.724999999999945]]]}},{"type":"Feature","properties":{"nearestScore":94,"avg5Score":94.0,"nearestDist":4.294,"reachMin":51.5,"walkMin":51.5,"bikeMin":17.2,"driveMin":6.4},"geometry":{"type":"Polygon","coordinates":[[[-117.82499999999975,34.724999999999945],[-117.79999999999974,34.724999999999945],[-117.79999999999974,34.74999999999994],[-117.82499999999975,34.74999999999994],[-117.82499999999975,34.724999999999945]]]}},{"type":"Feature","properties":{"nearestScore":94,"avg5Score":94.0,"nearestDist":3.097,"reachMin":37.2,"walkMin":37.2,"bikeMin":12.4,"driveMin":4.6},"geometry":{"type":"Polygon","coordinates":[[[-117.79999999999974,34.724999999999945],[-117.77499999999974,34.724999999999945],[-117.77499999999974,34.74999999999994],[-117.79999999999974,34.74999999999994],[-117.79999999999974,34.724999999999945]]]}},{"type":"Feature","properties":{"nearestScore":94,"avg5Score":94.0,"nearestDist":3.343,"reachMin":40.1,"walkMin":40.1,"bikeMin":13.4,"driveMin":5.0},"geometry":{"type":"Polygon","coordinates":[[[-117.77499999999974,34.724999999999945],[-117.74999999999973,34.724999999999945],[-117.74999999999973,34.74999999999994],[-117.77499999999974,34.74999999999994],[-117.77499999999974,34.724999999999945]]]}},{"type":"Feature","properties":{"nearestScore":94,"avg5Score":94.0,"nearestDist":4.816,"reachMin":57.8,"walkMin":57.8,"bikeMin":19.3,"driveMin":7.2},"geometry":{"type":"Polygon","coordinates":[[[-117.74999999999973,34.724999999999945],[-117.72499999999972,34.724999999999945],[-117.72499999999972,34.74999999999994],[-117.74999999999973,34.74999999999994],[-117.74999999999973,34.724999999999945]]]}},{"type":"Feature","properties":{"nearestScore":94,"avg5Score":94.0,"nearestDist":6.756,"reachMin":81.1,"walkMin":81.1,"bikeMin":27.0,"driveMin":10.1},"geometry":{"type":"Polygon","coordinates":[[[-117.72499999999972,34.724999999999945],[-117.69999999999972,34.724999999999945],[-117.69999999999972,34.74999999999994],[-117.72499999999972,34.74999999999994],[-117.72499999999972,34.724999999999945]]]}},{"type":"Feature","properties":{"nearestScore":94,"avg5Score":94.0,"nearestDist":8.862,"reachMin":106.3,"walkMin":106.3,"bikeMin":35.4,"driveMin":13.3},"geometry":{"type":"Polygon","coordinates":[[[-117.69999999999972,34.724999999999945],[-117.67499999999971,34.724999999999945],[-117.67499999999971,34.74999999999994],[-117.69999999999972,34.74999999999994],[-117.69999999999972,34.724999999999945]]]}},{"type":"Feature","properties":{"nearestScore":94,"avg5Score":94.0,"nearestDist":11.039,"reachMin":132.5,"walkMin":132.5,"bikeMin":44.2,"driveMin":16.6},"geometry":{"type":"Polygon","coordinates":[[[-117.67499999999971,34.724999999999945],[-117.64999999999971,34.724999999999945],[-117.64999999999971,34.74999999999994],[-117.67499999999971,34.74999999999994],[-117.67499999999971,34.724999999999945]]]}},{"type":"Feature","properties":{"nearestScore":92,"avg5Score":95.2,"nearestDist":7.571,"reachMin":90.9,"walkMin":90.9,"bikeMin":30.3,"driveMin":11.4},"geometry":{"type":"Polygon","coordinates":[[[-118.95,34.74999999999994],[-118.925,34.74999999999994],[-118.925,34.77499999999994],[-118.95,34.77499999999994],[-118.95,34.74999999999994]]]}},{"type":"Feature","properties":{"nearestScore":92,"avg5Score":95.2,"nearestDist":6.498,"reachMin":78.0,"walkMin":78.0,"bikeMin":26.0,"driveMin":9.7},"geometry":{"type":"Polygon","coordinates":[[[-118.925,34.74999999999994],[-118.89999999999999,34.74999999999994],[-118.89999999999999,34.77499999999994],[-118.925,34.77499999999994],[-118.925,34.74999999999994]]]}},{"type":"Feature","properties":{"nearestScore":92,"avg5Score":95.2,"nearestDist":6.129,"reachMin":73.5,"walkMin":73.5,"bikeMin":24.5,"driveMin":9.2},"geometry":{"type":"Polygon","coordinates":[[[-118.89999999999999,34.74999999999994],[-118.87499999999999,34.74999999999994],[-118.87499999999999,34.77499999999994],[-118.89999999999999,34.77499999999994],[-118.89999999999999,34.74999999999994]]]}},{"type":"Feature","properties":{"nearestScore":92,"avg5Score":95.2,"nearestDist":6.582,"reachMin":79.0,"walkMin":79.0,"bikeMin":26.3,"driveMin":9.9},"geometry":{"type":"Polygon","coordinates":[[[-118.87499999999999,34.74999999999994],[-118.84999999999998,34.74999999999994],[-118.84999999999998,34.77499999999994],[-118.87499999999999,34.77499999999994],[-118.87499999999999,34.74999999999994]]]}},{"type":"Feature","properties":{"nearestScore":92,"avg5Score":96.2,"nearestDist":7.714,"reachMin":92.6,"walkMin":92.6,"bikeMin":30.9,"driveMin":11.6},"geometry":{"type":"Polygon","coordinates":[[[-118.84999999999998,34.74999999999994],[-118.82499999999997,34.74999999999994],[-118.82499999999997,34.77499999999994],[-118.84999999999998,34.77499999999994],[-118.84999999999998,34.74999999999994]]]}},{"type":"Feature","properties":{"nearestScore":92,"avg5Score":95.4,"nearestDist":9.279,"reachMin":111.3,"walkMin":111.3,"bikeMin":37.1,"driveMin":13.9},"geometry":{"type":"Polygon","coordinates":[[[-118.82499999999997,34.74999999999994],[-118.79999999999997,34.74999999999994],[-118.79999999999997,34.77499999999994],[-118.82499999999997,34.77499999999994],[-118.82499999999997,34.74999999999994]]]}},{"type":"Feature","properties":{"nearestScore":92,"avg5Score":95.4,"nearestDist":11.097,"reachMin":133.2,"walkMin":133.2,"bikeMin":44.4,"driveMin":16.6},"geometry":{"type":"Polygon","coordinates":[[[-118.79999999999997,34.74999999999994],[-118.77499999999996,34.74999999999994],[-118.77499999999996,34.77499999999994],[-118.79999999999997,34.77499999999994],[-118.79999999999997,34.74999999999994]]]}},{"type":"Feature","properties":{"nearestScore":92,"avg5Score":95.4,"nearestDist":13.061,"reachMin":156.7,"walkMin":156.7,"bikeMin":52.2,"driveMin":19.6},"geometry":{"type":"Polygon","coordinates":[[[-118.77499999999996,34.74999999999994],[-118.74999999999996,34.74999999999994],[-118.74999999999996,34.77499999999994],[-118.77499999999996,34.77499999999994],[-118.77499999999996,34.74999999999994]]]}},{"type":"Feature","properties":{"nearestScore":92,"avg5Score":95.0,"nearestDist":15.115,"reachMin":181.4,"walkMin":181.4,"bikeMin":60.5,"driveMin":22.7},"geometry":{"type":"Polygon","coordinates":[[[-118.74999999999996,34.74999999999994],[-118.72499999999995,34.74999999999994],[-118.72499999999995,34.77499999999994],[-118.74999999999996,34.77499999999994],[-118.74999999999996,34.74999999999994]]]}},{"type":"Feature","properties":{"nearestScore":92,"avg5Score":95.0,"nearestDist":17.227,"reachMin":206.7,"walkMin":206.7,"bikeMin":68.9,"driveMin":25.8},"geometry":{"type":"Polygon","coordinates":[[[-118.72499999999995,34.74999999999994],[-118.69999999999995,34.74999999999994],[-118.69999999999995,34.77499999999994],[-118.72499999999995,34.77499999999994],[-118.72499999999995,34.74999999999994]]]}},{"type":"Feature","properties":{"nearestScore":99,"avg5Score":95.0,"nearestDist":18.496,"reachMin":222.0,"walkMin":222.0,"bikeMin":74.0,"driveMin":27.7},"geometry":{"type":"Polygon","coordinates":[[[-118.69999999999995,34.74999999999994],[-118.67499999999994,34.74999999999994],[-118.67499999999994,34.77499999999994],[-118.69999999999995,34.77499999999994],[-118.69999999999995,34.74999999999994]]]}},{"type":"Feature","properties":{"nearestScore":99,"avg5Score":95.0,"nearestDist":18.983,"reachMin":227.8,"walkMin":227.8,"bikeMin":75.9,"driveMin":28.5},"geometry":{"type":"Polygon","coordinates":[[[-118.67499999999994,34.74999999999994],[-118.64999999999993,34.74999999999994],[-118.64999999999993,34.77499999999994],[-118.67499999999994,34.77499999999994],[-118.67499999999994,34.74999999999994]]]}},{"type":"Feature","properties":{"nearestScore":93,"avg5Score":95.0,"nearestDist":18.397,"reachMin":220.8,"walkMin":220.8,"bikeMin":73.6,"driveMin":27.6},"geometry":{"type":"Polygon","coordinates":[[[-118.64999999999993,34.74999999999994],[-118.62499999999993,34.74999999999994],[-118.62499999999993,34.77499999999994],[-118.64999999999993,34.77499999999994],[-118.64999999999993,34.74999999999994]]]}},{"type":"Feature","properties":{"nearestScore":93,"avg5Score":95.8,"nearestDist":16.435,"reachMin":197.2,"walkMin":197.2,"bikeMin":65.7,"driveMin":24.7},"geometry":{"type":"Polygon","coordinates":[[[-118.62499999999993,34.74999999999994],[-118.59999999999992,34.74999999999994],[-118.59999999999992,34.77499999999994],[-118.62499999999993,34.77499999999994],[-118.62499999999993,34.74999999999994]]]}},{"type":"Feature","properties":{"nearestScore":93,"avg5Score":95.8,"nearestDist":14.569,"reachMin":174.8,"walkMin":174.8,"bikeMin":58.3,"driveMin":21.9},"geometry":{"type":"Polygon","coordinates":[[[-118.59999999999992,34.74999999999994],[-118.57499999999992,34.74999999999994],[-118.57499999999992,34.77499999999994],[-118.59999999999992,34.77499999999994],[-118.59999999999992,34.74999999999994]]]}},{"type":"Feature","properties":{"nearestScore":93,"avg5Score":95.6,"nearestDist":12.838,"reachMin":154.1,"walkMin":154.1,"bikeMin":51.4,"driveMin":19.3},"geometry":{"type":"Polygon","coordinates":[[[-118.57499999999992,34.74999999999994],[-118.54999999999991,34.74999999999994],[-118.54999999999991,34.77499999999994],[-118.57499999999992,34.77499999999994],[-118.57499999999992,34.74999999999994]]]}},{"type":"Feature","properties":{"nearestScore":93,"avg5Score":95.6,"nearestDist":11.306,"reachMin":135.7,"walkMin":135.7,"bikeMin":45.2,"driveMin":17.0},"geometry":{"type":"Polygon","coordinates":[[[-118.54999999999991,34.74999999999994],[-118.5249999999999,34.74999999999994],[-118.5249999999999,34.77499999999994],[-118.54999999999991,34.77499999999994],[-118.54999999999991,34.74999999999994]]]}},{"type":"Feature","properties":{"nearestScore":93,"avg5Score":95.6,"nearestDist":10.063,"reachMin":120.8,"walkMin":120.8,"bikeMin":40.3,"driveMin":15.1},"geometry":{"type":"Polygon","coordinates":[[[-118.5249999999999,34.74999999999994],[-118.4999999999999,34.74999999999994],[-118.4999999999999,34.77499999999994],[-118.5249999999999,34.77499999999994],[-118.5249999999999,34.74999999999994]]]}},{"type":"Feature","properties":{"nearestScore":93,"avg5Score":95.6,"nearestDist":9.228,"reachMin":110.7,"walkMin":110.7,"bikeMin":36.9,"driveMin":13.8},"geometry":{"type":"Polygon","coordinates":[[[-118.4999999999999,34.74999999999994],[-118.4749999999999,34.74999999999994],[-118.4749999999999,34.77499999999994],[-118.4999999999999,34.77499999999994],[-118.4999999999999,34.74999999999994]]]}},{"type":"Feature","properties":{"nearestScore":93,"avg5Score":94.0,"nearestDist":8.915,"reachMin":107.0,"walkMin":107.0,"bikeMin":35.7,"driveMin":13.4},"geometry":{"type":"Polygon","coordinates":[[[-118.4749999999999,34.74999999999994],[-118.44999999999989,34.74999999999994],[-118.44999999999989,34.77499999999994],[-118.4749999999999,34.77499999999994],[-118.4749999999999,34.74999999999994]]]}},{"type":"Feature","properties":{"nearestScore":93,"avg5Score":94.0,"nearestDist":9.178,"reachMin":110.1,"walkMin":110.1,"bikeMin":36.7,"driveMin":13.8},"geometry":{"type":"Polygon","coordinates":[[[-118.44999999999989,34.74999999999994],[-118.42499999999988,34.74999999999994],[-118.42499999999988,34.77499999999994],[-118.44999999999989,34.77499999999994],[-118.44999999999989,34.74999999999994]]]}},{"type":"Feature","properties":{"nearestScore":93,"avg5Score":94.0,"nearestDist":9.973,"reachMin":119.7,"walkMin":119.7,"bikeMin":39.9,"driveMin":15.0},"geometry":{"type":"Polygon","coordinates":[[[-118.42499999999988,34.74999999999994],[-118.39999999999988,34.74999999999994],[-118.39999999999988,34.77499999999994],[-118.42499999999988,34.77499999999994],[-118.42499999999988,34.74999999999994]]]}},{"type":"Feature","properties":{"nearestScore":90,"avg5Score":93.6,"nearestDist":8.985,"reachMin":107.8,"walkMin":107.8,"bikeMin":35.9,"driveMin":13.5},"geometry":{"type":"Polygon","coordinates":[[[-118.39999999999988,34.74999999999994],[-118.37499999999987,34.74999999999994],[-118.37499999999987,34.77499999999994],[-118.39999999999988,34.77499999999994],[-118.39999999999988,34.74999999999994]]]}},{"type":"Feature","properties":{"nearestScore":90,"avg5Score":93.6,"nearestDist":6.723,"reachMin":80.7,"walkMin":80.7,"bikeMin":26.9,"driveMin":10.1},"geometry":{"type":"Polygon","coordinates":[[[-118.37499999999987,34.74999999999994],[-118.34999999999987,34.74999999999994],[-118.34999999999987,34.77499999999994],[-118.37499999999987,34.77499999999994],[-118.37499999999987,34.74999999999994]]]}},{"type":"Feature","properties":{"nearestScore":90,"avg5Score":89.6,"nearestDist":4.483,"reachMin":53.8,"walkMin":53.8,"bikeMin":17.9,"driveMin":6.7},"geometry":{"type":"Polygon","coordinates":[[[-118.34999999999987,34.74999999999994],[-118.32499999999986,34.74999999999994],[-118.32499999999986,34.77499999999994],[-118.34999999999987,34.77499999999994],[-118.34999999999987,34.74999999999994]]]}},{"type":"Feature","properties":{"nearestScore":90,"avg5Score":89.6,"nearestDist":2.331,"reachMin":28.0,"walkMin":28.0,"bikeMin":9.3,"driveMin":3.5},"geometry":{"type":"Polygon","coordinates":[[[-118.32499999999986,34.74999999999994],[-118.29999999999986,34.74999999999994],[-118.29999999999986,34.77499999999994],[-118.32499999999986,34.77499999999994],[-118.32499999999986,34.74999999999994]]]}},{"type":"Feature","properties":{"nearestScore":91,"avg5Score":89.6,"nearestDist":0.87,"reachMin":10.4,"walkMin":10.4,"bikeMin":3.5,"driveMin":1.3},"geometry":{"type":"Polygon","coordinates":[[[-118.29999999999986,34.74999999999994],[-118.27499999999985,34.74999999999994],[-118.27499999999985,34.77499999999994],[-118.29999999999986,34.77499999999994],[-118.29999999999986,34.74999999999994]]]}},{"type":"Feature","properties":{"nearestScore":91,"avg5Score":89.6,"nearestDist":2.48,"reachMin":29.8,"walkMin":29.8,"bikeMin":9.9,"driveMin":3.7},"geometry":{"type":"Polygon","coordinates":[[[-118.27499999999985,34.74999999999994],[-118.24999999999984,34.74999999999994],[-118.24999999999984,34.77499999999994],[-118.27499999999985,34.77499999999994],[-118.27499999999985,34.74999999999994]]]}},{"type":"Feature","properties":{"nearestScore":84,"avg5Score":91.2,"nearestDist":3.774,"reachMin":45.3,"walkMin":45.3,"bikeMin":15.1,"driveMin":5.7},"geometry":{"type":"Polygon","coordinates":[[[-118.24999999999984,34.74999999999994],[-118.22499999999984,34.74999999999994],[-118.22499999999984,34.77499999999994],[-118.24999999999984,34.77499999999994],[-118.24999999999984,34.74999999999994]]]}},{"type":"Feature","properties":{"nearestScore":84,"avg5Score":91.0,"nearestDist":3.291,"reachMin":39.5,"walkMin":39.5,"bikeMin":13.2,"driveMin":4.9},"geometry":{"type":"Polygon","coordinates":[[[-118.22499999999984,34.74999999999994],[-118.19999999999983,34.74999999999994],[-118.19999999999983,34.77499999999994],[-118.22499999999984,34.77499999999994],[-118.22499999999984,34.74999999999994]]]}},{"type":"Feature","properties":{"nearestScore":98,"avg5Score":92.8,"nearestDist":1.832,"reachMin":22.0,"walkMin":22.0,"bikeMin":7.3,"driveMin":2.7},"geometry":{"type":"Polygon","coordinates":[[[-118.19999999999983,34.74999999999994],[-118.17499999999983,34.74999999999994],[-118.17499999999983,34.77499999999994],[-118.19999999999983,34.77499999999994],[-118.19999999999983,34.74999999999994]]]}},{"type":"Feature","properties":{"nearestScore":97,"avg5Score":94.0,"nearestDist":0.076,"reachMin":0.9,"walkMin":0.9,"bikeMin":0.3,"driveMin":0.1},"geometry":{"type":"Polygon","coordinates":[[[-118.17499999999983,34.74999999999994],[-118.14999999999982,34.74999999999994],[-118.14999999999982,34.77499999999994],[-118.17499999999983,34.77499999999994],[-118.17499999999983,34.74999999999994]]]}},{"type":"Feature","properties":{"nearestScore":93,"avg5Score":94.0,"nearestDist":1.081,"reachMin":13.0,"walkMin":13.0,"bikeMin":4.3,"driveMin":1.6},"geometry":{"type":"Polygon","coordinates":[[[-118.14999999999982,34.74999999999994],[-118.12499999999982,34.74999999999994],[-118.12499999999982,34.77499999999994],[-118.14999999999982,34.77499999999994],[-118.14999999999982,34.74999999999994]]]}},{"type":"Feature","properties":{"nearestScore":93,"avg5Score":94.0,"nearestDist":3.365,"reachMin":40.4,"walkMin":40.4,"bikeMin":13.5,"driveMin":5.0},"geometry":{"type":"Polygon","coordinates":[[[-118.12499999999982,34.74999999999994],[-118.09999999999981,34.74999999999994],[-118.09999999999981,34.77499999999994],[-118.12499999999982,34.77499999999994],[-118.12499999999982,34.74999999999994]]]}},{"type":"Feature","properties":{"nearestScore":93,"avg5Score":94.0,"nearestDist":5.649,"reachMin":67.8,"walkMin":67.8,"bikeMin":22.6,"driveMin":8.5},"geometry":{"type":"Polygon","coordinates":[[[-118.09999999999981,34.74999999999994],[-118.0749999999998,34.74999999999994],[-118.0749999999998,34.77499999999994],[-118.09999999999981,34.77499999999994],[-118.09999999999981,34.74999999999994]]]}},{"type":"Feature","properties":{"nearestScore":93,"avg5Score":92.2,"nearestDist":6.641,"reachMin":79.7,"walkMin":79.7,"bikeMin":26.6,"driveMin":10.0},"geometry":{"type":"Polygon","coordinates":[[[-118.0749999999998,34.74999999999994],[-118.0499999999998,34.74999999999994],[-118.0499999999998,34.77499999999994],[-118.0749999999998,34.77499999999994],[-118.0749999999998,34.74999999999994]]]}},{"type":"Feature","properties":{"nearestScore":96,"avg5Score":93.6,"nearestDist":7.467,"reachMin":89.6,"walkMin":89.6,"bikeMin":29.9,"driveMin":11.2},"geometry":{"type":"Polygon","coordinates":[[[-118.0499999999998,34.74999999999994],[-118.02499999999979,34.74999999999994],[-118.02499999999979,34.77499999999994],[-118.0499999999998,34.77499999999994],[-118.0499999999998,34.74999999999994]]]}},{"type":"Feature","properties":{"nearestScore":96,"avg5Score":92.6,"nearestDist":8.306,"reachMin":99.7,"walkMin":99.7,"bikeMin":33.2,"driveMin":12.5},"geometry":{"type":"Polygon","coordinates":[[[-118.02499999999979,34.74999999999994],[-117.99999999999979,34.74999999999994],[-117.99999999999979,34.77499999999994],[-118.02499999999979,34.77499999999994],[-118.02499999999979,34.74999999999994]]]}},{"type":"Feature","properties":{"nearestScore":96,"avg5Score":92.6,"nearestDist":9.626,"reachMin":115.5,"walkMin":115.5,"bikeMin":38.5,"driveMin":14.4},"geometry":{"type":"Polygon","coordinates":[[[-117.99999999999979,34.74999999999994],[-117.97499999999978,34.74999999999994],[-117.97499999999978,34.77499999999994],[-117.99999999999979,34.77499999999994],[-117.99999999999979,34.74999999999994]]]}},{"type":"Feature","properties":{"nearestScore":96,"avg5Score":92.6,"nearestDist":11.259,"reachMin":135.1,"walkMin":135.1,"bikeMin":45.0,"driveMin":16.9},"geometry":{"type":"Polygon","coordinates":[[[-117.97499999999978,34.74999999999994],[-117.94999999999978,34.74999999999994],[-117.94999999999978,34.77499999999994],[-117.97499999999978,34.77499999999994],[-117.97499999999978,34.74999999999994]]]}},{"type":"Feature","properties":{"nearestScore":96,"avg5Score":93.4,"nearestDist":13.089,"reachMin":157.1,"walkMin":157.1,"bikeMin":52.4,"driveMin":19.6},"geometry":{"type":"Polygon","coordinates":[[[-117.94999999999978,34.74999999999994],[-117.92499999999977,34.74999999999994],[-117.92499999999977,34.77499999999994],[-117.94999999999978,34.77499999999994],[-117.94999999999978,34.74999999999994]]]}},{"type":"Feature","properties":{"nearestScore":94,"avg5Score":91.4,"nearestDist":12.215,"reachMin":146.6,"walkMin":146.6,"bikeMin":48.9,"driveMin":18.3},"geometry":{"type":"Polygon","coordinates":[[[-117.92499999999977,34.74999999999994],[-117.89999999999976,34.74999999999994],[-117.89999999999976,34.77499999999994],[-117.92499999999977,34.77499999999994],[-117.92499999999977,34.74999999999994]]]}},{"type":"Feature","properties":{"nearestScore":94,"avg5Score":91.4,"nearestDist":9.932,"reachMin":119.2,"walkMin":119.2,"bikeMin":39.7,"driveMin":14.9},"geometry":{"type":"Polygon","coordinates":[[[-117.89999999999976,34.74999999999994],[-117.87499999999976,34.74999999999994],[-117.87499999999976,34.77499999999994],[-117.89999999999976,34.77499999999994],[-117.89999999999976,34.74999999999994]]]}},{"type":"Feature","properties":{"nearestScore":94,"avg5Score":94.0,"nearestDist":7.649,"reachMin":91.8,"walkMin":91.8,"bikeMin":30.6,"driveMin":11.5},"geometry":{"type":"Polygon","coordinates":[[[-117.87499999999976,34.74999999999994],[-117.84999999999975,34.74999999999994],[-117.84999999999975,34.77499999999994],[-117.87499999999976,34.77499999999994],[-117.87499999999976,34.74999999999994]]]}},{"type":"Feature","properties":{"nearestScore":94,"avg5Score":94.0,"nearestDist":5.366,"reachMin":64.4,"walkMin":64.4,"bikeMin":21.5,"driveMin":8.0},"geometry":{"type":"Polygon","coordinates":[[[-117.84999999999975,34.74999999999994],[-117.82499999999975,34.74999999999994],[-117.82499999999975,34.77499999999994],[-117.84999999999975,34.77499999999994],[-117.84999999999975,34.74999999999994]]]}},{"type":"Feature","properties":{"nearestScore":94,"avg5Score":94.0,"nearestDist":3.086,"reachMin":37.0,"walkMin":37.0,"bikeMin":12.3,"driveMin":4.6},"geometry":{"type":"Polygon","coordinates":[[[-117.82499999999975,34.74999999999994],[-117.79999999999974,34.74999999999994],[-117.79999999999974,34.77499999999994],[-117.82499999999975,34.77499999999994],[-117.82499999999975,34.74999999999994]]]}},{"type":"Feature","properties":{"nearestScore":94,"avg5Score":94.0,"nearestDist":0.823,"reachMin":9.9,"walkMin":9.9,"bikeMin":3.3,"driveMin":1.2},"geometry":{"type":"Polygon","coordinates":[[[-117.79999999999974,34.74999999999994],[-117.77499999999974,34.74999999999994],[-117.77499999999974,34.77499999999994],[-117.79999999999974,34.77499999999994],[-117.79999999999974,34.74999999999994]]]}},{"type":"Feature","properties":{"nearestScore":94,"avg5Score":94.0,"nearestDist":1.504,"reachMin":18.0,"walkMin":18.0,"bikeMin":6.0,"driveMin":2.3},"geometry":{"type":"Polygon","coordinates":[[[-117.77499999999974,34.74999999999994],[-117.74999999999973,34.74999999999994],[-117.74999999999973,34.77499999999994],[-117.77499999999974,34.77499999999994],[-117.77499999999974,34.74999999999994]]]}},{"type":"Feature","properties":{"nearestScore":94,"avg5Score":94.0,"nearestDist":3.779,"reachMin":45.3,"walkMin":45.3,"bikeMin":15.1,"driveMin":5.7},"geometry":{"type":"Polygon","coordinates":[[[-117.74999999999973,34.74999999999994],[-117.72499999999972,34.74999999999994],[-117.72499999999972,34.77499999999994],[-117.74999999999973,34.77499999999994],[-117.74999999999973,34.74999999999994]]]}},{"type":"Feature","properties":{"nearestScore":94,"avg5Score":94.0,"nearestDist":6.06,"reachMin":72.7,"walkMin":72.7,"bikeMin":24.2,"driveMin":9.1},"geometry":{"type":"Polygon","coordinates":[[[-117.72499999999972,34.74999999999994],[-117.69999999999972,34.74999999999994],[-117.69999999999972,34.77499999999994],[-117.72499999999972,34.77499999999994],[-117.72499999999972,34.74999999999994]]]}},{"type":"Feature","properties":{"nearestScore":94,"avg5Score":94.0,"nearestDist":8.343,"reachMin":100.1,"walkMin":100.1,"bikeMin":33.4,"driveMin":12.5},"geometry":{"type":"Polygon","coordinates":[[[-117.69999999999972,34.74999999999994],[-117.67499999999971,34.74999999999994],[-117.67499999999971,34.77499999999994],[-117.69999999999972,34.77499999999994],[-117.69999999999972,34.74999999999994]]]}},{"type":"Feature","properties":{"nearestScore":94,"avg5Score":94.0,"nearestDist":10.626,"reachMin":127.5,"walkMin":127.5,"bikeMin":42.5,"driveMin":15.9},"geometry":{"type":"Polygon","coordinates":[[[-117.67499999999971,34.74999999999994],[-117.64999999999971,34.74999999999994],[-117.64999999999971,34.77499999999994],[-117.67499999999971,34.77499999999994],[-117.67499999999971,34.74999999999994]]]}},{"type":"Feature","properties":{"nearestScore":92,"avg5Score":95.2,"nearestDist":5.565,"reachMin":66.8,"walkMin":66.8,"bikeMin":22.3,"driveMin":8.3},"geometry":{"type":"Polygon","coordinates":[[[-118.95,34.77499999999994],[-118.925,34.77499999999994],[-118.925,34.79999999999994],[-118.95,34.79999999999994],[-118.95,34.77499999999994]]]}},{"type":"Feature","properties":{"nearestScore":92,"avg5Score":95.2,"nearestDist":3.986,"reachMin":47.8,"walkMin":47.8,"bikeMin":15.9,"driveMin":6.0},"geometry":{"type":"Polygon","coordinates":[[[-118.925,34.77499999999994],[-118.89999999999999,34.77499999999994],[-118.89999999999999,34.79999999999994],[-118.925,34.79999999999994],[-118.925,34.77499999999994]]]}},{"type":"Feature","properties":{"nearestScore":92,"avg5Score":95.2,"nearestDist":3.35,"reachMin":40.2,"walkMin":40.2,"bikeMin":13.4,"driveMin":5.0},"geometry":{"type":"Polygon","coordinates":[[[-118.89999999999999,34.77499999999994],[-118.87499999999999,34.77499999999994],[-118.87499999999999,34.79999999999994],[-118.89999999999999,34.79999999999994],[-118.89999999999999,34.77499999999994]]]}},{"type":"Feature","properties":{"nearestScore":92,"avg5Score":95.2,"nearestDist":4.12,"reachMin":49.4,"walkMin":49.4,"bikeMin":16.5,"driveMin":6.2},"geometry":{"type":"Polygon","coordinates":[[[-118.87499999999999,34.77499999999994],[-118.84999999999998,34.77499999999994],[-118.84999999999998,34.79999999999994],[-118.87499999999999,34.79999999999994],[-118.87499999999999,34.77499999999994]]]}},{"type":"Feature","properties":{"nearestScore":92,"avg5Score":95.4,"nearestDist":5.758,"reachMin":69.1,"walkMin":69.1,"bikeMin":23.0,"driveMin":8.6},"geometry":{"type":"Polygon","coordinates":[[[-118.84999999999998,34.77499999999994],[-118.82499999999997,34.77499999999994],[-118.82499999999997,34.79999999999994],[-118.84999999999998,34.79999999999994],[-118.84999999999998,34.77499999999994]]]}},{"type":"Feature","properties":{"nearestScore":92,"avg5Score":95.4,"nearestDist":7.73,"reachMin":92.8,"walkMin":92.8,"bikeMin":30.9,"driveMin":11.6},"geometry":{"type":"Polygon","coordinates":[[[-118.82499999999997,34.77499999999994],[-118.79999999999997,34.77499999999994],[-118.79999999999997,34.79999999999994],[-118.82499999999997,34.79999999999994],[-118.82499999999997,34.77499999999994]]]}},{"type":"Feature","properties":{"nearestScore":92,"avg5Score":95.0,"nearestDist":9.837,"reachMin":118.0,"walkMin":118.0,"bikeMin":39.3,"driveMin":14.8},"geometry":{"type":"Polygon","coordinates":[[[-118.79999999999997,34.77499999999994],[-118.77499999999996,34.77499999999994],[-118.77499999999996,34.79999999999994],[-118.79999999999997,34.79999999999994],[-118.79999999999997,34.77499999999994]]]}},{"type":"Feature","properties":{"nearestScore":92,"avg5Score":95.0,"nearestDist":12.009,"reachMin":144.1,"walkMin":144.1,"bikeMin":48.0,"driveMin":18.0},"geometry":{"type":"Polygon","coordinates":[[[-118.77499999999996,34.77499999999994],[-118.74999999999996,34.77499999999994],[-118.74999999999996,34.79999999999994],[-118.77499999999996,34.79999999999994],[-118.77499999999996,34.77499999999994]]]}},{"type":"Feature","properties":{"nearestScore":92,"avg5Score":95.0,"nearestDist":14.215,"reachMin":170.6,"walkMin":170.6,"bikeMin":56.9,"driveMin":21.3},"geometry":{"type":"Polygon","coordinates":[[[-118.74999999999996,34.77499999999994],[-118.72499999999995,34.77499999999994],[-118.72499999999995,34.79999999999994],[-118.74999999999996,34.79999999999994],[-118.74999999999996,34.77499999999994]]]}},{"type":"Feature","properties":{"nearestScore":92,"avg5Score":95.0,"nearestDist":16.442,"reachMin":197.3,"walkMin":197.3,"bikeMin":65.8,"driveMin":24.7},"geometry":{"type":"Polygon","coordinates":[[[-118.72499999999995,34.77499999999994],[-118.69999999999995,34.77499999999994],[-118.69999999999995,34.79999999999994],[-118.72499999999995,34.79999999999994],[-118.72499999999995,34.77499999999994]]]}},{"type":"Feature","properties":{"nearestScore":92,"avg5Score":95.0,"nearestDist":18.683,"reachMin":224.2,"walkMin":224.2,"bikeMin":74.7,"driveMin":28.0},"geometry":{"type":"Polygon","coordinates":[[[-118.69999999999995,34.77499999999994],[-118.67499999999994,34.77499999999994],[-118.67499999999994,34.79999999999994],[-118.69999999999995,34.79999999999994],[-118.69999999999995,34.77499999999994]]]}},{"type":"Feature","properties":{"nearestScore":92,"avg5Score":95.0,"nearestDist":20.932,"reachMin":251.2,"walkMin":251.2,"bikeMin":83.7,"driveMin":31.4},"geometry":{"type":"Polygon","coordinates":[[[-118.67499999999994,34.77499999999994],[-118.64999999999993,34.77499999999994],[-118.64999999999993,34.79999999999994],[-118.67499999999994,34.79999999999994],[-118.67499999999994,34.77499999999994]]]}},{"type":"Feature","properties":{"nearestScore":93,"avg5Score":95.0,"nearestDist":19.891,"reachMin":238.7,"walkMin":238.7,"bikeMin":79.6,"driveMin":29.8},"geometry":{"type":"Polygon","coordinates":[[[-118.64999999999993,34.77499999999994],[-118.62499999999993,34.77499999999994],[-118.62499999999993,34.79999999999994],[-118.64999999999993,34.79999999999994],[-118.64999999999993,34.77499999999994]]]}},{"type":"Feature","properties":{"nearestScore":93,"avg5Score":95.8,"nearestDist":18.093,"reachMin":217.1,"walkMin":217.1,"bikeMin":72.4,"driveMin":27.1},"geometry":{"type":"Polygon","coordinates":[[[-118.62499999999993,34.77499999999994],[-118.59999999999992,34.77499999999994],[-118.59999999999992,34.79999999999994],[-118.62499999999993,34.79999999999994],[-118.62499999999993,34.77499999999994]]]}},{"type":"Feature","properties":{"nearestScore":93,"avg5Score":95.8,"nearestDist":16.416,"reachMin":197.0,"walkMin":197.0,"bikeMin":65.7,"driveMin":24.6},"geometry":{"type":"Polygon","coordinates":[[[-118.59999999999992,34.77499999999994],[-118.57499999999992,34.77499999999994],[-118.57499999999992,34.79999999999994],[-118.59999999999992,34.79999999999994],[-118.59999999999992,34.77499999999994]]]}},{"type":"Feature","properties":{"nearestScore":93,"avg5Score":95.6,"nearestDist":14.902,"reachMin":178.8,"walkMin":178.8,"bikeMin":59.6,"driveMin":22.4},"geometry":{"type":"Polygon","coordinates":[[[-118.57499999999992,34.77499999999994],[-118.54999999999991,34.77499999999994],[-118.54999999999991,34.79999999999994],[-118.57499999999992,34.79999999999994],[-118.57499999999992,34.77499999999994]]]}},{"type":"Feature","properties":{"nearestScore":93,"avg5Score":95.6,"nearestDist":13.605,"reachMin":163.3,"walkMin":163.3,"bikeMin":54.4,"driveMin":20.4},"geometry":{"type":"Polygon","coordinates":[[[-118.54999999999991,34.77499999999994],[-118.5249999999999,34.77499999999994],[-118.5249999999999,34.79999999999994],[-118.54999999999991,34.79999999999994],[-118.54999999999991,34.77499999999994]]]}},{"type":"Feature","properties":{"nearestScore":93,"avg5Score":94.0,"nearestDist":12.591,"reachMin":151.1,"walkMin":151.1,"bikeMin":50.4,"driveMin":18.9},"geometry":{"type":"Polygon","coordinates":[[[-118.5249999999999,34.77499999999994],[-118.4999999999999,34.77499999999994],[-118.4999999999999,34.79999999999994],[-118.5249999999999,34.79999999999994],[-118.5249999999999,34.77499999999994]]]}},{"type":"Feature","properties":{"nearestScore":93,"avg5Score":94.0,"nearestDist":11.935,"reachMin":143.2,"walkMin":143.2,"bikeMin":47.7,"driveMin":17.9},"geometry":{"type":"Polygon","coordinates":[[[-118.4999999999999,34.77499999999994],[-118.4749999999999,34.77499999999994],[-118.4749999999999,34.79999999999994],[-118.4999999999999,34.79999999999994],[-118.4999999999999,34.77499999999994]]]}},{"type":"Feature","properties":{"nearestScore":93,"avg5Score":94.0,"nearestDist":11.695,"reachMin":140.3,"walkMin":140.3,"bikeMin":46.8,"driveMin":17.5},"geometry":{"type":"Polygon","coordinates":[[[-118.4749999999999,34.77499999999994],[-118.44999999999989,34.77499999999994],[-118.44999999999989,34.79999999999994],[-118.4749999999999,34.79999999999994],[-118.4749999999999,34.77499999999994]]]}},{"type":"Feature","properties":{"nearestScore":93,"avg5Score":93.0,"nearestDist":11.897,"reachMin":142.8,"walkMin":142.8,"bikeMin":47.6,"driveMin":17.8},"geometry":{"type":"Polygon","coordinates":[[[-118.44999999999989,34.77499999999994],[-118.42499999999988,34.77499999999994],[-118.42499999999988,34.79999999999994],[-118.44999999999989,34.79999999999994],[-118.44999999999989,34.77499999999994]]]}},{"type":"Feature","properties":{"nearestScore":90,"avg5Score":93.0,"nearestDist":11.847,"reachMin":142.2,"walkMin":142.2,"bikeMin":47.4,"driveMin":17.8},"geometry":{"type":"Polygon","coordinates":[[[-118.42499999999988,34.77499999999994],[-118.39999999999988,34.77499999999994],[-118.39999999999988,34.79999999999994],[-118.42499999999988,34.79999999999994],[-118.42499999999988,34.77499999999994]]]}},{"type":"Feature","properties":{"nearestScore":90,"avg5Score":93.0,"nearestDist":9.716,"reachMin":116.6,"walkMin":116.6,"bikeMin":38.9,"driveMin":14.6},"geometry":{"type":"Polygon","coordinates":[[[-118.39999999999988,34.77499999999994],[-118.37499999999987,34.77499999999994],[-118.37499999999987,34.79999999999994],[-118.39999999999988,34.79999999999994],[-118.39999999999988,34.77499999999994]]]}},{"type":"Feature","properties":{"nearestScore":90,"avg5Score":93.2,"nearestDist":7.674,"reachMin":92.1,"walkMin":92.1,"bikeMin":30.7,"driveMin":11.5},"geometry":{"type":"Polygon","coordinates":[[[-118.37499999999987,34.77499999999994],[-118.34999999999987,34.77499999999994],[-118.34999999999987,34.79999999999994],[-118.37499999999987,34.79999999999994],[-118.37499999999987,34.77499999999994]]]}},{"type":"Feature","properties":{"nearestScore":90,"avg5Score":89.6,"nearestDist":5.813,"reachMin":69.8,"walkMin":69.8,"bikeMin":23.3,"driveMin":8.7},"geometry":{"type":"Polygon","coordinates":[[[-118.34999999999987,34.77499999999994],[-118.32499999999986,34.77499999999994],[-118.32499999999986,34.79999999999994],[-118.34999999999987,34.79999999999994],[-118.34999999999987,34.77499999999994]]]}},{"type":"Feature","properties":{"nearestScore":91,"avg5Score":89.6,"nearestDist":4.284,"reachMin":51.4,"walkMin":51.4,"bikeMin":17.1,"driveMin":6.4},"geometry":{"type":"Polygon","coordinates":[[[-118.32499999999986,34.77499999999994],[-118.29999999999986,34.77499999999994],[-118.29999999999986,34.79999999999994],[-118.32499999999986,34.79999999999994],[-118.32499999999986,34.77499999999994]]]}},{"type":"Feature","properties":{"nearestScore":91,"avg5Score":89.6,"nearestDist":3.649,"reachMin":43.8,"walkMin":43.8,"bikeMin":14.6,"driveMin":5.5},"geometry":{"type":"Polygon","coordinates":[[[-118.29999999999986,34.77499999999994],[-118.27499999999985,34.77499999999994],[-118.27499999999985,34.79999999999994],[-118.29999999999986,34.79999999999994],[-118.29999999999986,34.77499999999994]]]}},{"type":"Feature","properties":{"nearestScore":91,"avg5Score":91.2,"nearestDist":4.325,"reachMin":51.9,"walkMin":51.9,"bikeMin":17.3,"driveMin":6.5},"geometry":{"type":"Polygon","coordinates":[[[-118.27499999999985,34.77499999999994],[-118.24999999999984,34.77499999999994],[-118.24999999999984,34.79999999999994],[-118.27499999999985,34.79999999999994],[-118.27499999999985,34.77499999999994]]]}},{"type":"Feature","properties":{"nearestScore":91,"avg5Score":91.2,"nearestDist":5.876,"reachMin":70.5,"walkMin":70.5,"bikeMin":23.5,"driveMin":8.8},"geometry":{"type":"Polygon","coordinates":[[[-118.24999999999984,34.77499999999994],[-118.22499999999984,34.77499999999994],[-118.22499999999984,34.79999999999994],[-118.24999999999984,34.79999999999994],[-118.24999999999984,34.77499999999994]]]}},{"type":"Feature","properties":{"nearestScore":98,"avg5Score":92.8,"nearestDist":4.97,"reachMin":59.6,"walkMin":59.6,"bikeMin":19.9,"driveMin":7.5},"geometry":{"type":"Polygon","coordinates":[[[-118.22499999999984,34.77499999999994],[-118.19999999999983,34.77499999999994],[-118.19999999999983,34.79999999999994],[-118.22499999999984,34.79999999999994],[-118.22499999999984,34.77499999999994]]]}},{"type":"Feature","properties":{"nearestScore":98,"avg5Score":92.8,"nearestDist":3.335,"reachMin":40.0,"walkMin":40.0,"bikeMin":13.3,"driveMin":5.0},"geometry":{"type":"Polygon","coordinates":[[[-118.19999999999983,34.77499999999994],[-118.17499999999983,34.77499999999994],[-118.17499999999983,34.79999999999994],[-118.19999999999983,34.79999999999994],[-118.19999999999983,34.77499999999994]]]}},{"type":"Feature","properties":{"nearestScore":97,"avg5Score":94.0,"nearestDist":2.783,"reachMin":33.4,"walkMin":33.4,"bikeMin":11.1,"driveMin":4.2},"geometry":{"type":"Polygon","coordinates":[[[-118.17499999999983,34.77499999999994],[-118.14999999999982,34.77499999999994],[-118.14999999999982,34.79999999999994],[-118.17499999999983,34.79999999999994],[-118.17499999999983,34.77499999999994]]]}},{"type":"Feature","properties":{"nearestScore":93,"avg5Score":94.0,"nearestDist":2.975,"reachMin":35.7,"walkMin":35.7,"bikeMin":11.9,"driveMin":4.5},"geometry":{"type":"Polygon","coordinates":[[[-118.14999999999982,34.77499999999994],[-118.12499999999982,34.77499999999994],[-118.12499999999982,34.79999999999994],[-118.14999999999982,34.79999999999994],[-118.14999999999982,34.77499999999994]]]}},{"type":"Feature","properties":{"nearestScore":93,"avg5Score":94.0,"nearestDist":4.359,"reachMin":52.3,"walkMin":52.3,"bikeMin":17.4,"driveMin":6.5},"geometry":{"type":"Polygon","coordinates":[[[-118.12499999999982,34.77499999999994],[-118.09999999999981,34.77499999999994],[-118.09999999999981,34.79999999999994],[-118.12499999999982,34.79999999999994],[-118.12499999999982,34.77499999999994]]]}},{"type":"Feature","properties":{"nearestScore":93,"avg5Score":94.0,"nearestDist":6.291,"reachMin":75.5,"walkMin":75.5,"bikeMin":25.2,"driveMin":9.4},"geometry":{"type":"Polygon","coordinates":[[[-118.09999999999981,34.77499999999994],[-118.0749999999998,34.77499999999994],[-118.0749999999998,34.79999999999994],[-118.09999999999981,34.79999999999994],[-118.09999999999981,34.77499999999994]]]}},{"type":"Feature","properties":{"nearestScore":93,"avg5Score":94.0,"nearestDist":8.402,"reachMin":100.8,"walkMin":100.8,"bikeMin":33.6,"driveMin":12.6},"geometry":{"type":"Polygon","coordinates":[[[-118.0749999999998,34.77499999999994],[-118.0499999999998,34.77499999999994],[-118.0499999999998,34.79999999999994],[-118.0749999999998,34.79999999999994],[-118.0749999999998,34.77499999999994]]]}},{"type":"Feature","properties":{"nearestScore":93,"avg5Score":92.0,"nearestDist":9.994,"reachMin":119.9,"walkMin":119.9,"bikeMin":40.0,"driveMin":15.0},"geometry":{"type":"Polygon","coordinates":[[[-118.0499999999998,34.77499999999994],[-118.02499999999979,34.77499999999994],[-118.02499999999979,34.79999999999994],[-118.0499999999998,34.79999999999994],[-118.0499999999998,34.77499999999994]]]}},{"type":"Feature","properties":{"nearestScore":96,"avg5Score":92.0,"nearestDist":10.82,"reachMin":129.8,"walkMin":129.8,"bikeMin":43.3,"driveMin":16.2},"geometry":{"type":"Polygon","coordinates":[[[-118.02499999999979,34.77499999999994],[-117.99999999999979,34.77499999999994],[-117.99999999999979,34.79999999999994],[-118.02499999999979,34.79999999999994],[-118.02499999999979,34.77499999999994]]]}},{"type":"Feature","properties":{"nearestScore":96,"avg5Score":92.6,"nearestDist":11.863,"reachMin":142.4,"walkMin":142.4,"bikeMin":47.5,"driveMin":17.8},"geometry":{"type":"Polygon","coordinates":[[[-117.99999999999979,34.77499999999994],[-117.97499999999978,34.77499999999994],[-117.97499999999978,34.79999999999994],[-117.99999999999979,34.79999999999994],[-117.99999999999979,34.77499999999994]]]}},{"type":"Feature","properties":{"nearestScore":96,"avg5Score":92.6,"nearestDist":13.222,"reachMin":158.7,"walkMin":158.7,"bikeMin":52.9,"driveMin":19.8},"geometry":{"type":"Polygon","coordinates":[[[-117.97499999999978,34.77499999999994],[-117.94999999999978,34.77499999999994],[-117.94999999999978,34.79999999999994],[-117.97499999999978,34.79999999999994],[-117.97499999999978,34.77499999999994]]]}},{"type":"Feature","properties":{"nearestScore":94,"avg5Score":93.4,"nearestDist":14.72,"reachMin":176.6,"walkMin":176.6,"bikeMin":58.9,"driveMin":22.1},"geometry":{"type":"Polygon","coordinates":[[[-117.94999999999978,34.77499999999994],[-117.92499999999977,34.77499999999994],[-117.92499999999977,34.79999999999994],[-117.94999999999978,34.79999999999994],[-117.94999999999978,34.77499999999994]]]}},{"type":"Feature","properties":{"nearestScore":94,"avg5Score":93.4,"nearestDist":12.478,"reachMin":149.7,"walkMin":149.7,"bikeMin":49.9,"driveMin":18.7},"geometry":{"type":"Polygon","coordinates":[[[-117.92499999999977,34.77499999999994],[-117.89999999999976,34.77499999999994],[-117.89999999999976,34.79999999999994],[-117.92499999999977,34.79999999999994],[-117.92499999999977,34.77499999999994]]]}},{"type":"Feature","properties":{"nearestScore":94,"avg5Score":91.4,"nearestDist":10.255,"reachMin":123.1,"walkMin":123.1,"bikeMin":41.0,"driveMin":15.4},"geometry":{"type":"Polygon","coordinates":[[[-117.89999999999976,34.77499999999994],[-117.87499999999976,34.77499999999994],[-117.87499999999976,34.79999999999994],[-117.89999999999976,34.79999999999994],[-117.89999999999976,34.77499999999994]]]}},{"type":"Feature","properties":{"nearestScore":94,"avg5Score":94.0,"nearestDist":8.064,"reachMin":96.8,"walkMin":96.8,"bikeMin":32.3,"driveMin":12.1},"geometry":{"type":"Polygon","coordinates":[[[-117.87499999999976,34.77499999999994],[-117.84999999999975,34.77499999999994],[-117.84999999999975,34.79999999999994],[-117.87499999999976,34.79999999999994],[-117.87499999999976,34.77499999999994]]]}},{"type":"Feature","properties":{"nearestScore":94,"avg5Score":94.0,"nearestDist":5.944,"reachMin":71.3,"walkMin":71.3,"bikeMin":23.8,"driveMin":8.9},"geometry":{"type":"Polygon","coordinates":[[[-117.84999999999975,34.77499999999994],[-117.82499999999975,34.77499999999994],[-117.82499999999975,34.79999999999994],[-117.84999999999975,34.79999999999994],[-117.84999999999975,34.77499999999994]]]}},{"type":"Feature","properties":{"nearestScore":94,"avg5Score":94.0,"nearestDist":4.008,"reachMin":48.1,"walkMin":48.1,"bikeMin":16.0,"driveMin":6.0},"geometry":{"type":"Polygon","coordinates":[[[-117.82499999999975,34.77499999999994],[-117.79999999999974,34.77499999999994],[-117.79999999999974,34.79999999999994],[-117.82499999999975,34.79999999999994],[-117.82499999999975,34.77499999999994]]]}},{"type":"Feature","properties":{"nearestScore":94,"avg5Score":94.0,"nearestDist":2.687,"reachMin":32.2,"walkMin":32.2,"bikeMin":10.7,"driveMin":4.0},"geometry":{"type":"Polygon","coordinates":[[[-117.79999999999974,34.77499999999994],[-117.77499999999974,34.77499999999994],[-117.77499999999974,34.79999999999994],[-117.79999999999974,34.79999999999994],[-117.79999999999974,34.77499999999994]]]}},{"type":"Feature","properties":{"nearestScore":94,"avg5Score":94.0,"nearestDist":2.967,"reachMin":35.6,"walkMin":35.6,"bikeMin":11.9,"driveMin":4.5},"geometry":{"type":"Polygon","coordinates":[[[-117.77499999999974,34.77499999999994],[-117.74999999999973,34.77499999999994],[-117.74999999999973,34.79999999999994],[-117.77499999999974,34.79999999999994],[-117.77499999999974,34.77499999999994]]]}},{"type":"Feature","properties":{"nearestScore":94,"avg5Score":94.0,"nearestDist":4.563,"reachMin":54.8,"walkMin":54.8,"bikeMin":18.3,"driveMin":6.8},"geometry":{"type":"Polygon","coordinates":[[[-117.74999999999973,34.77499999999994],[-117.72499999999972,34.77499999999994],[-117.72499999999972,34.79999999999994],[-117.74999999999973,34.79999999999994],[-117.74999999999973,34.77499999999994]]]}},{"type":"Feature","properties":{"nearestScore":94,"avg5Score":94.0,"nearestDist":6.577,"reachMin":78.9,"walkMin":78.9,"bikeMin":26.3,"driveMin":9.9},"geometry":{"type":"Polygon","coordinates":[[[-117.72499999999972,34.77499999999994],[-117.69999999999972,34.77499999999994],[-117.69999999999972,34.79999999999994],[-117.72499999999972,34.79999999999994],[-117.72499999999972,34.77499999999994]]]}},{"type":"Feature","properties":{"nearestScore":94,"avg5Score":94.0,"nearestDist":8.725,"reachMin":104.7,"walkMin":104.7,"bikeMin":34.9,"driveMin":13.1},"geometry":{"type":"Polygon","coordinates":[[[-117.69999999999972,34.77499999999994],[-117.67499999999971,34.77499999999994],[-117.67499999999971,34.79999999999994],[-117.69999999999972,34.79999999999994],[-117.69999999999972,34.77499999999994]]]}},{"type":"Feature","properties":{"nearestScore":94,"avg5Score":94.0,"nearestDist":10.928,"reachMin":131.1,"walkMin":131.1,"bikeMin":43.7,"driveMin":16.4},"geometry":{"type":"Polygon","coordinates":[[[-117.67499999999971,34.77499999999994],[-117.64999999999971,34.77499999999994],[-117.64999999999971,34.79999999999994],[-117.67499999999971,34.79999999999994],[-117.67499999999971,34.77499999999994]]]}},{"type":"Feature","properties":{"nearestScore":92,"avg5Score":94.8,"nearestDist":4.718,"reachMin":56.6,"walkMin":56.6,"bikeMin":18.9,"driveMin":7.1},"geometry":{"type":"Polygon","coordinates":[[[-118.84999999999998,34.79999999999994],[-118.82499999999997,34.79999999999994],[-118.82499999999997,34.82499999999994],[-118.84999999999998,34.82499999999994],[-118.84999999999998,34.79999999999994]]]}},{"type":"Feature","properties":{"nearestScore":92,"avg5Score":95.0,"nearestDist":6.989,"reachMin":83.9,"walkMin":83.9,"bikeMin":28.0,"driveMin":10.5},"geometry":{"type":"Polygon","coordinates":[[[-118.82499999999997,34.79999999999994],[-118.79999999999997,34.79999999999994],[-118.79999999999997,34.82499999999994],[-118.82499999999997,34.82499999999994],[-118.82499999999997,34.79999999999994]]]}},{"type":"Feature","properties":{"nearestScore":92,"avg5Score":95.0,"nearestDist":9.266,"reachMin":111.2,"walkMin":111.2,"bikeMin":37.1,"driveMin":13.9},"geometry":{"type":"Polygon","coordinates":[[[-118.79999999999997,34.79999999999994],[-118.77499999999996,34.79999999999994],[-118.77499999999996,34.82499999999994],[-118.79999999999997,34.82499999999994],[-118.79999999999997,34.79999999999994]]]}},{"type":"Feature","properties":{"nearestScore":92,"avg5Score":95.0,"nearestDist":11.545,"reachMin":138.5,"walkMin":138.5,"bikeMin":46.2,"driveMin":17.3},"geometry":{"type":"Polygon","coordinates":[[[-118.77499999999996,34.79999999999994],[-118.74999999999996,34.79999999999994],[-118.74999999999996,34.82499999999994],[-118.77499999999996,34.82499999999994],[-118.77499999999996,34.79999999999994]]]}},{"type":"Feature","properties":{"nearestScore":92,"avg5Score":95.0,"nearestDist":13.825,"reachMin":165.9,"walkMin":165.9,"bikeMin":55.3,"driveMin":20.7},"geometry":{"type":"Polygon","coordinates":[[[-118.74999999999996,34.79999999999994],[-118.72499999999995,34.79999999999994],[-118.72499999999995,34.82499999999994],[-118.74999999999996,34.82499999999994],[-118.74999999999996,34.79999999999994]]]}},{"type":"Feature","properties":{"nearestScore":92,"avg5Score":95.0,"nearestDist":16.105,"reachMin":193.3,"walkMin":193.3,"bikeMin":64.4,"driveMin":24.2},"geometry":{"type":"Polygon","coordinates":[[[-118.72499999999995,34.79999999999994],[-118.69999999999995,34.79999999999994],[-118.69999999999995,34.82499999999994],[-118.72499999999995,34.82499999999994],[-118.72499999999995,34.79999999999994]]]}},{"type":"Feature","properties":{"nearestScore":92,"avg5Score":95.0,"nearestDist":18.386,"reachMin":220.6,"walkMin":220.6,"bikeMin":73.5,"driveMin":27.6},"geometry":{"type":"Polygon","coordinates":[[[-118.69999999999995,34.79999999999994],[-118.67499999999994,34.79999999999994],[-118.67499999999994,34.82499999999994],[-118.69999999999995,34.82499999999994],[-118.69999999999995,34.79999999999994]]]}},{"type":"Feature","properties":{"nearestScore":92,"avg5Score":95.0,"nearestDist":20.668,"reachMin":248.0,"walkMin":248.0,"bikeMin":82.7,"driveMin":31.0},"geometry":{"type":"Polygon","coordinates":[[[-118.67499999999994,34.79999999999994],[-118.64999999999993,34.79999999999994],[-118.64999999999993,34.82499999999994],[-118.67499999999994,34.82499999999994],[-118.67499999999994,34.79999999999994]]]}},{"type":"Feature","properties":{"nearestScore":93,"avg5Score":95.0,"nearestDist":21.641,"reachMin":259.7,"walkMin":259.7,"bikeMin":86.6,"driveMin":32.5},"geometry":{"type":"Polygon","coordinates":[[[-118.64999999999993,34.79999999999994],[-118.62499999999993,34.79999999999994],[-118.62499999999993,34.82499999999994],[-118.64999999999993,34.82499999999994],[-118.64999999999993,34.79999999999994]]]}},{"type":"Feature","properties":{"nearestScore":93,"avg5Score":95.0,"nearestDist":20.001,"reachMin":240.0,"walkMin":240.0,"bikeMin":80.0,"driveMin":30.0},"geometry":{"type":"Polygon","coordinates":[[[-118.62499999999993,34.79999999999994],[-118.59999999999992,34.79999999999994],[-118.59999999999992,34.82499999999994],[-118.62499999999993,34.82499999999994],[-118.62499999999993,34.79999999999994]]]}},{"type":"Feature","properties":{"nearestScore":93,"avg5Score":95.8,"nearestDist":18.499,"reachMin":222.0,"walkMin":222.0,"bikeMin":74.0,"driveMin":27.7},"geometry":{"type":"Polygon","coordinates":[[[-118.59999999999992,34.79999999999994],[-118.57499999999992,34.79999999999994],[-118.57499999999992,34.82499999999994],[-118.59999999999992,34.82499999999994],[-118.59999999999992,34.79999999999994]]]}},{"type":"Feature","properties":{"nearestScore":93,"avg5Score":94.0,"nearestDist":17.17,"reachMin":206.0,"walkMin":206.0,"bikeMin":68.7,"driveMin":25.8},"geometry":{"type":"Polygon","coordinates":[[[-118.57499999999992,34.79999999999994],[-118.54999999999991,34.79999999999994],[-118.54999999999991,34.82499999999994],[-118.57499999999992,34.82499999999994],[-118.57499999999992,34.79999999999994]]]}},{"type":"Feature","properties":{"nearestScore":93,"avg5Score":94.0,"nearestDist":16.057,"reachMin":192.7,"walkMin":192.7,"bikeMin":64.2,"driveMin":24.1},"geometry":{"type":"Polygon","coordinates":[[[-118.54999999999991,34.79999999999994],[-118.5249999999999,34.79999999999994],[-118.5249999999999,34.82499999999994],[-118.54999999999991,34.82499999999994],[-118.54999999999991,34.79999999999994]]]}},{"type":"Feature","properties":{"nearestScore":93,"avg5Score":94.0,"nearestDist":15.208,"reachMin":182.5,"walkMin":182.5,"bikeMin":60.8,"driveMin":22.8},"geometry":{"type":"Polygon","coordinates":[[[-118.5249999999999,34.79999999999994],[-118.4999999999999,34.79999999999994],[-118.4999999999999,34.82499999999994],[-118.5249999999999,34.82499999999994],[-118.5249999999999,34.79999999999994]]]}},{"type":"Feature","properties":{"nearestScore":93,"avg5Score":94.0,"nearestDist":14.669,"reachMin":176.0,"walkMin":176.0,"bikeMin":58.7,"driveMin":22.0},"geometry":{"type":"Polygon","coordinates":[[[-118.4999999999999,34.79999999999994],[-118.4749999999999,34.79999999999994],[-118.4749999999999,34.82499999999994],[-118.4999999999999,34.82499999999994],[-118.4999999999999,34.79999999999994]]]}},{"type":"Feature","properties":{"nearestScore":93,"avg5Score":93.0,"nearestDist":14.474,"reachMin":173.7,"walkMin":173.7,"bikeMin":57.9,"driveMin":21.7},"geometry":{"type":"Polygon","coordinates":[[[-118.4749999999999,34.79999999999994],[-118.44999999999989,34.79999999999994],[-118.44999999999989,34.82499999999994],[-118.4749999999999,34.82499999999994],[-118.4749999999999,34.79999999999994]]]}},{"type":"Feature","properties":{"nearestScore":93,"avg5Score":93.0,"nearestDist":14.638,"reachMin":175.7,"walkMin":175.7,"bikeMin":58.6,"driveMin":22.0},"geometry":{"type":"Polygon","coordinates":[[[-118.44999999999989,34.79999999999994],[-118.42499999999988,34.79999999999994],[-118.42499999999988,34.82499999999994],[-118.44999999999989,34.82499999999994],[-118.44999999999989,34.79999999999994]]]}},{"type":"Feature","properties":{"nearestScore":90,"avg5Score":93.0,"nearestDist":13.018,"reachMin":156.2,"walkMin":156.2,"bikeMin":52.1,"driveMin":19.5},"geometry":{"type":"Polygon","coordinates":[[[-118.42499999999988,34.79999999999994],[-118.39999999999988,34.79999999999994],[-118.39999999999988,34.82499999999994],[-118.42499999999988,34.82499999999994],[-118.42499999999988,34.79999999999994]]]}},{"type":"Feature","properties":{"nearestScore":90,"avg5Score":93.0,"nearestDist":11.115,"reachMin":133.4,"walkMin":133.4,"bikeMin":44.5,"driveMin":16.7},"geometry":{"type":"Polygon","coordinates":[[[-118.39999999999988,34.79999999999994],[-118.37499999999987,34.79999999999994],[-118.37499999999987,34.82499999999994],[-118.39999999999988,34.82499999999994],[-118.39999999999988,34.79999999999994]]]}},{"type":"Feature","properties":{"nearestScore":91,"avg5Score":90.8,"nearestDist":9.365,"reachMin":112.4,"walkMin":112.4,"bikeMin":37.5,"driveMin":14.0},"geometry":{"type":"Polygon","coordinates":[[[-118.37499999999987,34.79999999999994],[-118.34999999999987,34.79999999999994],[-118.34999999999987,34.82499999999994],[-118.37499999999987,34.82499999999994],[-118.37499999999987,34.79999999999994]]]}},{"type":"Feature","properties":{"nearestScore":91,"avg5Score":89.6,"nearestDist":7.863,"reachMin":94.4,"walkMin":94.4,"bikeMin":31.5,"driveMin":11.8},"geometry":{"type":"Polygon","coordinates":[[[-118.34999999999987,34.79999999999994],[-118.32499999999986,34.79999999999994],[-118.32499999999986,34.82499999999994],[-118.34999999999987,34.82499999999994],[-118.34999999999987,34.79999999999994]]]}},{"type":"Feature","properties":{"nearestScore":91,"avg5Score":91.2,"nearestDist":6.809,"reachMin":81.7,"walkMin":81.7,"bikeMin":27.2,"driveMin":10.2},"geometry":{"type":"Polygon","coordinates":[[[-118.32499999999986,34.79999999999994],[-118.29999999999986,34.79999999999994],[-118.29999999999986,34.82499999999994],[-118.32499999999986,34.82499999999994],[-118.32499999999986,34.79999999999994]]]}},{"type":"Feature","properties":{"nearestScore":91,"avg5Score":91.2,"nearestDist":6.429,"reachMin":77.1,"walkMin":77.1,"bikeMin":25.7,"driveMin":9.6},"geometry":{"type":"Polygon","coordinates":[[[-118.29999999999986,34.79999999999994],[-118.27499999999985,34.79999999999994],[-118.27499999999985,34.82499999999994],[-118.29999999999986,34.82499999999994],[-118.29999999999986,34.79999999999994]]]}},{"type":"Feature","properties":{"nearestScore":91,"avg5Score":91.2,"nearestDist":6.835,"reachMin":82.0,"walkMin":82.0,"bikeMin":27.3,"driveMin":10.3},"geometry":{"type":"Polygon","coordinates":[[[-118.27499999999985,34.79999999999994],[-118.24999999999984,34.79999999999994],[-118.24999999999984,34.82499999999994],[-118.27499999999985,34.82499999999994],[-118.27499999999985,34.79999999999994]]]}},{"type":"Feature","properties":{"nearestScore":91,"avg5Score":92.4,"nearestDist":7.908,"reachMin":94.9,"walkMin":94.9,"bikeMin":31.6,"driveMin":11.9},"geometry":{"type":"Polygon","coordinates":[[[-118.24999999999984,34.79999999999994],[-118.22499999999984,34.79999999999994],[-118.22499999999984,34.82499999999994],[-118.24999999999984,34.82499999999994],[-118.24999999999984,34.79999999999994]]]}},{"type":"Feature","properties":{"nearestScore":98,"avg5Score":92.8,"nearestDist":6.923,"reachMin":83.1,"walkMin":83.1,"bikeMin":27.7,"driveMin":10.4},"geometry":{"type":"Polygon","coordinates":[[[-118.22499999999984,34.79999999999994],[-118.19999999999983,34.79999999999994],[-118.19999999999983,34.82499999999994],[-118.22499999999984,34.82499999999994],[-118.22499999999984,34.79999999999994]]]}},{"type":"Feature","properties":{"nearestScore":98,"avg5Score":92.8,"nearestDist":5.861,"reachMin":70.3,"walkMin":70.3,"bikeMin":23.4,"driveMin":8.8},"geometry":{"type":"Polygon","coordinates":[[[-118.19999999999983,34.79999999999994],[-118.17499999999983,34.79999999999994],[-118.17499999999983,34.82499999999994],[-118.19999999999983,34.82499999999994],[-118.19999999999983,34.79999999999994]]]}},{"type":"Feature","properties":{"nearestScore":92,"avg5Score":94.0,"nearestDist":5.562,"reachMin":66.7,"walkMin":66.7,"bikeMin":22.2,"driveMin":8.3},"geometry":{"type":"Polygon","coordinates":[[[-118.17499999999983,34.79999999999994],[-118.14999999999982,34.79999999999994],[-118.14999999999982,34.82499999999994],[-118.17499999999983,34.82499999999994],[-118.17499999999983,34.79999999999994]]]}},{"type":"Feature","properties":{"nearestScore":93,"avg5Score":94.0,"nearestDist":5.655,"reachMin":67.9,"walkMin":67.9,"bikeMin":22.6,"driveMin":8.5},"geometry":{"type":"Polygon","coordinates":[[[-118.14999999999982,34.79999999999994],[-118.12499999999982,34.79999999999994],[-118.12499999999982,34.82499999999994],[-118.14999999999982,34.82499999999994],[-118.14999999999982,34.79999999999994]]]}},{"type":"Feature","properties":{"nearestScore":93,"avg5Score":94.0,"nearestDist":6.491,"reachMin":77.9,"walkMin":77.9,"bikeMin":26.0,"driveMin":9.7},"geometry":{"type":"Polygon","coordinates":[[[-118.12499999999982,34.79999999999994],[-118.09999999999981,34.79999999999994],[-118.09999999999981,34.82499999999994],[-118.12499999999982,34.82499999999994],[-118.12499999999982,34.79999999999994]]]}},{"type":"Feature","properties":{"nearestScore":93,"avg5Score":94.0,"nearestDist":7.919,"reachMin":95.0,"walkMin":95.0,"bikeMin":31.7,"driveMin":11.9},"geometry":{"type":"Polygon","coordinates":[[[-118.09999999999981,34.79999999999994],[-118.0749999999998,34.79999999999994],[-118.0749999999998,34.82499999999994],[-118.09999999999981,34.82499999999994],[-118.09999999999981,34.79999999999994]]]}},{"type":"Feature","properties":{"nearestScore":93,"avg5Score":94.0,"nearestDist":9.68,"reachMin":116.2,"walkMin":116.2,"bikeMin":38.7,"driveMin":14.5},"geometry":{"type":"Polygon","coordinates":[[[-118.0749999999998,34.79999999999994],[-118.0499999999998,34.79999999999994],[-118.0499999999998,34.82499999999994],[-118.0749999999998,34.82499999999994],[-118.0749999999998,34.79999999999994]]]}},{"type":"Feature","properties":{"nearestScore":93,"avg5Score":94.0,"nearestDist":11.624,"reachMin":139.5,"walkMin":139.5,"bikeMin":46.5,"driveMin":17.4},"geometry":{"type":"Polygon","coordinates":[[[-118.0499999999998,34.79999999999994],[-118.02499999999979,34.79999999999994],[-118.02499999999979,34.82499999999994],[-118.0499999999998,34.82499999999994],[-118.0499999999998,34.79999999999994]]]}},{"type":"Feature","properties":{"nearestScore":96,"avg5Score":92.0,"nearestDist":13.439,"reachMin":161.3,"walkMin":161.3,"bikeMin":53.8,"driveMin":20.2},"geometry":{"type":"Polygon","coordinates":[[[-118.02499999999979,34.79999999999994],[-117.99999999999979,34.79999999999994],[-117.99999999999979,34.82499999999994],[-118.02499999999979,34.82499999999994],[-118.02499999999979,34.79999999999994]]]}},{"type":"Feature","properties":{"nearestScore":96,"avg5Score":92.0,"nearestDist":14.292,"reachMin":171.5,"walkMin":171.5,"bikeMin":57.2,"driveMin":21.4},"geometry":{"type":"Polygon","coordinates":[[[-117.99999999999979,34.79999999999994],[-117.97499999999978,34.79999999999994],[-117.97499999999978,34.82499999999994],[-117.99999999999979,34.82499999999994],[-117.99999999999979,34.79999999999994]]]}},{"type":"Feature","properties":{"nearestScore":96,"avg5Score":92.0,"nearestDist":15.438,"reachMin":185.3,"walkMin":185.3,"bikeMin":61.8,"driveMin":23.2},"geometry":{"type":"Polygon","coordinates":[[[-117.97499999999978,34.79999999999994],[-117.94999999999978,34.79999999999994],[-117.94999999999978,34.82499999999994],[-117.97499999999978,34.82499999999994],[-117.97499999999978,34.79999999999994]]]}},{"type":"Feature","properties":{"nearestScore":94,"avg5Score":93.4,"nearestDist":15.447,"reachMin":185.4,"walkMin":185.4,"bikeMin":61.8,"driveMin":23.2},"geometry":{"type":"Polygon","coordinates":[[[-117.94999999999978,34.79999999999994],[-117.92499999999977,34.79999999999994],[-117.92499999999977,34.82499999999994],[-117.94999999999978,34.82499999999994],[-117.94999999999978,34.79999999999994]]]}},{"type":"Feature","properties":{"nearestScore":94,"avg5Score":93.4,"nearestDist":13.329,"reachMin":159.9,"walkMin":159.9,"bikeMin":53.3,"driveMin":20.0},"geometry":{"type":"Polygon","coordinates":[[[-117.92499999999977,34.79999999999994],[-117.89999999999976,34.79999999999994],[-117.89999999999976,34.82499999999994],[-117.92499999999977,34.82499999999994],[-117.92499999999977,34.79999999999994]]]}},{"type":"Feature","properties":{"nearestScore":94,"avg5Score":91.4,"nearestDist":11.275,"reachMin":135.3,"walkMin":135.3,"bikeMin":45.1,"driveMin":16.9},"geometry":{"type":"Polygon","coordinates":[[[-117.89999999999976,34.79999999999994],[-117.87499999999976,34.79999999999994],[-117.87499999999976,34.82499999999994],[-117.89999999999976,34.82499999999994],[-117.89999999999976,34.79999999999994]]]}},{"type":"Feature","properties":{"nearestScore":94,"avg5Score":91.4,"nearestDist":9.328,"reachMin":111.9,"walkMin":111.9,"bikeMin":37.3,"driveMin":14.0},"geometry":{"type":"Polygon","coordinates":[[[-117.87499999999976,34.79999999999994],[-117.84999999999975,34.79999999999994],[-117.84999999999975,34.82499999999994],[-117.87499999999976,34.82499999999994],[-117.87499999999976,34.79999999999994]]]}},{"type":"Feature","properties":{"nearestScore":94,"avg5Score":94.0,"nearestDist":7.571,"reachMin":90.9,"walkMin":90.9,"bikeMin":30.3,"driveMin":11.4},"geometry":{"type":"Polygon","coordinates":[[[-117.84999999999975,34.79999999999994],[-117.82499999999975,34.79999999999994],[-117.82499999999975,34.82499999999994],[-117.84999999999975,34.82499999999994],[-117.84999999999975,34.79999999999994]]]}},{"type":"Feature","properties":{"nearestScore":94,"avg5Score":94.0,"nearestDist":6.169,"reachMin":74.0,"walkMin":74.0,"bikeMin":24.7,"driveMin":9.3},"geometry":{"type":"Polygon","coordinates":[[[-117.82499999999975,34.79999999999994],[-117.79999999999974,34.79999999999994],[-117.79999999999974,34.82499999999994],[-117.82499999999975,34.82499999999994],[-117.82499999999975,34.79999999999994]]]}},{"type":"Feature","properties":{"nearestScore":94,"avg5Score":94.0,"nearestDist":5.406,"reachMin":64.9,"walkMin":64.9,"bikeMin":21.6,"driveMin":8.1},"geometry":{"type":"Polygon","coordinates":[[[-117.79999999999974,34.79999999999994],[-117.77499999999974,34.79999999999994],[-117.77499999999974,34.82499999999994],[-117.79999999999974,34.82499999999994],[-117.79999999999974,34.79999999999994]]]}},{"type":"Feature","properties":{"nearestScore":94,"avg5Score":94.0,"nearestDist":5.55,"reachMin":66.6,"walkMin":66.6,"bikeMin":22.2,"driveMin":8.3},"geometry":{"type":"Polygon","coordinates":[[[-117.77499999999974,34.79999999999994],[-117.74999999999973,34.79999999999994],[-117.74999999999973,34.82499999999994],[-117.77499999999974,34.82499999999994],[-117.77499999999974,34.79999999999994]]]}},{"type":"Feature","properties":{"nearestScore":94,"avg5Score":94.0,"nearestDist":6.543,"reachMin":78.5,"walkMin":78.5,"bikeMin":26.2,"driveMin":9.8},"geometry":{"type":"Polygon","coordinates":[[[-117.74999999999973,34.79999999999994],[-117.72499999999972,34.79999999999994],[-117.72499999999972,34.82499999999994],[-117.74999999999973,34.82499999999994],[-117.74999999999973,34.79999999999994]]]}},{"type":"Feature","properties":{"nearestScore":94,"avg5Score":94.0,"nearestDist":8.078,"reachMin":96.9,"walkMin":96.9,"bikeMin":32.3,"driveMin":12.1},"geometry":{"type":"Polygon","coordinates":[[[-117.72499999999972,34.79999999999994],[-117.69999999999972,34.79999999999994],[-117.69999999999972,34.82499999999994],[-117.72499999999972,34.82499999999994],[-117.72499999999972,34.79999999999994]]]}},{"type":"Feature","properties":{"nearestScore":94,"avg5Score":94.0,"nearestDist":9.905,"reachMin":118.9,"walkMin":118.9,"bikeMin":39.6,"driveMin":14.9},"geometry":{"type":"Polygon","coordinates":[[[-117.69999999999972,34.79999999999994],[-117.67499999999971,34.79999999999994],[-117.67499999999971,34.82499999999994],[-117.69999999999972,34.82499999999994],[-117.69999999999972,34.79999999999994]]]}},{"type":"Feature","properties":{"nearestScore":94,"avg5Score":94.0,"nearestDist":11.891,"reachMin":142.7,"walkMin":142.7,"bikeMin":47.6,"driveMin":17.8},"geometry":{"type":"Polygon","coordinates":[[[-117.67499999999971,34.79999999999994],[-117.64999999999971,34.79999999999994],[-117.64999999999971,34.82499999999994],[-117.67499999999971,34.82499999999994],[-117.67499999999971,34.79999999999994]]]}},{"type":"Feature","properties":{"nearestScore":92,"avg5Score":94.8,"nearestDist":5.179,"reachMin":62.1,"walkMin":62.1,"bikeMin":20.7,"driveMin":7.8},"geometry":{"type":"Polygon","coordinates":[[[-118.84999999999998,34.82499999999994],[-118.82499999999997,34.82499999999994],[-118.82499999999997,34.84999999999994],[-118.84999999999998,34.84999999999994],[-118.84999999999998,34.82499999999994]]]}},{"type":"Feature","properties":{"nearestScore":92,"avg5Score":95.0,"nearestDist":7.308,"reachMin":87.7,"walkMin":87.7,"bikeMin":29.2,"driveMin":11.0},"geometry":{"type":"Polygon","coordinates":[[[-118.82499999999997,34.82499999999994],[-118.79999999999997,34.82499999999994],[-118.79999999999997,34.84999999999994],[-118.82499999999997,34.84999999999994],[-118.82499999999997,34.82499999999994]]]}},{"type":"Feature","properties":{"nearestScore":92,"avg5Score":95.0,"nearestDist":9.508,"reachMin":114.1,"walkMin":114.1,"bikeMin":38.0,"driveMin":14.3},"geometry":{"type":"Polygon","coordinates":[[[-118.79999999999997,34.82499999999994],[-118.77499999999996,34.82499999999994],[-118.77499999999996,34.84999999999994],[-118.79999999999997,34.84999999999994],[-118.79999999999997,34.82499999999994]]]}},{"type":"Feature","properties":{"nearestScore":92,"avg5Score":95.0,"nearestDist":11.739,"reachMin":140.9,"walkMin":140.9,"bikeMin":47.0,"driveMin":17.6},"geometry":{"type":"Polygon","coordinates":[[[-118.77499999999996,34.82499999999994],[-118.74999999999996,34.82499999999994],[-118.74999999999996,34.84999999999994],[-118.77499999999996,34.84999999999994],[-118.77499999999996,34.82499999999994]]]}},{"type":"Feature","properties":{"nearestScore":92,"avg5Score":95.0,"nearestDist":13.987,"reachMin":167.8,"walkMin":167.8,"bikeMin":55.9,"driveMin":21.0},"geometry":{"type":"Polygon","coordinates":[[[-118.74999999999996,34.82499999999994],[-118.72499999999995,34.82499999999994],[-118.72499999999995,34.84999999999994],[-118.74999999999996,34.84999999999994],[-118.74999999999996,34.82499999999994]]]}},{"type":"Feature","properties":{"nearestScore":92,"avg5Score":95.0,"nearestDist":16.244,"reachMin":194.9,"walkMin":194.9,"bikeMin":65.0,"driveMin":24.4},"geometry":{"type":"Polygon","coordinates":[[[-118.72499999999995,34.82499999999994],[-118.69999999999995,34.82499999999994],[-118.69999999999995,34.84999999999994],[-118.72499999999995,34.84999999999994],[-118.72499999999995,34.82499999999994]]]}},{"type":"Feature","properties":{"nearestScore":92,"avg5Score":95.0,"nearestDist":18.508,"reachMin":222.1,"walkMin":222.1,"bikeMin":74.0,"driveMin":27.8},"geometry":{"type":"Polygon","coordinates":[[[-118.69999999999995,34.82499999999994],[-118.67499999999994,34.82499999999994],[-118.67499999999994,34.84999999999994],[-118.69999999999995,34.84999999999994],[-118.69999999999995,34.82499999999994]]]}},{"type":"Feature","properties":{"nearestScore":92,"avg5Score":95.0,"nearestDist":20.775,"reachMin":249.3,"walkMin":249.3,"bikeMin":83.1,"driveMin":31.2},"geometry":{"type":"Polygon","coordinates":[[[-118.67499999999994,34.82499999999994],[-118.64999999999993,34.82499999999994],[-118.64999999999993,34.84999999999994],[-118.67499999999994,34.84999999999994],[-118.67499999999994,34.82499999999994]]]}},{"type":"Feature","properties":{"nearestScore":92,"avg5Score":95.0,"nearestDist":23.045,"reachMin":276.5,"walkMin":276.5,"bikeMin":92.2,"driveMin":34.6},"geometry":{"type":"Polygon","coordinates":[[[-118.64999999999993,34.82499999999994],[-118.62499999999993,34.82499999999994],[-118.62499999999993,34.84999999999994],[-118.64999999999993,34.84999999999994],[-118.64999999999993,34.82499999999994]]]}},{"type":"Feature","properties":{"nearestScore":93,"avg5Score":95.0,"nearestDist":22.095,"reachMin":265.1,"walkMin":265.1,"bikeMin":88.4,"driveMin":33.1},"geometry":{"type":"Polygon","coordinates":[[[-118.62499999999993,34.82499999999994],[-118.59999999999992,34.82499999999994],[-118.59999999999992,34.84999999999994],[-118.62499999999993,34.84999999999994],[-118.62499999999993,34.82499999999994]]]}},{"type":"Feature","properties":{"nearestScore":93,"avg5Score":94.4,"nearestDist":20.745,"reachMin":248.9,"walkMin":248.9,"bikeMin":83.0,"driveMin":31.1},"geometry":{"type":"Polygon","coordinates":[[[-118.59999999999992,34.82499999999994],[-118.57499999999992,34.82499999999994],[-118.57499999999992,34.84999999999994],[-118.59999999999992,34.84999999999994],[-118.59999999999992,34.82499999999994]]]}},{"type":"Feature","properties":{"nearestScore":93,"avg5Score":94.0,"nearestDist":19.57,"reachMin":234.8,"walkMin":234.8,"bikeMin":78.3,"driveMin":29.4},"geometry":{"type":"Polygon","coordinates":[[[-118.57499999999992,34.82499999999994],[-118.54999999999991,34.82499999999994],[-118.54999999999991,34.84999999999994],[-118.57499999999992,34.84999999999994],[-118.57499999999992,34.82499999999994]]]}},{"type":"Feature","properties":{"nearestScore":93,"avg5Score":94.0,"nearestDist":18.601,"reachMin":223.2,"walkMin":223.2,"bikeMin":74.4,"driveMin":27.9},"geometry":{"type":"Polygon","coordinates":[[[-118.54999999999991,34.82499999999994],[-118.5249999999999,34.82499999999994],[-118.5249999999999,34.84999999999994],[-118.54999999999991,34.84999999999994],[-118.54999999999991,34.82499999999994]]]}},{"type":"Feature","properties":{"nearestScore":93,"avg5Score":93.0,"nearestDist":17.874,"reachMin":214.5,"walkMin":214.5,"bikeMin":71.5,"driveMin":26.8},"geometry":{"type":"Polygon","coordinates":[[[-118.5249999999999,34.82499999999994],[-118.4999999999999,34.82499999999994],[-118.4999999999999,34.84999999999994],[-118.5249999999999,34.84999999999994],[-118.5249999999999,34.82499999999994]]]}},{"type":"Feature","properties":{"nearestScore":93,"avg5Score":93.0,"nearestDist":17.418,"reachMin":209.0,"walkMin":209.0,"bikeMin":69.7,"driveMin":26.1},"geometry":{"type":"Polygon","coordinates":[[[-118.4999999999999,34.82499999999994],[-118.4749999999999,34.82499999999994],[-118.4749999999999,34.84999999999994],[-118.4999999999999,34.84999999999994],[-118.4999999999999,34.82499999999994]]]}},{"type":"Feature","properties":{"nearestScore":93,"avg5Score":93.0,"nearestDist":17.254,"reachMin":207.0,"walkMin":207.0,"bikeMin":69.0,"driveMin":25.9},"geometry":{"type":"Polygon","coordinates":[[[-118.4749999999999,34.82499999999994],[-118.44999999999989,34.82499999999994],[-118.44999999999989,34.84999999999994],[-118.4749999999999,34.84999999999994],[-118.4749999999999,34.82499999999994]]]}},{"type":"Feature","properties":{"nearestScore":90,"avg5Score":93.0,"nearestDist":16.443,"reachMin":197.3,"walkMin":197.3,"bikeMin":65.8,"driveMin":24.7},"geometry":{"type":"Polygon","coordinates":[[[-118.44999999999989,34.82499999999994],[-118.42499999999988,34.82499999999994],[-118.42499999999988,34.84999999999994],[-118.44999999999989,34.84999999999994],[-118.44999999999989,34.82499999999994]]]}},{"type":"Feature","properties":{"nearestScore":90,"avg5Score":93.0,"nearestDist":14.63,"reachMin":175.6,"walkMin":175.6,"bikeMin":58.5,"driveMin":21.9},"geometry":{"type":"Polygon","coordinates":[[[-118.42499999999988,34.82499999999994],[-118.39999999999988,34.82499999999994],[-118.39999999999988,34.84999999999994],[-118.42499999999988,34.84999999999994],[-118.42499999999988,34.82499999999994]]]}},{"type":"Feature","properties":{"nearestScore":91,"avg5Score":92.6,"nearestDist":12.941,"reachMin":155.3,"walkMin":155.3,"bikeMin":51.8,"driveMin":19.4},"geometry":{"type":"Polygon","coordinates":[[[-118.39999999999988,34.82499999999994],[-118.37499999999987,34.82499999999994],[-118.37499999999987,34.84999999999994],[-118.39999999999988,34.84999999999994],[-118.39999999999988,34.82499999999994]]]}},{"type":"Feature","properties":{"nearestScore":91,"avg5Score":90.8,"nearestDist":11.452,"reachMin":137.4,"walkMin":137.4,"bikeMin":45.8,"driveMin":17.2},"geometry":{"type":"Polygon","coordinates":[[[-118.37499999999987,34.82499999999994],[-118.34999999999987,34.82499999999994],[-118.34999999999987,34.84999999999994],[-118.37499999999987,34.84999999999994],[-118.37499999999987,34.82499999999994]]]}},{"type":"Feature","properties":{"nearestScore":91,"avg5Score":91.2,"nearestDist":10.261,"reachMin":123.1,"walkMin":123.1,"bikeMin":41.0,"driveMin":15.4},"geometry":{"type":"Polygon","coordinates":[[[-118.34999999999987,34.82499999999994],[-118.32499999999986,34.82499999999994],[-118.32499999999986,34.84999999999994],[-118.34999999999987,34.84999999999994],[-118.34999999999987,34.82499999999994]]]}},{"type":"Feature","properties":{"nearestScore":91,"avg5Score":91.2,"nearestDist":9.478,"reachMin":113.7,"walkMin":113.7,"bikeMin":37.9,"driveMin":14.2},"geometry":{"type":"Polygon","coordinates":[[[-118.32499999999986,34.82499999999994],[-118.29999999999986,34.82499999999994],[-118.29999999999986,34.84999999999994],[-118.32499999999986,34.84999999999994],[-118.32499999999986,34.82499999999994]]]}},{"type":"Feature","properties":{"nearestScore":91,"avg5Score":91.2,"nearestDist":9.209,"reachMin":110.5,"walkMin":110.5,"bikeMin":36.8,"driveMin":13.8},"geometry":{"type":"Polygon","coordinates":[[[-118.29999999999986,34.82499999999994],[-118.27499999999985,34.82499999999994],[-118.27499999999985,34.84999999999994],[-118.29999999999986,34.84999999999994],[-118.29999999999986,34.82499999999994]]]}},{"type":"Feature","properties":{"nearestScore":91,"avg5Score":92.4,"nearestDist":9.497,"reachMin":114.0,"walkMin":114.0,"bikeMin":38.0,"driveMin":14.2},"geometry":{"type":"Polygon","coordinates":[[[-118.27499999999985,34.82499999999994],[-118.24999999999984,34.82499999999994],[-118.24999999999984,34.84999999999994],[-118.27499999999985,34.84999999999994],[-118.27499999999985,34.82499999999994]]]}},{"type":"Feature","properties":{"nearestScore":91,"avg5Score":92.4,"nearestDist":10.296,"reachMin":123.6,"walkMin":123.6,"bikeMin":41.2,"driveMin":15.4},"geometry":{"type":"Polygon","coordinates":[[[-118.24999999999984,34.82499999999994],[-118.22499999999984,34.82499999999994],[-118.22499999999984,34.84999999999994],[-118.24999999999984,34.84999999999994],[-118.24999999999984,34.82499999999994]]]}},{"type":"Feature","properties":{"nearestScore":98,"avg5Score":92.8,"nearestDist":9.306,"reachMin":111.7,"walkMin":111.7,"bikeMin":37.2,"driveMin":14.0},"geometry":{"type":"Polygon","coordinates":[[[-118.22499999999984,34.82499999999994],[-118.19999999999983,34.82499999999994],[-118.19999999999983,34.84999999999994],[-118.22499999999984,34.84999999999994],[-118.22499999999984,34.82499999999994]]]}},{"type":"Feature","properties":{"nearestScore":98,"avg5Score":92.8,"nearestDist":8.546,"reachMin":102.6,"walkMin":102.6,"bikeMin":34.2,"driveMin":12.8},"geometry":{"type":"Polygon","coordinates":[[[-118.19999999999983,34.82499999999994],[-118.17499999999983,34.82499999999994],[-118.17499999999983,34.84999999999994],[-118.19999999999983,34.84999999999994],[-118.19999999999983,34.82499999999994]]]}},{"type":"Feature","properties":{"nearestScore":92,"avg5Score":94.0,"nearestDist":8.341,"reachMin":100.1,"walkMin":100.1,"bikeMin":33.4,"driveMin":12.5},"geometry":{"type":"Polygon","coordinates":[[[-118.17499999999983,34.82499999999994],[-118.14999999999982,34.82499999999994],[-118.14999999999982,34.84999999999994],[-118.17499999999983,34.84999999999994],[-118.17499999999983,34.82499999999994]]]}},{"type":"Feature","properties":{"nearestScore":93,"avg5Score":94.0,"nearestDist":8.401,"reachMin":100.8,"walkMin":100.8,"bikeMin":33.6,"driveMin":12.6},"geometry":{"type":"Polygon","coordinates":[[[-118.14999999999982,34.82499999999994],[-118.12499999999982,34.82499999999994],[-118.12499999999982,34.84999999999994],[-118.14999999999982,34.84999999999994],[-118.14999999999982,34.82499999999994]]]}},{"type":"Feature","properties":{"nearestScore":93,"avg5Score":94.0,"nearestDist":8.984,"reachMin":107.8,"walkMin":107.8,"bikeMin":35.9,"driveMin":13.5},"geometry":{"type":"Polygon","coordinates":[[[-118.12499999999982,34.82499999999994],[-118.09999999999981,34.82499999999994],[-118.09999999999981,34.84999999999994],[-118.12499999999982,34.84999999999994],[-118.12499999999982,34.82499999999994]]]}},{"type":"Feature","properties":{"nearestScore":93,"avg5Score":94.0,"nearestDist":10.064,"reachMin":120.8,"walkMin":120.8,"bikeMin":40.3,"driveMin":15.1},"geometry":{"type":"Polygon","coordinates":[[[-118.09999999999981,34.82499999999994],[-118.0749999999998,34.82499999999994],[-118.0749999999998,34.84999999999994],[-118.09999999999981,34.84999999999994],[-118.09999999999981,34.82499999999994]]]}},{"type":"Feature","properties":{"nearestScore":93,"avg5Score":94.0,"nearestDist":11.501,"reachMin":138.0,"walkMin":138.0,"bikeMin":46.0,"driveMin":17.3},"geometry":{"type":"Polygon","coordinates":[[[-118.0749999999998,34.82499999999994],[-118.0499999999998,34.82499999999994],[-118.0499999999998,34.84999999999994],[-118.0749999999998,34.84999999999994],[-118.0749999999998,34.82499999999994]]]}},{"type":"Feature","properties":{"nearestScore":93,"avg5Score":94.0,"nearestDist":13.179,"reachMin":158.1,"walkMin":158.1,"bikeMin":52.7,"driveMin":19.8},"geometry":{"type":"Polygon","coordinates":[[[-118.0499999999998,34.82499999999994],[-118.02499999999979,34.82499999999994],[-118.02499999999979,34.84999999999994],[-118.0499999999998,34.84999999999994],[-118.0499999999998,34.82499999999994]]]}},{"type":"Feature","properties":{"nearestScore":93,"avg5Score":94.0,"nearestDist":15.017,"reachMin":180.2,"walkMin":180.2,"bikeMin":60.1,"driveMin":22.5},"geometry":{"type":"Polygon","coordinates":[[[-118.02499999999979,34.82499999999994],[-117.99999999999979,34.82499999999994],[-117.99999999999979,34.84999999999994],[-118.02499999999979,34.84999999999994],[-118.02499999999979,34.82499999999994]]]}},{"type":"Feature","properties":{"nearestScore":96,"avg5Score":92.0,"nearestDist":16.829,"reachMin":201.9,"walkMin":201.9,"bikeMin":67.3,"driveMin":25.2},"geometry":{"type":"Polygon","coordinates":[[[-117.99999999999979,34.82499999999994],[-117.97499999999978,34.82499999999994],[-117.97499999999978,34.84999999999994],[-117.99999999999979,34.84999999999994],[-117.99999999999979,34.82499999999994]]]}},{"type":"Feature","properties":{"nearestScore":96,"avg5Score":92.0,"nearestDist":17.813,"reachMin":213.8,"walkMin":213.8,"bikeMin":71.3,"driveMin":26.7},"geometry":{"type":"Polygon","coordinates":[[[-117.97499999999978,34.82499999999994],[-117.94999999999978,34.82499999999994],[-117.94999999999978,34.84999999999994],[-117.97499999999978,34.84999999999994],[-117.97499999999978,34.82499999999994]]]}},{"type":"Feature","properties":{"nearestScore":94,"avg5Score":92.0,"nearestDist":16.614,"reachMin":199.4,"walkMin":199.4,"bikeMin":66.5,"driveMin":24.9},"geometry":{"type":"Polygon","coordinates":[[[-117.94999999999978,34.82499999999994],[-117.92499999999977,34.82499999999994],[-117.92499999999977,34.84999999999994],[-117.94999999999978,34.84999999999994],[-117.94999999999978,34.82499999999994]]]}},{"type":"Feature","properties":{"nearestScore":94,"avg5Score":92.0,"nearestDist":14.665,"reachMin":176.0,"walkMin":176.0,"bikeMin":58.7,"driveMin":22.0},"geometry":{"type":"Polygon","coordinates":[[[-117.92499999999977,34.82499999999994],[-117.89999999999976,34.82499999999994],[-117.89999999999976,34.84999999999994],[-117.92499999999977,34.84999999999994],[-117.92499999999977,34.82499999999994]]]}},{"type":"Feature","properties":{"nearestScore":94,"avg5Score":93.4,"nearestDist":12.828,"reachMin":153.9,"walkMin":153.9,"bikeMin":51.3,"driveMin":19.2},"geometry":{"type":"Polygon","coordinates":[[[-117.89999999999976,34.82499999999994],[-117.87499999999976,34.82499999999994],[-117.87499999999976,34.84999999999994],[-117.89999999999976,34.84999999999994],[-117.89999999999976,34.82499999999994]]]}},{"type":"Feature","properties":{"nearestScore":94,"avg5Score":91.4,"nearestDist":11.156,"reachMin":133.9,"walkMin":133.9,"bikeMin":44.6,"driveMin":16.7},"geometry":{"type":"Polygon","coordinates":[[[-117.87499999999976,34.82499999999994],[-117.84999999999975,34.82499999999994],[-117.84999999999975,34.84999999999994],[-117.87499999999976,34.84999999999994],[-117.87499999999976,34.82499999999994]]]}},{"type":"Feature","properties":{"nearestScore":94,"avg5Score":93.8,"nearestDist":9.735,"reachMin":116.8,"walkMin":116.8,"bikeMin":38.9,"driveMin":14.6},"geometry":{"type":"Polygon","coordinates":[[[-117.84999999999975,34.82499999999994],[-117.82499999999975,34.82499999999994],[-117.82499999999975,34.84999999999994],[-117.84999999999975,34.84999999999994],[-117.84999999999975,34.82499999999994]]]}},{"type":"Feature","properties":{"nearestScore":94,"avg5Score":94.0,"nearestDist":8.69,"reachMin":104.3,"walkMin":104.3,"bikeMin":34.8,"driveMin":13.0},"geometry":{"type":"Polygon","coordinates":[[[-117.82499999999975,34.82499999999994],[-117.79999999999974,34.82499999999994],[-117.79999999999974,34.84999999999994],[-117.82499999999975,34.84999999999994],[-117.82499999999975,34.82499999999994]]]}},{"type":"Feature","properties":{"nearestScore":94,"avg5Score":94.0,"nearestDist":8.165,"reachMin":98.0,"walkMin":98.0,"bikeMin":32.7,"driveMin":12.2},"geometry":{"type":"Polygon","coordinates":[[[-117.79999999999974,34.82499999999994],[-117.77499999999974,34.82499999999994],[-117.77499999999974,34.84999999999994],[-117.79999999999974,34.84999999999994],[-117.79999999999974,34.82499999999994]]]}},{"type":"Feature","properties":{"nearestScore":94,"avg5Score":94.0,"nearestDist":8.262,"reachMin":99.1,"walkMin":99.1,"bikeMin":33.0,"driveMin":12.4},"geometry":{"type":"Polygon","coordinates":[[[-117.77499999999974,34.82499999999994],[-117.74999999999973,34.82499999999994],[-117.74999999999973,34.84999999999994],[-117.77499999999974,34.84999999999994],[-117.77499999999974,34.82499999999994]]]}},{"type":"Feature","properties":{"nearestScore":94,"avg5Score":94.0,"nearestDist":8.959,"reachMin":107.5,"walkMin":107.5,"bikeMin":35.8,"driveMin":13.4},"geometry":{"type":"Polygon","coordinates":[[[-117.74999999999973,34.82499999999994],[-117.72499999999972,34.82499999999994],[-117.72499999999972,34.84999999999994],[-117.74999999999973,34.84999999999994],[-117.74999999999973,34.82499999999994]]]}},{"type":"Feature","properties":{"nearestScore":94,"avg5Score":94.0,"nearestDist":10.134,"reachMin":121.6,"walkMin":121.6,"bikeMin":40.5,"driveMin":15.2},"geometry":{"type":"Polygon","coordinates":[[[-117.72499999999972,34.82499999999994],[-117.69999999999972,34.82499999999994],[-117.69999999999972,34.84999999999994],[-117.72499999999972,34.84999999999994],[-117.72499999999972,34.82499999999994]]]}},{"type":"Feature","properties":{"nearestScore":94,"avg5Score":94.0,"nearestDist":11.642,"reachMin":139.7,"walkMin":139.7,"bikeMin":46.6,"driveMin":17.5},"geometry":{"type":"Polygon","coordinates":[[[-117.69999999999972,34.82499999999994],[-117.67499999999971,34.82499999999994],[-117.67499999999971,34.84999999999994],[-117.69999999999972,34.84999999999994],[-117.69999999999972,34.82499999999994]]]}},{"type":"Feature","properties":{"nearestScore":94,"avg5Score":94.0,"nearestDist":13.372,"reachMin":160.5,"walkMin":160.5,"bikeMin":53.5,"driveMin":20.1},"geometry":{"type":"Polygon","coordinates":[[[-117.67499999999971,34.82499999999994],[-117.64999999999971,34.82499999999994],[-117.64999999999971,34.84999999999994],[-117.67499999999971,34.84999999999994],[-117.67499999999971,34.82499999999994]]]}},{"type":"Feature","properties":{"nearestScore":92,"avg5Score":94.8,"nearestDist":6.844,"reachMin":82.1,"walkMin":82.1,"bikeMin":27.4,"driveMin":10.3},"geometry":{"type":"Polygon","coordinates":[[[-118.84999999999998,34.84999999999994],[-118.82499999999997,34.84999999999994],[-118.82499999999997,34.874999999999936],[-118.84999999999998,34.874999999999936],[-118.84999999999998,34.84999999999994]]]}},{"type":"Feature","properties":{"nearestScore":92,"avg5Score":95.0,"nearestDist":8.569,"reachMin":102.8,"walkMin":102.8,"bikeMin":34.3,"driveMin":12.9},"geometry":{"type":"Polygon","coordinates":[[[-118.82499999999997,34.84999999999994],[-118.79999999999997,34.84999999999994],[-118.79999999999997,34.874999999999936],[-118.82499999999997,34.874999999999936],[-118.82499999999997,34.84999999999994]]]}},{"type":"Feature","properties":{"nearestScore":92,"avg5Score":95.0,"nearestDist":10.507,"reachMin":126.1,"walkMin":126.1,"bikeMin":42.0,"driveMin":15.8},"geometry":{"type":"Polygon","coordinates":[[[-118.79999999999997,34.84999999999994],[-118.77499999999996,34.84999999999994],[-118.77499999999996,34.874999999999936],[-118.79999999999997,34.874999999999936],[-118.79999999999997,34.84999999999994]]]}},{"type":"Feature","properties":{"nearestScore":92,"avg5Score":95.0,"nearestDist":12.562,"reachMin":150.7,"walkMin":150.7,"bikeMin":50.2,"driveMin":18.8},"geometry":{"type":"Polygon","coordinates":[[[-118.77499999999996,34.84999999999994],[-118.74999999999996,34.84999999999994],[-118.74999999999996,34.874999999999936],[-118.77499999999996,34.874999999999936],[-118.77499999999996,34.84999999999994]]]}},{"type":"Feature","properties":{"nearestScore":92,"avg5Score":95.0,"nearestDist":14.684,"reachMin":176.2,"walkMin":176.2,"bikeMin":58.7,"driveMin":22.0},"geometry":{"type":"Polygon","coordinates":[[[-118.74999999999996,34.84999999999994],[-118.72499999999995,34.84999999999994],[-118.72499999999995,34.874999999999936],[-118.74999999999996,34.874999999999936],[-118.74999999999996,34.84999999999994]]]}},{"type":"Feature","properties":{"nearestScore":92,"avg5Score":95.0,"nearestDist":16.847,"reachMin":202.2,"walkMin":202.2,"bikeMin":67.4,"driveMin":25.3},"geometry":{"type":"Polygon","coordinates":[[[-118.72499999999995,34.84999999999994],[-118.69999999999995,34.84999999999994],[-118.69999999999995,34.874999999999936],[-118.72499999999995,34.874999999999936],[-118.72499999999995,34.84999999999994]]]}},{"type":"Feature","properties":{"nearestScore":92,"avg5Score":95.0,"nearestDist":19.038,"reachMin":228.5,"walkMin":228.5,"bikeMin":76.2,"driveMin":28.6},"geometry":{"type":"Polygon","coordinates":[[[-118.69999999999995,34.84999999999994],[-118.67499999999994,34.84999999999994],[-118.67499999999994,34.874999999999936],[-118.69999999999995,34.874999999999936],[-118.69999999999995,34.84999999999994]]]}},{"type":"Feature","properties":{"nearestScore":92,"avg5Score":95.0,"nearestDist":21.248,"reachMin":255.0,"walkMin":255.0,"bikeMin":85.0,"driveMin":31.9},"geometry":{"type":"Polygon","coordinates":[[[-118.67499999999994,34.84999999999994],[-118.64999999999993,34.84999999999994],[-118.64999999999993,34.874999999999936],[-118.67499999999994,34.874999999999936],[-118.67499999999994,34.84999999999994]]]}},{"type":"Feature","properties":{"nearestScore":92,"avg5Score":95.0,"nearestDist":23.472,"reachMin":281.7,"walkMin":281.7,"bikeMin":93.9,"driveMin":35.2},"geometry":{"type":"Polygon","coordinates":[[[-118.64999999999993,34.84999999999994],[-118.62499999999993,34.84999999999994],[-118.62499999999993,34.874999999999936],[-118.64999999999993,34.874999999999936],[-118.64999999999993,34.84999999999994]]]}},{"type":"Feature","properties":{"nearestScore":93,"avg5Score":94.4,"nearestDist":24.327,"reachMin":291.9,"walkMin":291.9,"bikeMin":97.3,"driveMin":36.5},"geometry":{"type":"Polygon","coordinates":[[[-118.62499999999993,34.84999999999994],[-118.59999999999992,34.84999999999994],[-118.59999999999992,34.874999999999936],[-118.62499999999993,34.874999999999936],[-118.62499999999993,34.84999999999994]]]}},{"type":"Feature","properties":{"nearestScore":93,"avg5Score":94.4,"nearestDist":23.108,"reachMin":277.3,"walkMin":277.3,"bikeMin":92.4,"driveMin":34.7},"geometry":{"type":"Polygon","coordinates":[[[-118.59999999999992,34.84999999999994],[-118.57499999999992,34.84999999999994],[-118.57499999999992,34.874999999999936],[-118.59999999999992,34.874999999999936],[-118.59999999999992,34.84999999999994]]]}},{"type":"Feature","properties":{"nearestScore":93,"avg5Score":94.0,"nearestDist":22.059,"reachMin":264.7,"walkMin":264.7,"bikeMin":88.2,"driveMin":33.1},"geometry":{"type":"Polygon","coordinates":[[[-118.57499999999992,34.84999999999994],[-118.54999999999991,34.84999999999994],[-118.54999999999991,34.874999999999936],[-118.57499999999992,34.874999999999936],[-118.57499999999992,34.84999999999994]]]}},{"type":"Feature","properties":{"nearestScore":93,"avg5Score":93.0,"nearestDist":21.205,"reachMin":254.5,"walkMin":254.5,"bikeMin":84.8,"driveMin":31.8},"geometry":{"type":"Polygon","coordinates":[[[-118.54999999999991,34.84999999999994],[-118.5249999999999,34.84999999999994],[-118.5249999999999,34.874999999999936],[-118.54999999999991,34.874999999999936],[-118.54999999999991,34.84999999999994]]]}},{"type":"Feature","properties":{"nearestScore":93,"avg5Score":93.0,"nearestDist":20.57,"reachMin":246.8,"walkMin":246.8,"bikeMin":82.3,"driveMin":30.9},"geometry":{"type":"Polygon","coordinates":[[[-118.5249999999999,34.84999999999994],[-118.4999999999999,34.84999999999994],[-118.4999999999999,34.874999999999936],[-118.5249999999999,34.874999999999936],[-118.5249999999999,34.84999999999994]]]}},{"type":"Feature","properties":{"nearestScore":93,"avg5Score":93.0,"nearestDist":20.175,"reachMin":242.1,"walkMin":242.1,"bikeMin":80.7,"driveMin":30.3},"geometry":{"type":"Polygon","coordinates":[[[-118.4999999999999,34.84999999999994],[-118.4749999999999,34.84999999999994],[-118.4749999999999,34.874999999999936],[-118.4999999999999,34.874999999999936],[-118.4999999999999,34.84999999999994]]]}},{"type":"Feature","properties":{"nearestScore":90,"avg5Score":93.0,"nearestDist":19.928,"reachMin":239.1,"walkMin":239.1,"bikeMin":79.7,"driveMin":29.9},"geometry":{"type":"Polygon","coordinates":[[[-118.4749999999999,34.84999999999994],[-118.44999999999989,34.84999999999994],[-118.44999999999989,34.874999999999936],[-118.4749999999999,34.874999999999936],[-118.4749999999999,34.84999999999994]]]}},{"type":"Feature","properties":{"nearestScore":91,"avg5Score":93.0,"nearestDist":18.171,"reachMin":218.1,"walkMin":218.1,"bikeMin":72.7,"driveMin":27.3},"geometry":{"type":"Polygon","coordinates":[[[-118.44999999999989,34.84999999999994],[-118.42499999999988,34.84999999999994],[-118.42499999999988,34.874999999999936],[-118.44999999999989,34.874999999999936],[-118.44999999999989,34.84999999999994]]]}},{"type":"Feature","properties":{"nearestScore":91,"avg5Score":93.0,"nearestDist":16.525,"reachMin":198.3,"walkMin":198.3,"bikeMin":66.1,"driveMin":24.8},"geometry":{"type":"Polygon","coordinates":[[[-118.42499999999988,34.84999999999994],[-118.39999999999988,34.84999999999994],[-118.39999999999988,34.874999999999936],[-118.42499999999988,34.874999999999936],[-118.42499999999988,34.84999999999994]]]}},{"type":"Feature","properties":{"nearestScore":91,"avg5Score":90.2,"nearestDist":15.045,"reachMin":180.5,"walkMin":180.5,"bikeMin":60.2,"driveMin":22.6},"geometry":{"type":"Polygon","coordinates":[[[-118.39999999999988,34.84999999999994],[-118.37499999999987,34.84999999999994],[-118.37499999999987,34.874999999999936],[-118.39999999999988,34.874999999999936],[-118.39999999999988,34.84999999999994]]]}},{"type":"Feature","properties":{"nearestScore":91,"avg5Score":91.2,"nearestDist":13.787,"reachMin":165.4,"walkMin":165.4,"bikeMin":55.1,"driveMin":20.7},"geometry":{"type":"Polygon","coordinates":[[[-118.37499999999987,34.84999999999994],[-118.34999999999987,34.84999999999994],[-118.34999999999987,34.874999999999936],[-118.37499999999987,34.874999999999936],[-118.37499999999987,34.84999999999994]]]}},{"type":"Feature","properties":{"nearestScore":91,"avg5Score":91.2,"nearestDist":12.814,"reachMin":153.8,"walkMin":153.8,"bikeMin":51.3,"driveMin":19.2},"geometry":{"type":"Polygon","coordinates":[[[-118.34999999999987,34.84999999999994],[-118.32499999999986,34.84999999999994],[-118.32499999999986,34.874999999999936],[-118.34999999999987,34.874999999999936],[-118.34999999999987,34.84999999999994]]]}},{"type":"Feature","properties":{"nearestScore":91,"avg5Score":91.2,"nearestDist":12.196,"reachMin":146.4,"walkMin":146.4,"bikeMin":48.8,"driveMin":18.3},"geometry":{"type":"Polygon","coordinates":[[[-118.32499999999986,34.84999999999994],[-118.29999999999986,34.84999999999994],[-118.29999999999986,34.874999999999936],[-118.32499999999986,34.874999999999936],[-118.32499999999986,34.84999999999994]]]}},{"type":"Feature","properties":{"nearestScore":91,"avg5Score":92.4,"nearestDist":11.988,"reachMin":143.9,"walkMin":143.9,"bikeMin":48.0,"driveMin":18.0},"geometry":{"type":"Polygon","coordinates":[[[-118.29999999999986,34.84999999999994],[-118.27499999999985,34.84999999999994],[-118.27499999999985,34.874999999999936],[-118.29999999999986,34.874999999999936],[-118.29999999999986,34.84999999999994]]]}},{"type":"Feature","properties":{"nearestScore":91,"avg5Score":92.4,"nearestDist":12.211,"reachMin":146.5,"walkMin":146.5,"bikeMin":48.8,"driveMin":18.3},"geometry":{"type":"Polygon","coordinates":[[[-118.27499999999985,34.84999999999994],[-118.24999999999984,34.84999999999994],[-118.24999999999984,34.874999999999936],[-118.27499999999985,34.874999999999936],[-118.27499999999985,34.84999999999994]]]}},{"type":"Feature","properties":{"nearestScore":98,"avg5Score":92.4,"nearestDist":12.834,"reachMin":154.0,"walkMin":154.0,"bikeMin":51.3,"driveMin":19.3},"geometry":{"type":"Polygon","coordinates":[[[-118.24999999999984,34.84999999999994],[-118.22499999999984,34.84999999999994],[-118.22499999999984,34.874999999999936],[-118.24999999999984,34.874999999999936],[-118.24999999999984,34.84999999999994]]]}},{"type":"Feature","properties":{"nearestScore":98,"avg5Score":92.8,"nearestDist":11.863,"reachMin":142.4,"walkMin":142.4,"bikeMin":47.5,"driveMin":17.8},"geometry":{"type":"Polygon","coordinates":[[[-118.22499999999984,34.84999999999994],[-118.19999999999983,34.84999999999994],[-118.19999999999983,34.874999999999936],[-118.22499999999984,34.874999999999936],[-118.22499999999984,34.84999999999994]]]}},{"type":"Feature","properties":{"nearestScore":98,"avg5Score":92.8,"nearestDist":11.277,"reachMin":135.3,"walkMin":135.3,"bikeMin":45.1,"driveMin":16.9},"geometry":{"type":"Polygon","coordinates":[[[-118.19999999999983,34.84999999999994],[-118.17499999999983,34.84999999999994],[-118.17499999999983,34.874999999999936],[-118.19999999999983,34.874999999999936],[-118.19999999999983,34.84999999999994]]]}},{"type":"Feature","properties":{"nearestScore":92,"avg5Score":94.0,"nearestDist":11.121,"reachMin":133.5,"walkMin":133.5,"bikeMin":44.5,"driveMin":16.7},"geometry":{"type":"Polygon","coordinates":[[[-118.17499999999983,34.84999999999994],[-118.14999999999982,34.84999999999994],[-118.14999999999982,34.874999999999936],[-118.17499999999983,34.874999999999936],[-118.17499999999983,34.84999999999994]]]}},{"type":"Feature","properties":{"nearestScore":93,"avg5Score":94.0,"nearestDist":11.163,"reachMin":134.0,"walkMin":134.0,"bikeMin":44.7,"driveMin":16.7},"geometry":{"type":"Polygon","coordinates":[[[-118.14999999999982,34.84999999999994],[-118.12499999999982,34.84999999999994],[-118.12499999999982,34.874999999999936],[-118.14999999999982,34.874999999999936],[-118.14999999999982,34.84999999999994]]]}},{"type":"Feature","properties":{"nearestScore":93,"avg5Score":94.0,"nearestDist":11.609,"reachMin":139.3,"walkMin":139.3,"bikeMin":46.4,"driveMin":17.4},"geometry":{"type":"Polygon","coordinates":[[[-118.12499999999982,34.84999999999994],[-118.09999999999981,34.84999999999994],[-118.09999999999981,34.874999999999936],[-118.12499999999982,34.874999999999936],[-118.12499999999982,34.84999999999994]]]}},{"type":"Feature","properties":{"nearestScore":93,"avg5Score":94.0,"nearestDist":12.463,"reachMin":149.6,"walkMin":149.6,"bikeMin":49.9,"driveMin":18.7},"geometry":{"type":"Polygon","coordinates":[[[-118.09999999999981,34.84999999999994],[-118.0749999999998,34.84999999999994],[-118.0749999999998,34.874999999999936],[-118.09999999999981,34.874999999999936],[-118.09999999999981,34.84999999999994]]]}},{"type":"Feature","properties":{"nearestScore":93,"avg5Score":94.0,"nearestDist":13.649,"reachMin":163.8,"walkMin":163.8,"bikeMin":54.6,"driveMin":20.5},"geometry":{"type":"Polygon","coordinates":[[[-118.0749999999998,34.84999999999994],[-118.0499999999998,34.84999999999994],[-118.0499999999998,34.874999999999936],[-118.0749999999998,34.874999999999936],[-118.0749999999998,34.84999999999994]]]}},{"type":"Feature","properties":{"nearestScore":93,"avg5Score":94.0,"nearestDist":15.09,"reachMin":181.1,"walkMin":181.1,"bikeMin":60.4,"driveMin":22.6},"geometry":{"type":"Polygon","coordinates":[[[-118.0499999999998,34.84999999999994],[-118.02499999999979,34.84999999999994],[-118.02499999999979,34.874999999999936],[-118.0499999999998,34.874999999999936],[-118.0499999999998,34.84999999999994]]]}},{"type":"Feature","properties":{"nearestScore":93,"avg5Score":94.0,"nearestDist":16.719,"reachMin":200.6,"walkMin":200.6,"bikeMin":66.9,"driveMin":25.1},"geometry":{"type":"Polygon","coordinates":[[[-118.02499999999979,34.84999999999994],[-117.99999999999979,34.84999999999994],[-117.99999999999979,34.874999999999936],[-118.02499999999979,34.874999999999936],[-118.02499999999979,34.84999999999994]]]}},{"type":"Feature","properties":{"nearestScore":93,"avg5Score":94.0,"nearestDist":18.486,"reachMin":221.8,"walkMin":221.8,"bikeMin":73.9,"driveMin":27.7},"geometry":{"type":"Polygon","coordinates":[[[-117.99999999999979,34.84999999999994],[-117.97499999999978,34.84999999999994],[-117.97499999999978,34.874999999999936],[-117.99999999999979,34.874999999999936],[-117.99999999999979,34.84999999999994]]]}},{"type":"Feature","properties":{"nearestScore":94,"avg5Score":92.2,"nearestDist":20.005,"reachMin":240.1,"walkMin":240.1,"bikeMin":80.0,"driveMin":30.0},"geometry":{"type":"Polygon","coordinates":[[[-117.97499999999978,34.84999999999994],[-117.94999999999978,34.84999999999994],[-117.94999999999978,34.874999999999936],[-117.97499999999978,34.874999999999936],[-117.97499999999978,34.84999999999994]]]}},{"type":"Feature","properties":{"nearestScore":94,"avg5Score":92.0,"nearestDist":18.135,"reachMin":217.6,"walkMin":217.6,"bikeMin":72.5,"driveMin":27.2},"geometry":{"type":"Polygon","coordinates":[[[-117.94999999999978,34.84999999999994],[-117.92499999999977,34.84999999999994],[-117.92499999999977,34.874999999999936],[-117.94999999999978,34.874999999999936],[-117.94999999999978,34.84999999999994]]]}},{"type":"Feature","properties":{"nearestScore":94,"avg5Score":92.0,"nearestDist":16.369,"reachMin":196.4,"walkMin":196.4,"bikeMin":65.5,"driveMin":24.6},"geometry":{"type":"Polygon","coordinates":[[[-117.92499999999977,34.84999999999994],[-117.89999999999976,34.84999999999994],[-117.89999999999976,34.874999999999936],[-117.92499999999977,34.874999999999936],[-117.92499999999977,34.84999999999994]]]}},{"type":"Feature","properties":{"nearestScore":94,"avg5Score":92.0,"nearestDist":14.746,"reachMin":177.0,"walkMin":177.0,"bikeMin":59.0,"driveMin":22.1},"geometry":{"type":"Polygon","coordinates":[[[-117.89999999999976,34.84999999999994],[-117.87499999999976,34.84999999999994],[-117.87499999999976,34.874999999999936],[-117.89999999999976,34.874999999999936],[-117.89999999999976,34.84999999999994]]]}},{"type":"Feature","properties":{"nearestScore":94,"avg5Score":91.4,"nearestDist":13.317,"reachMin":159.8,"walkMin":159.8,"bikeMin":53.3,"driveMin":20.0},"geometry":{"type":"Polygon","coordinates":[[[-117.87499999999976,34.84999999999994],[-117.84999999999975,34.84999999999994],[-117.84999999999975,34.874999999999936],[-117.87499999999976,34.874999999999936],[-117.87499999999976,34.84999999999994]]]}},{"type":"Feature","properties":{"nearestScore":94,"avg5Score":91.4,"nearestDist":12.152,"reachMin":145.8,"walkMin":145.8,"bikeMin":48.6,"driveMin":18.2},"geometry":{"type":"Polygon","coordinates":[[[-117.84999999999975,34.84999999999994],[-117.82499999999975,34.84999999999994],[-117.82499999999975,34.874999999999936],[-117.84999999999975,34.874999999999936],[-117.84999999999975,34.84999999999994]]]}},{"type":"Feature","properties":{"nearestScore":94,"avg5Score":94.0,"nearestDist":11.332,"reachMin":136.0,"walkMin":136.0,"bikeMin":45.3,"driveMin":17.0},"geometry":{"type":"Polygon","coordinates":[[[-117.82499999999975,34.84999999999994],[-117.79999999999974,34.84999999999994],[-117.79999999999974,34.874999999999936],[-117.82499999999975,34.874999999999936],[-117.82499999999975,34.84999999999994]]]}},{"type":"Feature","properties":{"nearestScore":94,"avg5Score":94.0,"nearestDist":10.936,"reachMin":131.2,"walkMin":131.2,"bikeMin":43.7,"driveMin":16.4},"geometry":{"type":"Polygon","coordinates":[[[-117.79999999999974,34.84999999999994],[-117.77499999999974,34.84999999999994],[-117.77499999999974,34.874999999999936],[-117.79999999999974,34.874999999999936],[-117.79999999999974,34.84999999999994]]]}},{"type":"Feature","properties":{"nearestScore":94,"avg5Score":94.0,"nearestDist":11.008,"reachMin":132.1,"walkMin":132.1,"bikeMin":44.0,"driveMin":16.5},"geometry":{"type":"Polygon","coordinates":[[[-117.77499999999974,34.84999999999994],[-117.74999999999973,34.84999999999994],[-117.74999999999973,34.874999999999936],[-117.77499999999974,34.874999999999936],[-117.77499999999974,34.84999999999994]]]}},{"type":"Feature","properties":{"nearestScore":94,"avg5Score":94.0,"nearestDist":11.54,"reachMin":138.5,"walkMin":138.5,"bikeMin":46.2,"driveMin":17.3},"geometry":{"type":"Polygon","coordinates":[[[-117.74999999999973,34.84999999999994],[-117.72499999999972,34.84999999999994],[-117.72499999999972,34.874999999999936],[-117.74999999999973,34.874999999999936],[-117.74999999999973,34.84999999999994]]]}},{"type":"Feature","properties":{"nearestScore":94,"avg5Score":94.0,"nearestDist":12.474,"reachMin":149.7,"walkMin":149.7,"bikeMin":49.9,"driveMin":18.7},"geometry":{"type":"Polygon","coordinates":[[[-117.72499999999972,34.84999999999994],[-117.69999999999972,34.84999999999994],[-117.69999999999972,34.874999999999936],[-117.72499999999972,34.874999999999936],[-117.72499999999972,34.84999999999994]]]}},{"type":"Feature","properties":{"nearestScore":94,"avg5Score":94.0,"nearestDist":13.727,"reachMin":164.7,"walkMin":164.7,"bikeMin":54.9,"driveMin":20.6},"geometry":{"type":"Polygon","coordinates":[[[-117.69999999999972,34.84999999999994],[-117.67499999999971,34.84999999999994],[-117.67499999999971,34.874999999999936],[-117.69999999999972,34.874999999999936],[-117.69999999999972,34.84999999999994]]]}},{"type":"Feature","properties":{"nearestScore":94,"avg5Score":94.0,"nearestDist":15.221,"reachMin":182.7,"walkMin":182.7,"bikeMin":60.9,"driveMin":22.8},"geometry":{"type":"Polygon","coordinates":[[[-117.67499999999971,34.84999999999994],[-117.64999999999971,34.84999999999994],[-117.64999999999971,34.874999999999936],[-117.67499999999971,34.874999999999936],[-117.67499999999971,34.84999999999994]]]}}]}