{"type": "FeatureCollection", "features": [{"type": "Feature", "properties": {"GEOID": "06037432401", "durationMin": 1.7, "distKm": 0.27, "targetScore": 99, "walkMin": 3.9, "bikeMin": 1.3, "driveMin": 0.5}, "geometry": {"type": "LineString", "coordinates": [[-118.022632, 34.09076], [-118.02273, 34.090403], [-118.022775, 34.090241], [-118.023525, 34.090309], [-118.023576, 34.090314], [-118.023801, 34.090334], [-118.023815, 34.090336], [-118.024076, 34.090359], [-118.02434, 34.090383], [-118.024627, 34.09041], [-118.02487, 34.090436], [-118.025135, 34.090465], [-118.02605, 34.090564], [-118.026178, 34.090567], [-118.026279, 34.090557], [-118.02648, 34.090498], [-118.026611, 34.090479], [-118.026735, 34.090489], [-118.026844, 34.090499], [-118.026567, 34.091312], [-118.026481, 34.091564], [-118.026447, 34.091664], [-118.026416, 34.091756], [-118.026411, 34.09177], [-118.02635, 34.091962], [-118.026336, 34.0921], [-118.026213, 34.092088], [-118.025921, 34.092059], [-118.02562, 34.09203], [-118.025641, 34.091951]]}}, {"type": "Feature", "properties": {"GEOID": "06037542501", "durationMin": 1.8, "distKm": 0.26, "targetScore": 95, "walkMin": 1.8, "bikeMin": 0.6, "driveMin": 0.2}, "geometry": {"type": "LineString", "coordinates": [[-118.235392, 33.890664], [-118.235383, 33.890284], [-118.234559, 33.890305], [-118.233744, 33.890298], [-118.232817, 33.890291], [-118.232805, 33.889749], [-118.232811, 33.88938], [-118.232806, 33.888537], [-118.233303, 33.888534], [-118.234457, 33.888527], [-118.235203, 33.888523], [-118.235428, 33.888517], [-118.2357, 33.88852], [-118.236216, 33.888526], [-118.236371, 33.888524]]}}, {"type": "Feature", "properties": {"GEOID": "06037432402", "durationMin": 1.5, "distKm": 0.63, "targetScore": 94, "walkMin": 3.9, "bikeMin": 1.3, "driveMin": 0.5}, "geometry": {"type": "LineString", "coordinates": [[-118.028824, 34.085026], [-118.02903, 34.084277], [-118.029709, 34.084412], [-118.029905, 34.084451], [-118.030056, 34.084481], [-118.030422, 34.084557], [-118.030671, 34.084609], [-118.030812, 34.084639], [-118.030927, 34.084464], [-118.031018, 34.08429], [-118.031031, 34.084258], [-118.031062, 34.084185], [-118.031095, 34.084109], [-118.031127, 34.084006], [-118.031154, 34.083921], [-118.031208, 34.083743], [-118.031272, 34.083546], [-118.031366, 34.083251], [-118.031495, 34.082845], [-118.031596, 34.082519], [-118.031678, 34.082256], [-118.031733, 34.08208], [-118.031911, 34.081511], [-118.032059, 34.081038], [-118.032349, 34.080446], [-118.032372, 34.080401], [-118.032474, 34.080193]]}}, {"type": "Feature", "properties": {"GEOID": "06037901003", "durationMin": 7.2, "distKm": 0.87, "targetScore": 90, "walkMin": 20.9, "bikeMin": 7.0, "driveMin": 2.6}, "geometry": {"type": "LineString", "coordinates": [[-118.227609, 34.693193], [-118.227608, 34.691827], [-118.227608, 34.691375], [-118.227876, 34.691376], [-118.227872, 34.690881], [-118.229353, 34.690881], [-118.229388, 34.690881], [-118.229456, 34.690893], [-118.229871, 34.691058], [-118.232092, 34.691941], [-118.232139, 34.691966], [-118.232152, 34.69198], [-118.232174, 34.692003], [-118.233057, 34.693675], [-118.23308, 34.693734], [-118.233092, 34.693786], [-118.233089, 34.693859], [-118.233073, 34.693934], [-118.232397, 34.695683], [-118.232346, 34.695722], [-118.232477, 34.69577], [-118.233102, 34.695947], [-118.23322, 34.695987], [-118.233285, 34.696035], [-118.233346, 34.696106], [-118.233379, 34.696181], [-118.233387, 34.696245], [-118.233385, 34.696479], [-118.233381, 34.696952], [-118.233397, 34.697153], [-118.235075, 34.697157], [-118.235103, 34.697157], [-118.235426, 34.697213], [-118.235618, 34.697212], [-118.235745, 34.69721], [-118.236159, 34.697157], [-118.236534, 34.697162], [-118.236667, 34.697163], [-118.236661, 34.696134]]}}, {"type": "Feature", "properties": {"GEOID": "06037432300", "durationMin": 2.6, "distKm": 0.55, "targetScore": 98, "walkMin": 6.3, "bikeMin": 2.1, "driveMin": 0.8}, "geometry": {"type": "LineString", "coordinates": [[-118.046474, 34.086577], [-118.046345, 34.086903], [-118.046366, 34.086908], [-118.046409, 34.086931], [-118.046441, 34.086965], [-118.046458, 34.087005], [-118.046457, 34.087048], [-118.046448, 34.08707], [-118.046764, 34.087159], [-118.047361, 34.087327], [-118.047684, 34.087418], [-118.048085, 34.087531], [-118.048499, 34.087642], [-118.048485, 34.087676], [-118.048046, 34.088774], [-118.047907, 34.089123], [-118.048036, 34.08916], [-118.049129, 34.089479], [-118.049214, 34.089503], [-118.049033, 34.089951], [-118.048965, 34.090174], [-118.048929, 34.090295], [-118.048912, 34.090348], [-118.048906, 34.090376], [-118.048882, 34.090488], [-118.048872, 34.090573], [-118.048871, 34.090581], [-118.048868, 34.090599], [-118.048848, 34.090714], [-118.04899, 34.090702], [-118.049112, 34.090683], [-118.049132, 34.09068], [-118.049377, 34.090643], [-118.049425, 34.090636], [-118.049584, 34.090611], [-118.049647, 34.090602], [-118.049649, 34.090602]]}}, {"type": "Feature", "properties": {"GEOID": "06037570502", "durationMin": 2.9, "distKm": 1.46, "targetScore": 92, "walkMin": 11.9, "bikeMin": 4.0, "driveMin": 1.5}, "geometry": {"type": "LineString", "coordinates": [[-118.166802, 33.867403], [-118.168606, 33.867395], [-118.168596, 33.866972], [-118.168598, 33.866494], [-118.168598, 33.866112], [-118.168597, 33.865987], [-118.168597, 33.865636], [-118.168597, 33.865581], [-118.168595, 33.864222], [-118.168593, 33.863746], [-118.16859, 33.863437], [-118.168585, 33.862859], [-118.168582, 33.862669], [-118.16858, 33.862606], [-118.16858, 33.862579], [-118.168576, 33.862218], [-118.168573, 33.86196], [-118.168573, 33.861916], [-118.168566, 33.861602], [-118.168566, 33.861402], [-118.168566, 33.861339], [-118.168629, 33.861217], [-118.168628, 33.860853], [-118.168628, 33.860809], [-118.168629, 33.860583], [-118.168631, 33.860327], [-118.168631, 33.860306], [-118.168631, 33.860142], [-118.168631, 33.85999], [-118.168629, 33.859682], [-118.168629, 33.859572], [-118.168623, 33.858609], [-118.168622, 33.858346], [-118.168621, 33.857873], [-118.168615, 33.857659], [-118.168616, 33.857234], [-118.168614, 33.856933], [-118.168609, 33.856543], [-118.168599, 33.856336], [-118.168567, 33.856175], [-118.168533, 33.856061], [-118.168498, 33.85593], [-118.168481, 33.855868], [-118.168377, 33.855601], [-118.168322, 33.855486], [-118.16821, 33.855251], [-118.168134, 33.855093], [-118.168092, 33.855007], [-118.168006, 33.85482], [-118.167951, 33.854701], [-118.167893, 33.854551], [-118.167839, 33.854412], [-118.167794, 33.85427], [-118.167751, 33.853979], [-118.167739, 33.853871], [-118.167728, 33.853743], [-118.167727, 33.853719], [-118.167578, 33.853723], [-118.16758, 33.853828], [-118.167605, 33.853991], [-118.167626, 33.854122], [-118.167652, 33.854249], [-118.167672, 33.854347]]}}, {"type": "Feature", "properties": {"GEOID": "06037432601", "durationMin": 1.5, "distKm": 0.38, "targetScore": 90, "walkMin": 3.9, "bikeMin": 1.3, "driveMin": 0.5}, "geometry": {"type": "LineString", "coordinates": [[-118.014347, 34.081989], [-118.015147, 34.082269], [-118.015217, 34.08213], [-118.01524, 34.082083], [-118.015311, 34.081939], [-118.015326, 34.081911], [-118.015496, 34.081569], [-118.015629, 34.081398], [-118.015761, 34.081229], [-118.016397, 34.081448], [-118.016628, 34.081527], [-118.017062, 34.081677], [-118.017333, 34.08177], [-118.017526, 34.081833], [-118.017812, 34.081932], [-118.018112, 34.082035], [-118.01833, 34.082109], [-118.018576, 34.082194], [-118.018602, 34.082203], [-118.018712, 34.082201], [-118.018663, 34.082297], [-118.018526, 34.08258], [-118.018001, 34.083654]]}}, {"type": "Feature", "properties": {"GEOID": "06037461600", "durationMin": 4.1, "distKm": 2.22, "targetScore": 93, "walkMin": 27.0, "bikeMin": 9.0, "driveMin": 3.4}, "geometry": {"type": "LineString", "coordinates": [[-118.156874, 34.162052], [-118.156845, 34.16205], [-118.156699, 34.162029], [-118.156562, 34.161993], [-118.156423, 34.161939], [-118.156254, 34.161858], [-118.156107, 34.161782], [-118.156078, 34.161767], [-118.155933, 34.161691], [-118.155747, 34.161596], [-118.155614, 34.161529], [-118.155398, 34.161419], [-118.155212, 34.161321], [-118.154977, 34.161211], [-118.15489, 34.161184], [-118.154779, 34.161167], [-118.154726, 34.161159], [-118.154671, 34.161156], [-118.154602, 34.161155], [-118.154544, 34.161158], [-118.154522, 34.161162], [-118.154355, 34.161187], [-118.154307, 34.161196], [-118.154105, 34.161237], [-118.154004, 34.161257], [-118.153915, 34.161272], [-118.153586, 34.161328], [-118.152849, 34.161427], [-118.152128, 34.161465], [-118.152027, 34.161464], [-118.151443, 34.161468], [-118.151242, 34.161468], [-118.151149, 34.16147], [-118.151054, 34.16147], [-118.15076, 34.161472], [-118.150608, 34.161473], [-118.150611, 34.161593], [-118.150615, 34.161808], [-118.150621, 34.162077], [-118.150626, 34.162316], [-118.150641, 34.16303], [-118.150642, 34.163088], [-118.150644, 34.163452], [-118.150644, 34.163567], [-118.150645, 34.163682], [-118.150637, 34.164836], [-118.150642, 34.16505], [-118.150643, 34.165085], [-118.150645, 34.165189], [-118.150643, 34.1653], [-118.150642, 34.16532], [-118.15064, 34.165479], [-118.15064, 34.165531], [-118.150662, 34.165932], [-118.150665, 34.166469], [-118.150666, 34.166697], [-118.150672, 34.16698], [-118.150673, 34.167318], [-118.150661, 34.167716], [-118.150663, 34.168079], [-118.150665, 34.168419], [-118.150666, 34.168724], [-118.150667, 34.168844], [-118.15067, 34.168962], [-118.150675, 34.169145], [-118.150676, 34.169163], [-118.15068, 34.169327], [-118.15069, 34.169665], [-118.150691, 34.169687], [-118.150693, 34.169783], [-118.150695, 34.169847], [-118.150694, 34.170251], [-118.150691, 34.170534], [-118.150691, 34.170589], [-118.15069, 34.170661], [-118.150691, 34.170776], [-118.150691, 34.170939], [-118.150693, 34.1711], [-118.150693, 34.171281], [-118.150699, 34.17197], [-118.150702, 34.172457], [-118.150703, 34.172528], [-118.150703, 34.172588], [-118.150707, 34.172899], [-118.150708, 34.173278], [-118.150713, 34.173434], [-118.150717, 34.173854], [-118.150725, 34.174512], [-118.150726, 34.174698], [-118.150733, 34.175542], [-118.150737, 34.176026], [-118.150742, 34.17652], [-118.150742, 34.176576], [-118.150747, 34.177068], [-118.150754, 34.177781], [-118.150755, 34.177883], [-118.150755, 34.177903], [-118.150756, 34.177971], [-118.150755, 34.178137], [-118.150753, 34.178293], [-118.150753, 34.178349], [-118.150754, 34.178382], [-118.150761, 34.179387], [-118.150762, 34.179488], [-118.150768, 34.180385], [-118.15077, 34.18065], [-118.150772, 34.180835], [-118.150772, 34.180898], [-118.150773, 34.180967], [-118.150775, 34.181168], [-118.150788, 34.181708], [-118.15079, 34.181808]]}}, {"type": "Feature", "properties": {"GEOID": "06037461400", "durationMin": 3.4, "distKm": 1.36, "targetScore": 94, "walkMin": 15.2, "bikeMin": 5.1, "driveMin": 1.9}, "geometry": {"type": "LineString", "coordinates": [[-118.124673, 34.172081], [-118.124533, 34.172082], [-118.124454, 34.172091], [-118.124373, 34.172107], [-118.124165, 34.17216], [-118.124078, 34.172173], [-118.123994, 34.172185], [-118.123904, 34.172198], [-118.123759, 34.172198], [-118.123362, 34.172164], [-118.123156, 34.172165], [-118.123169, 34.173358], [-118.123167, 34.173709], [-118.123168, 34.174538], [-118.123171, 34.174621], [-118.123172, 34.174707], [-118.123182, 34.175586], [-118.123187, 34.175913], [-118.123195, 34.17626], [-118.123192, 34.176546], [-118.123199, 34.176881], [-118.123201, 34.177174], [-118.123204, 34.177345], [-118.1232, 34.177721], [-118.123204, 34.1784], [-118.123204, 34.178468], [-118.123125, 34.178468], [-118.121622, 34.178479], [-118.121531, 34.17848], [-118.121444, 34.17848], [-118.118763, 34.178498], [-118.11846, 34.1785], [-118.118126, 34.178501], [-118.11696, 34.178513], [-118.116674, 34.178511], [-118.116031, 34.178514], [-118.115983, 34.178515], [-118.115891, 34.178516], [-118.11581, 34.178516], [-118.113285, 34.17853], [-118.11267, 34.178534], [-118.112605, 34.178534], [-118.112565, 34.178534], [-118.11219, 34.178536], [-118.112066, 34.178537], [-118.112059, 34.178595]]}}, {"type": "Feature", "properties": {"GEOID": "06037576401", "durationMin": 4.0, "distKm": 1.7, "targetScore": 90, "walkMin": 5.5, "bikeMin": 1.8, "driveMin": 0.7}, "geometry": {"type": "LineString", "coordinates": [[-118.178506, 33.778978], [-118.178685, 33.778978], [-118.179079, 33.77898], [-118.179552, 33.778982], [-118.180126, 33.778981], [-118.180702, 33.778983], [-118.180701, 33.779667], [-118.180697, 33.780802], [-118.180693, 33.781233], [-118.180691, 33.781669], [-118.180693, 33.78212], [-118.180693, 33.782245], [-118.180693, 33.782261], [-118.180695, 33.782335], [-118.180698, 33.782613], [-118.180693, 33.783029], [-118.180693, 33.783066], [-118.180693, 33.783158], [-118.180692, 33.784382], [-118.180693, 33.78445], [-118.180693, 33.784879], [-118.180693, 33.785779], [-118.180692, 33.78603], [-118.180691, 33.786214], [-118.180689, 33.787139], [-118.180676, 33.788046], [-118.180664, 33.788697], [-118.180668, 33.78936], [-118.180667, 33.789566], [-118.180666, 33.789866], [-118.181163, 33.789865], [-118.181258, 33.789867], [-118.181604, 33.78987], [-118.181769, 33.78987], [-118.181884, 33.789868], [-118.182084, 33.789869], [-118.18232, 33.789866], [-118.182666, 33.789869], [-118.182859, 33.789871], [-118.183159, 33.78987], [-118.183431, 33.789867], [-118.183695, 33.789868], [-118.183966, 33.78987], [-118.184507, 33.789869], [-118.185023, 33.789868], [-118.185603, 33.789867], [-118.185637, 33.789867], [-118.185898, 33.789867], [-118.186131, 33.789869], [-118.186382, 33.789866], [-118.186639, 33.789869], [-118.186694, 33.789871], [-118.187207, 33.789869], [-118.187536, 33.789869], [-118.187771, 33.789868], [-118.188141, 33.789868], [-118.188657, 33.789868], [-118.188713, 33.789868], [-118.188932, 33.789871], [-118.189142, 33.789869], [-118.189177, 33.789868], [-118.18926, 33.789869], [-118.189345, 33.789868], [-118.189432, 33.789869], [-118.189495, 33.789868], [-118.189605, 33.789868], [-118.189637, 33.789868], [-118.190272, 33.789868], [-118.190535, 33.789868], [-118.190603, 33.789868], [-118.190796, 33.789869], [-118.1911, 33.78987], [-118.191316, 33.78987], [-118.191567, 33.789871]]}}, {"type": "Feature", "properties": {"GEOID": "06037461700", "durationMin": 19.4, "distKm": 2.58, "targetScore": 91, "walkMin": 27.0, "bikeMin": 9.0, "driveMin": 3.4}, "geometry": {"type": "LineString", "coordinates": [[-118.165514, 34.158835], [-118.165525, 34.158836], [-118.165912, 34.158857], [-118.166265, 34.158876], [-118.166445, 34.158886], [-118.166471, 34.159006], [-118.166501, 34.159142], [-118.166548, 34.159172], [-118.166682, 34.159243], [-118.16677, 34.15916], [-118.166906, 34.159047], [-118.16701, 34.159052], [-118.167067, 34.159071], [-118.16718, 34.159091], [-118.167313, 34.159082], [-118.167428, 34.15905], [-118.167484, 34.159026], [-118.167526, 34.158999], [-118.16755, 34.158965], [-118.167558, 34.158932], [-118.167556, 34.158893], [-118.167539, 34.158854], [-118.16743, 34.158714], [-118.167369, 34.158573], [-118.167354, 34.158479], [-118.167349, 34.158391], [-118.167361, 34.15825], [-118.167489, 34.157776], [-118.16753, 34.157569], [-118.167559, 34.15736], [-118.167567, 34.157015], [-118.167524, 34.156632], [-118.167473, 34.156384], [-118.167463, 34.156337], [-118.167438, 34.156244], [-118.167795, 34.156149], [-118.16792, 34.15612], [-118.168139, 34.156073], [-118.168317, 34.156034], [-118.168423, 34.15601], [-118.168493, 34.155994], [-118.168609, 34.155955], [-118.168892, 34.15582], [-118.169016, 34.155761], [-118.168587, 34.15516], [-118.168516, 34.15506], [-118.168292, 34.154754], [-118.168131, 34.154527], [-118.168086, 34.154466], [-118.168048, 34.1544], [-118.16801, 34.154332], [-118.167965, 34.154217], [-118.167919, 34.154075], [-118.167891, 34.153932], [-118.167875, 34.153781], [-118.167875, 34.153652], [-118.167871, 34.153531], [-118.167903, 34.153397], [-118.167941, 34.153263], [-118.16799, 34.15316], [-118.168051, 34.153085], [-118.168112, 34.15301], [-118.167975, 34.152916], [-118.167833, 34.152801], [-118.167692, 34.152686], [-118.167561, 34.152563], [-118.167462, 34.152459], [-118.167335, 34.152302], [-118.167226, 34.152157], [-118.167112, 34.151969], [-118.167082, 34.151917], [-118.166987, 34.151734], [-118.166915, 34.151566], [-118.166857, 34.151385], [-118.166812, 34.151197], [-118.166795, 34.151105], [-118.166782, 34.151007], [-118.166779, 34.150886], [-118.166785, 34.150762], [-118.166825, 34.150238], [-118.166818, 34.150155], [-118.166819, 34.150047], [-118.166807, 34.14996], [-118.166805, 34.149949], [-118.166779, 34.149857], [-118.166766, 34.149816], [-118.166713, 34.149723], [-118.166655, 34.149638], [-118.166539, 34.149503], [-118.166475, 34.149307], [-118.166436, 34.149209], [-118.166392, 34.149068], [-118.16634, 34.148907], [-118.166301, 34.148718], [-118.166288, 34.148627], [-118.166293, 34.148523], [-118.166315, 34.148402], [-118.166341, 34.148329], [-118.166384, 34.148238], [-118.166446, 34.148136], [-118.167004, 34.147517], [-118.167087, 34.147367], [-118.167162, 34.147241], [-118.167217, 34.147122], [-118.167264, 34.14699], [-118.167297, 34.146856], [-118.167407, 34.14638], [-118.167485, 34.146156], [-118.16764, 34.145609], [-118.167687, 34.145433], [-118.167773, 34.145289], [-118.167855, 34.145203], [-118.167974, 34.145108], [-118.169901, 34.144085], [-118.17013, 34.143976], [-118.170369, 34.143867], [-118.170692, 34.143753], [-118.170935, 34.143669], [-118.171035, 34.143634], [-118.17115, 34.143588], [-118.171538, 34.143401], [-118.171985, 34.143181], [-118.172242, 34.143065], [-118.173078, 34.142707], [-118.173666, 34.142363], [-118.174218, 34.142175], [-118.174496, 34.142075], [-118.175458, 34.14178], [-118.176208, 34.141599], [-118.17707, 34.141427], [-118.17781, 34.141348], [-118.178761, 34.141301], [-118.17942, 34.141312], [-118.180134, 34.141361], [-118.18027, 34.141372], [-118.18072, 34.141401], [-118.181218, 34.141465], [-118.181612, 34.141529], [-118.182059, 34.141622], [-118.182488, 34.141742], [-118.182977, 34.141899], [-118.183164, 34.141966], [-118.183707, 34.142161], [-118.184342, 34.142417], [-118.185284, 34.142837], [-118.185836, 34.143098], [-118.186683, 34.143495], [-118.191215, 34.145623], [-118.191756, 34.145875], [-118.192328, 34.146141], [-118.192925, 34.146431], [-118.19535, 34.147548], [-118.19579, 34.147735], [-118.196225, 34.147881], [-118.196579, 34.147975], [-118.196987, 34.148072], [-118.197518, 34.148157], [-118.198006, 34.148201], [-118.198553, 34.148214], [-118.199063, 34.148192], [-118.199605, 34.14813], [-118.200033, 34.148068], [-118.20057, 34.147957], [-118.201069, 34.147797], [-118.203097, 34.146995], [-118.205516, 34.146066], [-118.205921, 34.145938], [-118.206426, 34.145787], [-118.206941, 34.145659], [-118.207479, 34.14555], [-118.207978, 34.145455], [-118.208381, 34.145392], [-118.208984, 34.145323], [-118.20971, 34.145275], [-118.211135, 34.145204], [-118.214714, 34.145048], [-118.216561, 34.145096], [-118.217505, 34.145145], [-118.218142, 34.145175], [-118.218494, 34.145205], [-118.218877, 34.145241], [-118.219323, 34.145287], [-118.219736, 34.145339], [-118.220395, 34.145432], [-118.220757, 34.145489], [-118.22237, 34.14578], [-118.223031, 34.145915], [-118.224051, 34.146187], [-118.224669, 34.146347], [-118.225476, 34.146576], [-118.22567, 34.146722], [-118.226538, 34.147077], [-118.227408, 34.147431], [-118.227711, 34.147579], [-118.227921, 34.147698], [-118.228538, 34.148047], [-118.228352, 34.148293], [-118.228247, 34.148436], [-118.228126, 34.148606], [-118.22805, 34.148714], [-118.227978, 34.148809], [-118.227923, 34.14888], [-118.227874, 34.148941], [-118.227811, 34.149026], [-118.227714, 34.149158], [-118.22754, 34.149392], [-118.227442, 34.149524], [-118.227126, 34.149923], [-118.227011, 34.150088], [-118.226999, 34.150104], [-118.226791, 34.150403], [-118.226736, 34.150479], [-118.22668, 34.150567], [-118.226584, 34.150728], [-118.226509, 34.150876], [-118.226454, 34.151012], [-118.2264, 34.151178], [-118.226316, 34.151466], [-118.22627, 34.151639], [-118.226206, 34.151828], [-118.226091, 34.152029], [-118.225955, 34.152238], [-118.225844, 34.152404], [-118.225778, 34.152501], [-118.225642, 34.152457], [-118.225322, 34.152355], [-118.225156, 34.152303], [-118.224977, 34.152247], [-118.224424, 34.152074], [-118.22428, 34.15203], [-118.224125, 34.151981], [-118.223746, 34.151865], [-118.223633, 34.15183], [-118.223545, 34.151802], [-118.222787, 34.151565], [-118.222745, 34.151551], [-118.222559, 34.151504], [-118.222388, 34.15146], [-118.222016, 34.151384], [-118.221996, 34.15138], [-118.220121, 34.151028], [-118.21925, 34.150903], [-118.218379, 34.150776], [-118.218121, 34.150726], [-118.217906, 34.150666], [-118.217694, 34.150599], [-118.217528, 34.150517], [-118.217377, 34.150433], [-118.217177, 34.15031], [-118.216919, 34.150142], [-118.216747, 34.150042], [-118.216597, 34.149973], [-118.216415, 34.149904], [-118.216222, 34.149842], [-118.215972, 34.149795], [-118.215714, 34.149754], [-118.215058, 34.149685], [-118.214494, 34.149617], [-118.214181, 34.149586], [-118.213937, 34.149579], [-118.213727, 34.149587], [-118.213529, 34.149611], [-118.213268, 34.149656], [-118.212984, 34.149731], [-118.212686, 34.149832], [-118.212432, 34.149952], [-118.211442, 34.150504], [-118.210874, 34.150817], [-118.210632, 34.150957], [-118.210327, 34.151118], [-118.210095, 34.151217], [-118.209747, 34.151363], [-118.209523, 34.151454], [-118.209292, 34.151568], [-118.209004, 34.151731], [-118.208906, 34.151782], [-118.208465, 34.152023], [-118.208111, 34.152182], [-118.207409, 34.152473], [-118.206965, 34.152658], [-118.206797, 34.152712], [-118.206639, 34.152764], [-118.206267, 34.152814], [-118.205775, 34.15288], [-118.205524, 34.152894], [-118.20533, 34.152886], [-118.20492, 34.152829], [-118.204301, 34.152737], [-118.204159, 34.152727], [-118.203992, 34.152716], [-118.203889, 34.152719], [-118.20362, 34.152738], [-118.20325, 34.152768], [-118.202987, 34.152807], [-118.202849, 34.152884], [-118.20273, 34.152956], [-118.202631, 34.153034], [-118.202564, 34.153121], [-118.202491, 34.153225], [-118.202451, 34.153351], [-118.202416, 34.153735], [-118.202414, 34.153968], [-118.202454, 34.154166], [-118.202524, 34.154328], [-118.202626, 34.154488], [-118.20276, 34.154643], [-118.202905, 34.154765], [-118.203076, 34.154859], [-118.203283, 34.154923], [-118.203637, 34.155012], [-118.204224, 34.155158], [-118.204412, 34.155223], [-118.204602, 34.155347], [-118.204742, 34.155493], [-118.205061, 34.155935], [-118.205187, 34.15609], [-118.205292, 34.15619], [-118.205415, 34.156299], [-118.205549, 34.15639], [-118.205665, 34.156434], [-118.205957, 34.156517], [-118.206217, 34.156574], [-118.206418, 34.156605], [-118.206576, 34.156608], [-118.20674, 34.156576], [-118.207094, 34.156508], [-118.207714, 34.156428], [-118.20796, 34.156406], [-118.208116, 34.156406], [-118.208258, 34.156426], [-118.2084, 34.156472], [-118.208521, 34.15653], [-118.208642, 34.15661], [-118.208746, 34.156721], [-118.208832, 34.156834], [-118.208873, 34.156902], [-118.209066, 34.157225], [-118.209127, 34.157347], [-118.209143, 34.157473], [-118.209133, 34.157582], [-118.20909, 34.157691], [-118.209041, 34.157779], [-118.208948, 34.157859], [-118.208846, 34.157935], [-118.208738, 34.157984], [-118.20861, 34.158019], [-118.208489, 34.158026], [-118.20836, 34.158024], [-118.208234, 34.158004], [-118.208119, 34.157966], [-118.207966, 34.157877], [-118.2078, 34.157746], [-118.207628, 34.157613], [-118.207496, 34.157542], [-118.207325, 34.157469], [-118.207185, 34.157422], [-118.207038, 34.157387], [-118.206863, 34.15738], [-118.206678, 34.157409], [-118.206528, 34.157458], [-118.206405, 34.157529], [-118.206298, 34.157615], [-118.206198, 34.15772], [-118.206115, 34.157839], [-118.206053, 34.157957], [-118.206005, 34.158088], [-118.2059, 34.158493], [-118.205828, 34.158612], [-118.20575, 34.158703], [-118.205632, 34.158796], [-118.20552, 34.15886], [-118.205359, 34.158907], [-118.20392, 34.159198], [-118.203819, 34.159209], [-118.203685, 34.159211], [-118.203436, 34.159187], [-118.202878, 34.159127], [-118.202668, 34.159113], [-118.202518, 34.159133], [-118.202347, 34.159182], [-118.202191, 34.159258], [-118.202128, 34.159305], [-118.202073, 34.159346], [-118.20199, 34.159437], [-118.201928, 34.159555], [-118.201866, 34.15975], [-118.201802, 34.160083], [-118.201727, 34.160321], [-118.201633, 34.160478], [-118.201547, 34.160618], [-118.201443, 34.160731], [-118.201287, 34.160851], [-118.2005, 34.161312], [-118.200289, 34.161419], [-118.199987, 34.161547], [-118.19966, 34.161643], [-118.199231, 34.161734], [-118.199075, 34.161757], [-118.198919, 34.161781], [-118.198701, 34.161797], [-118.198488, 34.161799], [-118.198243, 34.161797], [-118.197944, 34.161773], [-118.197674, 34.161752], [-118.197473, 34.161739], [-118.197286, 34.161726], [-118.197258, 34.161588], [-118.197183, 34.161528], [-118.196895, 34.161426], [-118.196439, 34.161119], [-118.196397, 34.161069], [-118.196412, 34.161031], [-118.19647, 34.160981], [-118.196382, 34.160942], [-118.196357, 34.160919], [-118.196359, 34.160879], [-118.196508, 34.160801], [-118.196593, 34.16075], [-118.196749, 34.160618], [-118.196827, 34.160481], [-118.196892, 34.160309], [-118.196965, 34.160073], [-118.197059, 34.159869], [-118.197091, 34.159747], [-118.197135, 34.15962], [-118.197156, 34.159457], [-118.197135, 34.159243], [-118.197097, 34.159202], [-118.197044, 34.159187], [-118.196896, 34.15923], [-118.196814, 34.159306], [-118.196786, 34.159416], [-118.196756, 34.159653], [-118.196664, 34.159804], [-118.196542, 34.159931], [-118.196447, 34.160002], [-118.196317, 34.160063], [-118.196208, 34.160137], [-118.195943, 34.160335], [-118.19583, 34.160402], [-118.195198, 34.160748], [-118.195057, 34.160823], [-118.194952, 34.160896], [-118.194951, 34.16097], [-118.194991, 34.16108], [-118.195008, 34.16114], [-118.195017, 34.161186], [-118.194987, 34.161204], [-118.194946, 34.161188], [-118.194889, 34.161153], [-118.194831, 34.161125], [-118.194761, 34.161123], [-118.194708, 34.161176], [-118.194709, 34.161242], [-118.194684, 34.161293], [-118.194583, 34.16136], [-118.194478, 34.161429], [-118.194305, 34.161487], [-118.194189, 34.161503], [-118.194073, 34.161496], [-118.194073, 34.161496]]}}, {"type": "Feature", "properties": {"GEOID": "06037430400", "durationMin": 2.2, "distKm": 1.36, "targetScore": 96, "walkMin": 15.3, "bikeMin": 5.1, "driveMin": 1.9}, "geometry": {"type": "LineString", "coordinates": [[-118.025675, 34.163333], [-118.02578, 34.162937], [-118.025981, 34.162396], [-118.026175, 34.161974], [-118.026384, 34.161562], [-118.026657, 34.161106], [-118.026826, 34.160871], [-118.027022, 34.160632], [-118.027192, 34.160403], [-118.027408, 34.160123], [-118.027523, 34.159954], [-118.027694, 34.159635], [-118.027782, 34.159439], [-118.027864, 34.159203], [-118.027924, 34.15897], [-118.027975, 34.158717], [-118.028009, 34.158421], [-118.028026, 34.158279], [-118.028054, 34.158145], [-118.028081, 34.158052], [-118.028093, 34.15801], [-118.02816, 34.157876], [-118.028254, 34.15775], [-118.028365, 34.157626], [-118.028653, 34.157288], [-118.028695, 34.157242], [-118.028744, 34.157185], [-118.028781, 34.157108], [-118.028795, 34.157053], [-118.028799, 34.157005], [-118.028793, 34.156905], [-118.02879, 34.156823], [-118.028759, 34.155024], [-118.028758, 34.154989], [-118.02875, 34.154556], [-118.02873, 34.152923], [-118.028728, 34.152836], [-118.028722, 34.152745], [-118.028715, 34.152649], [-118.028704, 34.152521], [-118.028663, 34.152374], [-118.028619, 34.152241], [-118.028592, 34.152117], [-118.028581, 34.151807], [-118.028573, 34.151515], [-118.028573, 34.151469], [-118.028559, 34.151153], [-118.028558, 34.151138], [-118.028552, 34.151054], [-118.028547, 34.150973], [-118.028459, 34.150971], [-118.028414, 34.150972], [-118.028065, 34.150977], [-118.028012, 34.151016], [-118.027928, 34.151022], [-118.027858, 34.151029], [-118.027625, 34.151035], [-118.027604, 34.151037], [-118.02758, 34.151037], [-118.027443, 34.15104], [-118.027374, 34.151041], [-118.027167, 34.151045], [-118.027026, 34.151047], [-118.026903, 34.15105]]}}, {"type": "Feature", "properties": {"GEOID": "06037400206", "durationMin": 2.8, "distKm": 1.09, "targetScore": 90, "walkMin": 22.5, "bikeMin": 7.5, "driveMin": 2.8}, "geometry": {"type": "LineString", "coordinates": [[-117.714721, 34.127937], [-117.714755, 34.127364], [-117.714808, 34.126905], [-117.714676, 34.126579], [-117.714533, 34.126114], [-117.715855, 34.126102], [-117.715856, 34.125624], [-117.715859, 34.12489], [-117.715869, 34.123849], [-117.715872, 34.122978], [-117.715887, 34.122104], [-117.715889, 34.122008], [-117.715886, 34.121591], [-117.713671, 34.121598], [-117.713224, 34.121606], [-117.71307, 34.121553], [-117.712251, 34.121556], [-117.712091, 34.121603], [-117.711519, 34.121605], [-117.710672, 34.121615], [-117.710202, 34.121618], [-117.71007, 34.121565], [-117.709598, 34.121568], [-117.709413, 34.121616], [-117.708874, 34.12162], [-117.707961, 34.12162], [-117.707155, 34.12162], [-117.706434, 34.121617], [-117.706227, 34.121616], [-117.705894, 34.121615]]}}, {"type": "Feature", "properties": {"GEOID": "06037291110", "durationMin": 2.5, "distKm": 0.49, "targetScore": 91, "walkMin": 5.4, "bikeMin": 1.8, "driveMin": 0.7}, "geometry": {"type": "LineString", "coordinates": [[-118.286821, 33.920069], [-118.286988, 33.920069], [-118.28698, 33.920879], [-118.286984, 33.92112], [-118.286979, 33.921643], [-118.286975, 33.922057], [-118.286975, 33.922196], [-118.286971, 33.922791], [-118.28697, 33.923112], [-118.286967, 33.923611], [-118.286966, 33.923708], [-118.286886, 33.923709], [-118.286537, 33.92371], [-118.286479, 33.923711], [-118.28603, 33.923713], [-118.284888, 33.923719], [-118.284792, 33.923719], [-118.284726, 33.923719], [-118.283974, 33.923722], [-118.283895, 33.923722], [-118.283639, 33.923723], [-118.28357, 33.923723], [-118.283349, 33.923724], [-118.283127, 33.923725], [-118.282918, 33.923725], [-118.282771, 33.923726], [-118.282566, 33.923719], [-118.28259, 33.923609], [-118.282595, 33.923584], [-118.282608, 33.923505], [-118.282635, 33.923342], [-118.282642, 33.923296], [-118.282695, 33.922978], [-118.28272, 33.922818], [-118.282775, 33.922508], [-118.282879, 33.921813], [-118.282904, 33.921648], [-118.282928, 33.921487], [-118.28303, 33.920899], [-118.283035, 33.92087], [-118.28304, 33.920759], [-118.283052, 33.920021], [-118.283063, 33.919518], [-118.283058, 33.919455], [-118.283046, 33.919314], [-118.283003, 33.918801], [-118.282946, 33.918207], [-118.282924, 33.917973], [-118.282877, 33.917613], [-118.282847, 33.917327], [-118.282836, 33.917229]]}}, {"type": "Feature", "properties": {"GEOID": "06037291130", "durationMin": 1.3, "distKm": 0.36, "targetScore": 97, "walkMin": 5.4, "bikeMin": 1.8, "driveMin": 0.7}, "geometry": {"type": "LineString", "coordinates": [[-118.28717, 33.902446], [-118.287199, 33.902311], [-118.287199, 33.902191], [-118.287197, 33.902057], [-118.287197, 33.902028], [-118.287181, 33.901956], [-118.287306, 33.901955], [-118.288512, 33.901949], [-118.289328, 33.901958], [-118.289604, 33.901965], [-118.289779, 33.901966], [-118.28989, 33.901966], [-118.290192, 33.901968], [-118.290551, 33.901967], [-118.290698, 33.901969], [-118.290909, 33.901968], [-118.291078, 33.901967], [-118.29117, 33.901966], [-118.291468, 33.901967], [-118.291626, 33.901968], [-118.291946, 33.901967], [-118.292092, 33.901965], [-118.292498, 33.901967], [-118.293146, 33.901971], [-118.293772, 33.901962], [-118.293889, 33.90196], [-118.293887, 33.901845], [-118.293236, 33.901848], [-118.29295, 33.901846], [-118.292118, 33.901843], [-118.291947, 33.901842], [-118.291627, 33.90184], [-118.291169, 33.901838], [-118.29092, 33.901837]]}}, {"type": "Feature", "properties": {"GEOID": "06037291210", "durationMin": 1.6, "distKm": 0.44, "targetScore": 98, "walkMin": 5.2, "bikeMin": 1.7, "driveMin": 0.6}, "geometry": {"type": "LineString", "coordinates": [[-118.287292, 33.888681], [-118.2873, 33.888809], [-118.287309, 33.888992], [-118.28757, 33.888986], [-118.287607, 33.889467], [-118.287688, 33.889739], [-118.287696, 33.889836], [-118.287715, 33.890037], [-118.28773, 33.890559], [-118.287737, 33.890765], [-118.287772, 33.891598], [-118.287771, 33.891681], [-118.287585, 33.891686], [-118.287324, 33.891693], [-118.287328, 33.891781], [-118.287342, 33.892096], [-118.287357, 33.892466], [-118.287358, 33.892477], [-118.287363, 33.892603], [-118.286909, 33.892616]]}}, {"type": "Feature", "properties": {"GEOID": "06037291220", "durationMin": 1.5, "distKm": 0.45, "targetScore": 92, "walkMin": 5.2, "bikeMin": 1.7, "driveMin": 0.6}, "geometry": {"type": "LineString", "coordinates": [[-118.286662, 33.87714], [-118.286681, 33.877659], [-118.287523, 33.877631], [-118.288386, 33.877616], [-118.288415, 33.877846], [-118.288549, 33.87802], [-118.288785, 33.878091], [-118.288999, 33.878078], [-118.28908, 33.878074], [-118.289917, 33.878047], [-118.290566, 33.878032], [-118.291123, 33.878019], [-118.291144, 33.878411], [-118.291159, 33.878704], [-118.291164, 33.878795], [-118.291167, 33.878859]]}}, {"type": "Feature", "properties": {"GEOID": "06037291300", "durationMin": 3.2, "distKm": 0.67, "targetScore": 99, "walkMin": 6.1, "bikeMin": 2.0, "driveMin": 0.8}, "geometry": {"type": "LineString", "coordinates": [[-118.295129, 33.864213], [-118.294877, 33.864213], [-118.291545, 33.864216], [-118.291388, 33.864228], [-118.291268, 33.864261], [-118.291112, 33.86432], [-118.29097, 33.864427], [-118.291051, 33.864535], [-118.291083, 33.864657], [-118.291046, 33.864797], [-118.290982, 33.864864], [-118.290955, 33.864892], [-118.290848, 33.864945], [-118.290536, 33.864966], [-118.290532, 33.86432], [-118.290531, 33.86419], [-118.290529, 33.863815], [-118.290526, 33.863212], [-118.29053, 33.862475], [-118.29053, 33.861997], [-118.29053, 33.861949], [-118.29053, 33.861756], [-118.290528, 33.861557], [-118.290528, 33.861482], [-118.290528, 33.861337], [-118.290527, 33.860923], [-118.290527, 33.860548], [-118.290538, 33.859911], [-118.290616, 33.859819], [-118.290615, 33.85955], [-118.290615, 33.858998], [-118.290614, 33.858923], [-118.290529, 33.858866], [-118.290718, 33.858777], [-118.290822, 33.858727], [-118.290964, 33.858662], [-118.291177, 33.858564], [-118.291243, 33.858541], [-118.291277, 33.858529], [-118.291518, 33.858456], [-118.291602, 33.858432], [-118.291741, 33.858396], [-118.291986, 33.858355], [-118.292106, 33.858341], [-118.292227, 33.858327], [-118.292801, 33.858324], [-118.29313, 33.858323], [-118.293166, 33.858322], [-118.293474, 33.858321], [-118.293646, 33.85832]]}}, {"type": "Feature", "properties": {"GEOID": "06037310701", "durationMin": 0.2, "distKm": 0.14, "targetScore": 93, "walkMin": 2.4, "bikeMin": 0.8, "driveMin": 0.3}, "geometry": {"type": "LineString", "coordinates": [[-118.312714, 34.185299], [-118.312954, 34.185071], [-118.313212, 34.184827], [-118.313262, 34.184783], [-118.31356, 34.184519], [-118.313645, 34.184444], [-118.313703, 34.184391]]}}, {"type": "Feature", "properties": {"GEOID": "06037408627", "durationMin": 6.3, "distKm": 1.44, "targetScore": 100, "walkMin": 3.9, "bikeMin": 1.3, "driveMin": 0.5}, "geometry": {"type": "LineString", "coordinates": [[-117.924691, 33.977169], [-117.924892, 33.977281], [-117.925065, 33.977361], [-117.925151, 33.97742], [-117.925327, 33.977556], [-117.925548, 33.977811], [-117.925653, 33.978016], [-117.925707, 33.978165], [-117.925743, 33.978366], [-117.925745, 33.978561], [-117.925706, 33.979153], [-117.925666, 33.979697], [-117.925671, 33.979894], [-117.925709, 33.980124], [-117.925756, 33.980448], [-117.925763, 33.980566], [-117.925752, 33.98071], [-117.925727, 33.98085], [-117.925683, 33.981005], [-117.925601, 33.981294], [-117.925532, 33.98177], [-117.925273, 33.983522], [-117.925261, 33.983732], [-117.925245, 33.98452], [-117.925216, 33.984669], [-117.925174, 33.984812], [-117.925112, 33.984949], [-117.924903, 33.985243], [-117.924672, 33.985443], [-117.922605, 33.986945], [-117.922561, 33.986986], [-117.922212, 33.987314], [-117.922126, 33.987445], [-117.922047, 33.987596], [-117.921992, 33.987793], [-117.921957, 33.987993], [-117.921871, 33.988661], [-117.922741, 33.988722], [-117.92348, 33.988773], [-117.923645, 33.988803], [-117.923788, 33.988847], [-117.923914, 33.988902], [-117.924043, 33.988974], [-117.924155, 33.989058], [-117.924327, 33.989255], [-117.924406, 33.989414], [-117.924448, 33.989498], [-117.924479, 33.989636], [-117.924482, 33.98977], [-117.924461, 33.989934], [-117.924377, 33.990325], [-117.92437, 33.990346], [-117.924351, 33.99043], [-117.92433, 33.990542], [-117.924473, 33.990554], [-117.924489, 33.990556], [-117.925154, 33.990615], [-117.926263, 33.990719], [-117.926683, 33.990759], [-117.926781, 33.990767], [-117.928556, 33.990926], [-117.928984, 33.990964], [-117.929077, 33.990973], [-117.92997, 33.991054], [-117.930113, 33.991066], [-117.930269, 33.991078], [-117.930538, 33.991087], [-117.930801, 33.991082], [-117.930915, 33.991075], [-117.931053, 33.991065], [-117.931332, 33.991032], [-117.931415, 33.991021], [-117.931618, 33.990994], [-117.931639, 33.990992], [-117.931785, 33.990979], [-117.931945, 33.990963], [-117.931882, 33.990846], [-117.931888, 33.990742], [-117.931889, 33.990728], [-117.931901, 33.990527], [-117.931929, 33.990322], [-117.931956, 33.99019], [-117.931983, 33.990057], [-117.932054, 33.989807], [-117.93219, 33.989431], [-117.932406, 33.988958], [-117.932519, 33.988707], [-117.932611, 33.98856], [-117.932648, 33.9885], [-117.932959, 33.988105], [-117.93318, 33.987801], [-117.933453, 33.987485], [-117.933905, 33.987062]]}}, {"type": "Feature", "properties": {"GEOID": "06037532302", "durationMin": 11.9, "distKm": 0.7, "targetScore": 96, "walkMin": 2.1, "bikeMin": 0.7, "driveMin": 0.3}, "geometry": {"type": "LineString", "coordinates": [[-118.175091, 34.010792], [-118.175505, 34.010813], [-118.175865, 34.010835], [-118.178222, 34.011043], [-118.186405, 34.011765], [-118.186424, 34.011444], [-118.186428, 34.011369], [-118.186431, 34.011085], [-118.186215, 34.01095], [-118.186251, 34.010824], [-118.186287, 34.010753], [-118.186322, 34.010679], [-118.186212, 34.010606], [-118.185805, 34.010402], [-118.18539, 34.010293], [-118.18481, 34.010191], [-118.184764, 34.01017], [-118.184758, 34.010124], [-118.184779, 34.009965], [-118.184787, 34.009909], [-118.184834, 34.009755], [-118.184962, 34.009733], [-118.184998, 34.009465], [-118.18502, 34.009403], [-118.185094, 34.009356], [-118.185151, 34.009233], [-118.185196, 34.009138], [-118.185164, 34.009087], [-118.185228, 34.008922], [-118.185136, 34.008891], [-118.184743, 34.008759], [-118.184196, 34.008575], [-118.183585, 34.008369], [-118.183151, 34.008222], [-118.182679, 34.008062], [-118.181148, 34.007541], [-118.180894, 34.007455], [-118.179882, 34.007111], [-118.179418, 34.006954], [-118.178902, 34.006779], [-118.176939, 34.006117], [-118.176565, 34.005991], [-118.176065, 34.005822], [-118.175237, 34.005539], [-118.174935, 34.005438], [-118.174478, 34.005287], [-118.174398, 34.005261], [-118.174275, 34.00522], [-118.174138, 34.005174], [-118.174028, 34.005136], [-118.173873, 34.005083], [-118.173624, 34.004997], [-118.173569, 34.004978], [-118.173305, 34.004886], [-118.172962, 34.004769], [-118.172417, 34.004582], [-118.17211, 34.004478], [-118.171965, 34.004429], [-118.171839, 34.004539], [-118.171826, 34.004565], [-118.171633, 34.004948], [-118.171556, 34.00513], [-118.17153, 34.005271], [-118.171539, 34.005338], [-118.171566, 34.005419], [-118.171633, 34.005514], [-118.171724, 34.005583], [-118.17185, 34.005656], [-118.171941, 34.005703], [-118.172094, 34.005774], [-118.172215, 34.005862], [-118.172284, 34.00597], [-118.172332, 34.006124], [-118.172342, 34.006272], [-118.172329, 34.00642], [-118.172342, 34.007143], [-118.172287, 34.007789], [-118.172285, 34.008211], [-118.172276, 34.00999], [-118.172266, 34.011462], [-118.172253, 34.012962], [-118.172219, 34.014534], [-118.17221, 34.01479], [-118.17221, 34.015075], [-118.172221, 34.01527], [-118.17226, 34.0155], [-118.172334, 34.015794], [-118.172452, 34.016172], [-118.172544, 34.016482], [-118.172622, 34.016903], [-118.172674, 34.017126], [-118.172691, 34.017266], [-118.172702, 34.017424], [-118.172694, 34.017684], [-118.172693, 34.017767], [-118.172665, 34.017946], [-118.172368, 34.01892], [-118.172667, 34.018923], [-118.173016, 34.018927], [-118.173779, 34.01892], [-118.173888, 34.01892], [-118.173888, 34.018766], [-118.173887, 34.01869], [-118.173887, 34.018461], [-118.173891, 34.018323], [-118.173889, 34.018181], [-118.173891, 34.018088], [-118.173893, 34.018013], [-118.173898, 34.017838], [-118.173904, 34.017651], [-118.173912, 34.017552], [-118.17392, 34.017528], [-118.173953, 34.017429], [-118.17403, 34.017308], [-118.174035, 34.017304], [-118.174805, 34.016615], [-118.17482, 34.016602], [-118.174903, 34.016529], [-118.174846, 34.016491], [-118.174823, 34.016476], [-118.174623, 34.016344], [-118.174558, 34.016302], [-118.174167, 34.016056], [-118.174056, 34.015985], [-118.173996, 34.015935], [-118.173961, 34.015886], [-118.173936, 34.015829], [-118.173927, 34.015772], [-118.173922, 34.015514], [-118.173915, 34.014633], [-118.173439, 34.014633], [-118.17288, 34.014633], [-118.171845, 34.014641], [-118.170826, 34.014642], [-118.170349, 34.014639], [-118.169808, 34.014637], [-118.169805, 34.01406]]}}, {"type": "Feature", "properties": {"GEOID": "06037532303", "durationMin": 1.4, "distKm": 0.35, "targetScore": 97, "walkMin": 5.0, "bikeMin": 1.7, "driveMin": 0.6}, "geometry": {"type": "LineString", "coordinates": [[-118.146831, 34.000754], [-118.146951, 34.000659], [-118.147087, 34.000552], [-118.147232, 34.000438], [-118.147378, 34.000323], [-118.147529, 34.000204], [-118.147657, 34.00012], [-118.147921, 34.000355], [-118.148122, 34.000322], [-118.148256, 34.000273], [-118.14837, 34.00019], [-118.147744, 33.999534], [-118.147586, 33.999368], [-118.147096, 33.998856], [-118.146876, 33.998625], [-118.146778, 33.998522], [-118.146367, 33.998093], [-118.146168, 33.997885], [-118.146156, 33.997872], [-118.146035, 33.997745], [-118.145933, 33.99764], [-118.145874, 33.99758], [-118.145711, 33.997411], [-118.14556, 33.997256]]}}, {"type": "Feature", "properties": {"GEOID": "06037532304", "durationMin": 1.9, "distKm": 0.89, "targetScore": 99, "walkMin": 10.6, "bikeMin": 3.5, "driveMin": 1.3}, "geometry": {"type": "LineString", "coordinates": [[-118.152497, 33.984789], [-118.152119, 33.984749], [-118.152101, 33.984874], [-118.153, 33.984963], [-118.153213, 33.984985], [-118.153863, 33.985058], [-118.154017, 33.985076], [-118.154785, 33.985152], [-118.155328, 33.985211], [-118.156162, 33.9853], [-118.156417, 33.985323], [-118.157004, 33.985389], [-118.157695, 33.985462], [-118.157895, 33.985483], [-118.158061, 33.985501], [-118.159471, 33.985655], [-118.159977, 33.98571], [-118.160667, 33.985773], [-118.161118, 33.98582], [-118.161852, 33.985897], [-118.161976, 33.98591], [-118.16213, 33.985926], [-118.162151, 33.98581], [-118.162192, 33.98553], [-118.162297, 33.984811], [-118.162365, 33.984377], [-118.162238, 33.984363], [-118.162135, 33.984959], [-118.162127, 33.985007]]}}, {"type": "Feature", "properties": {"GEOID": "06037532500", "durationMin": 0.6, "distKm": 0.13, "targetScore": 97, "walkMin": 1.3, "bikeMin": 0.4, "driveMin": 0.2}, "geometry": {"type": "LineString", "coordinates": [[-118.220981, 33.989708], [-118.220856, 33.989708], [-118.22086, 33.989203], [-118.220783, 33.989203], [-118.220607, 33.989203], [-118.220289, 33.989202], [-118.220178, 33.989202], [-118.219835, 33.989201], [-118.219787, 33.989201], [-118.219788, 33.989254]]}}, {"type": "Feature", "properties": {"GEOID": "06037480102", "durationMin": 1.6, "distKm": 0.53, "targetScore": 90, "walkMin": 12.0, "bikeMin": 4.0, "driveMin": 1.5}, "geometry": {"type": "LineString", "coordinates": [[-118.084972, 34.108112], [-118.085001, 34.108112], [-118.085068, 34.108113], [-118.085068, 34.108059], [-118.085058, 34.107647], [-118.085053, 34.107057], [-118.085051, 34.106868], [-118.085037, 34.106329], [-118.085036, 34.10626], [-118.085037, 34.106183], [-118.085022, 34.105342], [-118.085029, 34.105262], [-118.085032, 34.10518], [-118.085032, 34.104623], [-118.08503, 34.104414], [-118.085026, 34.104252], [-118.085025, 34.104077], [-118.085024, 34.103917], [-118.085023, 34.103877], [-118.085011, 34.1036], [-118.085007, 34.103448], [-118.085127, 34.103448], [-118.085291, 34.103449], [-118.08612, 34.103443]]}}, {"type": "Feature", "properties": {"GEOID": "06037404501", "durationMin": 1.1, "distKm": 0.37, "targetScore": 93, "walkMin": 4.4, "bikeMin": 1.5, "driveMin": 0.6}, "geometry": {"type": "LineString", "coordinates": [[-117.922028, 34.110583], [-117.920441, 34.110591], [-117.92033, 34.110592], [-117.920362, 34.10937], [-117.920398, 34.108062], [-117.920402, 34.107894], [-117.920403, 34.107869], [-117.920404, 34.107832]]}}, {"type": "Feature", "properties": {"GEOID": "06037480012", "durationMin": 1.2, "distKm": 0.4, "targetScore": 93, "walkMin": 6.7, "bikeMin": 2.2, "driveMin": 0.8}, "geometry": {"type": "LineString", "coordinates": [[-118.073986, 34.117916], [-118.073747, 34.118017], [-118.073482, 34.118073], [-118.07329, 34.118078], [-118.073208, 34.118073], [-118.073191, 34.118072], [-118.073093, 34.118067], [-118.073139, 34.117743], [-118.073186, 34.117411], [-118.073216, 34.117197], [-118.073241, 34.117018], [-118.073243, 34.117001], [-118.073259, 34.116888], [-118.073275, 34.11679], [-118.073435, 34.115674], [-118.073492, 34.11528], [-118.073523, 34.115053], [-118.073597, 34.114552], [-118.073622, 34.114379], [-118.073626, 34.114348], [-118.073653, 34.114112], [-118.073666, 34.113976], [-118.073563, 34.113962], [-118.073504, 34.114442], [-118.0735, 34.114473]]}}, {"type": "Feature", "properties": {"GEOID": "06037480002", "durationMin": 2.0, "distKm": 0.82, "targetScore": 97, "walkMin": 12.0, "bikeMin": 4.0, "driveMin": 1.5}, "geometry": {"type": "LineString", "coordinates": [[-118.086188, 34.120473], [-118.085789, 34.12052], [-118.085665, 34.120537], [-118.085565, 34.120543], [-118.084508, 34.120665], [-118.084426, 34.120676], [-118.084566, 34.121239], [-118.084697, 34.121686], [-118.08496, 34.122598], [-118.085197, 34.123471], [-118.085428, 34.124291], [-118.085664, 34.125108], [-118.085942, 34.12614], [-118.086034, 34.126398], [-118.086141, 34.126638], [-118.086327, 34.12687], [-118.086369, 34.126924], [-118.086453, 34.12702], [-118.086743, 34.127227], [-118.087175, 34.127507], [-118.087194, 34.12752], [-118.087342, 34.127638], [-118.087445, 34.127753], [-118.08747, 34.127781], [-118.08752, 34.127889], [-118.087632, 34.12811], [-118.08768, 34.128096], [-118.088257, 34.127917], [-118.088211, 34.127855], [-118.088182, 34.127832], [-118.088144, 34.127811], [-118.088111, 34.127802]]}}, {"type": "Feature", "properties": {"GEOID": "06037431200", "durationMin": 2.4, "distKm": 0.98, "targetScore": 99, "walkMin": 3.0, "bikeMin": 1.0, "driveMin": 0.4}, "geometry": {"type": "LineString", "coordinates": [[-117.994951, 34.12332], [-117.995115, 34.122902], [-117.996119, 34.123172], [-117.997265, 34.123497], [-117.996995, 34.124221], [-117.996952, 34.124337], [-117.996624, 34.12517], [-117.996364, 34.125823], [-117.996104, 34.126481], [-117.995069, 34.129167], [-117.995034, 34.129639], [-117.995022, 34.130427], [-117.995035, 34.131289], [-117.995057, 34.131887], [-117.995063, 34.132094], [-117.995064, 34.132127], [-117.995069, 34.132232], [-117.994904, 34.132231], [-117.99487, 34.132231], [-117.994547, 34.13223], [-117.994195, 34.132228]]}}, {"type": "Feature", "properties": {"GEOID": "06037431800", "durationMin": 1.6, "distKm": 0.55, "targetScore": 90, "walkMin": 6.7, "bikeMin": 2.2, "driveMin": 0.8}, "geometry": {"type": "LineString", "coordinates": [[-118.061671, 34.119933], [-118.06153, 34.11997], [-118.059296, 34.120286], [-118.059199, 34.120299], [-118.059258, 34.120578], [-118.05928, 34.120687], [-118.059364, 34.121108], [-118.059452, 34.121535], [-118.059467, 34.121603], [-118.059482, 34.121679], [-118.059657, 34.122562], [-118.059756, 34.12305], [-118.059808, 34.123319], [-118.059828, 34.12339], [-118.059744, 34.123405], [-118.05921, 34.123467], [-118.058994, 34.123496], [-118.058541, 34.123558], [-118.0585, 34.123564], [-118.058259, 34.123597], [-118.057918, 34.123645], [-118.057935, 34.123727]]}}, {"type": "Feature", "properties": {"GEOID": "06037431300", "durationMin": 2.0, "distKm": 0.81, "targetScore": 97, "walkMin": 3.6, "bikeMin": 1.2, "driveMin": 0.5}, "geometry": {"type": "LineString", "coordinates": [[-118.006673, 34.124928], [-118.007896, 34.124921], [-118.009314, 34.124912], [-118.009341, 34.126333], [-118.009347, 34.12679], [-118.009354, 34.127219], [-118.009355, 34.127308], [-118.009375, 34.128287], [-118.009411, 34.130169], [-118.009412, 34.130213], [-118.009417, 34.130462], [-118.009419, 34.130563], [-118.009425, 34.130787], [-118.009427, 34.130996], [-118.009428, 34.131011], [-118.009433, 34.131268], [-118.009439, 34.131592], [-118.009439, 34.131615], [-118.009444, 34.131868], [-118.009448, 34.132079], [-118.009464, 34.132187], [-118.00934, 34.132187], [-118.008994, 34.132189], [-118.008795, 34.132191], [-118.008647, 34.132195], [-118.008448, 34.132188]]}}, {"type": "Feature", "properties": {"GEOID": "06037430802", "durationMin": 0.9, "distKm": 0.39, "targetScore": 92, "walkMin": 3.6, "bikeMin": 1.2, "driveMin": 0.5}, "geometry": {"type": "LineString", "coordinates": [[-118.019337, 34.12767], [-118.018844, 34.127676], [-118.01877, 34.12768], [-118.018781, 34.128304], [-118.018781, 34.12835], [-118.018785, 34.128542], [-118.018788, 34.128622], [-118.018802, 34.129299], [-118.018806, 34.129492], [-118.018824, 34.130306], [-118.018823, 34.130425], [-118.018825, 34.130469], [-118.018829, 34.130651], [-118.018838, 34.131083], [-118.018837, 34.13119], [-118.018831, 34.131307], [-118.019182, 34.131256]]}}, {"type": "Feature", "properties": {"GEOID": "06037135111", "durationMin": 1.6, "distKm": 0.45, "targetScore": 97, "walkMin": 7.1, "bikeMin": 2.4, "driveMin": 0.9}, "geometry": {"type": "LineString", "coordinates": [[-118.610334, 34.192075], [-118.61141, 34.192255], [-118.611475, 34.192336], [-118.611481, 34.192864], [-118.61036, 34.192867], [-118.610362, 34.193275], [-118.610363, 34.193631], [-118.610363, 34.193644], [-118.610363, 34.193753], [-118.608461, 34.193757], [-118.608206, 34.193756], [-118.60811, 34.193757], [-118.607852, 34.193753], [-118.606988, 34.193757], [-118.606774, 34.193758], [-118.606494, 34.193764], [-118.606343, 34.193764], [-118.606226, 34.193764], [-118.6061, 34.193765], [-118.605928, 34.193764], [-118.605928, 34.193876], [-118.605929, 34.194102], [-118.605931, 34.194498]]}}, {"type": "Feature", "properties": {"GEOID": "06037135102", "durationMin": 1.7, "distKm": 0.48, "targetScore": 99, "walkMin": 7.1, "bikeMin": 2.4, "driveMin": 0.9}, "geometry": {"type": "LineString", "coordinates": [[-118.617458, 34.188704], [-118.617807, 34.188695], [-118.61787, 34.188705], [-118.617944, 34.188738], [-118.617986, 34.188793], [-118.617997, 34.188872], [-118.617967, 34.188967], [-118.617984, 34.189702], [-118.618935, 34.189696], [-118.619019, 34.189695], [-118.619021, 34.189096], [-118.619021, 34.189009], [-118.619017, 34.18819], [-118.619018, 34.187762], [-118.619017, 34.187382], [-118.619017, 34.18695], [-118.619017, 34.186587], [-118.619015, 34.186453], [-118.619104, 34.186453], [-118.619319, 34.186452], [-118.621186, 34.186449], [-118.621867, 34.186449]]}}, {"type": "Feature", "properties": {"GEOID": "06037403321", "durationMin": 10.8, "distKm": 2.2, "targetScore": 93, "walkMin": 25.9, "bikeMin": 8.6, "driveMin": 3.2}, "geometry": {"type": "LineString", "coordinates": [[-117.785448, 34.018952], [-117.785455, 34.018998], [-117.785463, 34.019018], [-117.785482, 34.019031], [-117.78552, 34.019041], [-117.785575, 34.01905], [-117.785622, 34.019058], [-117.785662, 34.019074], [-117.785741, 34.019118], [-117.78569, 34.019155], [-117.785736, 34.019361], [-117.785909, 34.019642], [-117.786141, 34.0198], [-117.786447, 34.019874], [-117.787728, 34.019966], [-117.787904, 34.020011], [-117.788139, 34.020134], [-117.78791, 34.020498], [-117.787832, 34.020883], [-117.787842, 34.021213], [-117.787974, 34.021508], [-117.788141, 34.021746], [-117.788364, 34.021955], [-117.788749, 34.022182], [-117.789866, 34.022597], [-117.790171, 34.022788], [-117.790379, 34.02307], [-117.790668, 34.023768], [-117.790878, 34.024003], [-117.791049, 34.024146], [-117.791849, 34.024644], [-117.792069, 34.024899], [-117.792287, 34.025232], [-117.792505, 34.025484], [-117.792892, 34.025659], [-117.793309, 34.02574], [-117.793527, 34.025824], [-117.793571, 34.025843], [-117.794043, 34.026055], [-117.794405, 34.026123], [-117.79472, 34.026124], [-117.795058, 34.026096], [-117.7953, 34.026008], [-117.795677, 34.025815], [-117.795748, 34.025778], [-117.795937, 34.025979], [-117.796209, 34.026181], [-117.796589, 34.026393], [-117.796701, 34.026461], [-117.796647, 34.026525], [-117.796388, 34.026887], [-117.796359, 34.026938], [-117.796165, 34.027406], [-117.796005, 34.028078], [-117.795944, 34.028451], [-117.795944, 34.028918], [-117.795991, 34.029378], [-117.796068, 34.029716], [-117.796168, 34.030112], [-117.79649, 34.030789], [-117.79664, 34.031081], [-117.796824, 34.031427], [-117.797002, 34.031766], [-117.797186, 34.03223], [-117.797304, 34.032738], [-117.797335, 34.03311], [-117.797292, 34.033502], [-117.797252, 34.033688], [-117.797148, 34.03402], [-117.7969, 34.034576], [-117.79656, 34.035066], [-117.796384, 34.035331], [-117.796228, 34.035569], [-117.796039, 34.035854], [-117.795587, 34.036537], [-117.795505, 34.036661], [-117.79507, 34.037309], [-117.795028, 34.037371], [-117.794779, 34.037748], [-117.794363, 34.037594], [-117.793932, 34.037421], [-117.793617, 34.037314], [-117.793518, 34.037335], [-117.793123, 34.037207], [-117.792711, 34.037103], [-117.792294, 34.037034], [-117.791827, 34.036969], [-117.79121, 34.036917], [-117.790605, 34.036892], [-117.790223, 34.036875], [-117.789865, 34.036866], [-117.7885, 34.036829], [-117.788248, 34.036832], [-117.787931, 34.036881], [-117.787534, 34.036975], [-117.787444, 34.036998], [-117.787172, 34.037087], [-117.787072, 34.036884], [-117.787055, 34.03686], [-117.786958, 34.036747], [-117.786908, 34.036653], [-117.786765, 34.036532], [-117.786595, 34.036449], [-117.786451, 34.036394], [-117.786292, 34.036367], [-117.786145, 34.036348], [-117.78599, 34.036377], [-117.785617, 34.036323], [-117.785281, 34.036276], [-117.784968, 34.036232], [-117.784662, 34.036205], [-117.784532, 34.036155], [-117.784214, 34.036115], [-117.78409, 34.036107], [-117.784028, 34.036136], [-117.783799, 34.036118], [-117.783688, 34.036127], [-117.783361, 34.036151], [-117.782923, 34.036239], [-117.782621, 34.036304], [-117.782552, 34.036318], [-117.782183, 34.036376], [-117.781805, 34.036403], [-117.781593, 34.036402], [-117.781292, 34.036382], [-117.780746, 34.036336], [-117.780576, 34.036272], [-117.780219, 34.036223], [-117.779856, 34.036155], [-117.779586, 34.036075], [-117.77929, 34.035974], [-117.778912, 34.0358], [-117.778762, 34.03573], [-117.778513, 34.035583], [-117.778211, 34.035353], [-117.778027, 34.035193], [-117.777888, 34.035056], [-117.777801, 34.034966], [-117.777652, 34.034781], [-117.777415, 34.034419], [-117.777278, 34.034162], [-117.777155, 34.033853], [-117.777105, 34.033681], [-117.77708, 34.033596], [-117.77694, 34.032184], [-117.776862, 34.031735], [-117.776772, 34.031392], [-117.776662, 34.031053], [-117.776522, 34.030741], [-117.776373, 34.03049], [-117.776159, 34.030177], [-117.775754, 34.029719], [-117.775308, 34.029351], [-117.775201, 34.029288], [-117.774934, 34.02911], [-117.774448, 34.028848], [-117.774003, 34.028672], [-117.77378, 34.028607], [-117.773439, 34.028548], [-117.773267, 34.028544], [-117.773059, 34.028553], [-117.772864, 34.028579], [-117.772649, 34.02863], [-117.772334, 34.028735], [-117.772316, 34.028741], [-117.77224, 34.028778], [-117.772178, 34.028687], [-117.772069, 34.028486], [-117.772001, 34.028323], [-117.771984, 34.027929], [-117.77199, 34.027764], [-117.772014, 34.02741], [-117.772014, 34.027387], [-117.772014, 34.027306], [-117.772012, 34.027175], [-117.771876, 34.027177], [-117.771777, 34.027179], [-117.771757, 34.027179], [-117.77161, 34.027168], [-117.771392, 34.027118], [-117.771153, 34.027026], [-117.770954, 34.026893], [-117.770804, 34.026709], [-117.770423, 34.026122], [-117.770322, 34.025946], [-117.770105, 34.0257], [-117.769884, 34.025546], [-117.769495, 34.025314], [-117.769124, 34.025179], [-117.768667, 34.025098], [-117.768274, 34.02509], [-117.767978, 34.025118], [-117.76775, 34.025175], [-117.767582, 34.025214], [-117.76743, 34.025275], [-117.767059, 34.025471], [-117.766586, 34.025794], [-117.7661, 34.026123], [-117.765999, 34.026189], [-117.76581, 34.026282], [-117.765547, 34.026395], [-117.76528, 34.026477], [-117.76484, 34.026547], [-117.764215, 34.026613], [-117.764002, 34.026648], [-117.763813, 34.026685], [-117.76334, 34.02681], [-117.76306, 34.026898], [-117.762784, 34.027034], [-117.762372, 34.02724], [-117.762038, 34.027463], [-117.761854, 34.027585], [-117.761531, 34.027875], [-117.761376, 34.028037], [-117.7613, 34.028115], [-117.761233, 34.028071], [-117.760806, 34.0278], [-117.76071, 34.027777], [-117.760742, 34.027857], [-117.76099, 34.028036]]}}, {"type": "Feature", "properties": {"GEOID": "06037405600", "durationMin": 2.0, "distKm": 0.72, "targetScore": 95, "walkMin": 2.8, "bikeMin": 0.9, "driveMin": 0.3}, "geometry": {"type": "LineString", "coordinates": [[-117.915604, 34.079239], [-117.915842, 34.07924], [-117.91612, 34.079227], [-117.916314, 34.079219], [-117.916563, 34.079202], [-117.916581, 34.080099], [-117.916585, 34.080968], [-117.916584, 34.081043], [-117.916579, 34.081585], [-117.916581, 34.081884], [-117.916584, 34.082152], [-117.916588, 34.082572], [-117.916583, 34.082835], [-117.916036, 34.082831], [-117.9149, 34.082823], [-117.913873, 34.082812], [-117.912751, 34.082793], [-117.91049, 34.082782], [-117.909669, 34.082785], [-117.909443, 34.082786], [-117.908938, 34.082772], [-117.908881, 34.082771], [-117.908746, 34.082767], [-117.908391, 34.082761], [-117.908078, 34.08275], [-117.907838, 34.082742], [-117.907843, 34.082226], [-117.907846, 34.081883], [-117.907846, 34.081818], [-117.907848, 34.080936], [-117.907846, 34.080894], [-117.907829, 34.080249], [-117.907821, 34.080041], [-117.907821, 34.079844], [-117.90783, 34.079626], [-117.90783, 34.079281], [-117.90783, 34.079246]]}}, {"type": "Feature", "properties": {"GEOID": "06037405101", "durationMin": 0.7, "distKm": 0.19, "targetScore": 92, "walkMin": 2.0, "bikeMin": 0.7, "driveMin": 0.3}, "geometry": {"type": "LineString", "coordinates": [[-117.961606, 34.095831], [-117.961603, 34.095422], [-117.961072, 34.095429], [-117.960684, 34.095435], [-117.960512, 34.09551], [-117.960512, 34.09525], [-117.9605, 34.09465], [-117.9605, 34.094579], [-117.960499, 34.094472]]}}, {"type": "Feature", "properties": {"GEOID": "06037185320", "durationMin": 0.9, "distKm": 0.28, "targetScore": 90, "walkMin": 3.2, "bikeMin": 1.1, "driveMin": 0.4}, "geometry": {"type": "LineString", "coordinates": [[-118.224933, 34.088693], [-118.224815, 34.08968], [-118.224762, 34.090125], [-118.224487, 34.090285], [-118.223451, 34.090897], [-118.223466, 34.090926]]}}, {"type": "Feature", "properties": {"GEOID": "06037481603", "durationMin": 1.7, "distKm": 0.6, "targetScore": 90, "walkMin": 5.3, "bikeMin": 1.8, "driveMin": 0.7}, "geometry": {"type": "LineString", "coordinates": [[-118.119805, 34.084154], [-118.119807, 34.083858], [-118.119809, 34.08379], [-118.119808, 34.08372], [-118.119806, 34.082886], [-118.119807, 34.082814], [-118.119804, 34.082744], [-118.119781, 34.082203], [-118.11978, 34.082065], [-118.119777, 34.081651], [-118.119787, 34.080821], [-118.119787, 34.080744], [-118.119786, 34.08067], [-118.119775, 34.079564], [-118.119771, 34.079303], [-118.119772, 34.079194], [-118.119771, 34.0791], [-118.119774, 34.078905], [-118.119772, 34.078877], [-118.119761, 34.078747], [-118.11967, 34.078729], [-118.119579, 34.07871], [-118.11865, 34.078747], [-118.11825, 34.078764], [-118.118243, 34.078871], [-118.119134, 34.078829], [-118.11931, 34.07882], [-118.119334, 34.078819], [-118.119594, 34.078806], [-118.119638, 34.078791], [-118.11965, 34.078786]]}}, {"type": "Feature", "properties": {"GEOID": "06037481001", "durationMin": 0.9, "distKm": 0.4, "targetScore": 96, "walkMin": 3.1, "bikeMin": 1.0, "driveMin": 0.4}, "geometry": {"type": "LineString", "coordinates": [[-118.130159, 34.087725], [-118.130842, 34.088694], [-118.131117, 34.089084], [-118.131168, 34.089147], [-118.131237, 34.089113], [-118.132183, 34.088664], [-118.133274, 34.088154], [-118.13335, 34.088119], [-118.134023, 34.087806], [-118.134241, 34.087707], [-118.134297, 34.087682], [-118.134336, 34.087663], [-118.134462, 34.087596], [-118.13459, 34.087537], [-118.134649, 34.087522]]}}, {"type": "Feature", "properties": {"GEOID": "06037404600", "durationMin": 15.9, "distKm": 1.15, "targetScore": 93, "walkMin": 15.3, "bikeMin": 5.1, "driveMin": 1.9}, "geometry": {"type": "LineString", "coordinates": [[-117.963548, 34.112413], [-117.963231, 34.112387], [-117.962514, 34.112368], [-117.961297, 34.112402], [-117.960098, 34.112406], [-117.959857, 34.112407], [-117.959033, 34.112425], [-117.958802, 34.112431], [-117.958529, 34.112437], [-117.958287, 34.112442], [-117.957995, 34.112449], [-117.957741, 34.112454], [-117.957453, 34.112432], [-117.957379, 34.112426], [-117.957141, 34.112369], [-117.956901, 34.112232], [-117.956481, 34.11188], [-117.955836, 34.112399], [-117.955403, 34.111981], [-117.955126, 34.111681], [-117.954861, 34.111308], [-117.954834, 34.111261], [-117.954668, 34.110973], [-117.954386, 34.110597], [-117.954126, 34.110309], [-117.953871, 34.110086], [-117.953517, 34.109855], [-117.95348, 34.109828], [-117.953227, 34.109693], [-117.952898, 34.109536], [-117.952774, 34.109481], [-117.9526, 34.109405], [-117.952157, 34.10928], [-117.951771, 34.109223], [-117.951275, 34.10918], [-117.950873, 34.109187], [-117.950556, 34.109229], [-117.950205, 34.109283], [-117.949781, 34.109356], [-117.949438, 34.109398], [-117.948913, 34.109425], [-117.948563, 34.109411], [-117.948147, 34.109356], [-117.947541, 34.109236], [-117.947037, 34.109134], [-117.946669, 34.109087], [-117.946219, 34.109074], [-117.945681, 34.109067], [-117.945339, 34.109069], [-117.944956, 34.109134], [-117.944652, 34.109198], [-117.944333, 34.1093], [-117.944038, 34.10942], [-117.94373, 34.109596], [-117.94348, 34.109778], [-117.94324, 34.109987], [-117.943231, 34.109995], [-117.942316, 34.110919], [-117.942307, 34.110928], [-117.941538, 34.11169], [-117.941353, 34.111921], [-117.941206, 34.11215], [-117.940862, 34.112685], [-117.940685, 34.112951], [-117.94053, 34.113129], [-117.94035, 34.113329], [-117.940202, 34.1135], [-117.940111, 34.113427], [-117.939977, 34.113256], [-117.939924, 34.113044], [-117.939961, 34.112796], [-117.940177, 34.112389], [-117.940278, 34.112218], [-117.940349, 34.112086], [-117.940385, 34.112003], [-117.941449, 34.109982], [-117.942805, 34.1084], [-117.942824, 34.108371], [-117.942879, 34.108291], [-117.942919, 34.108213], [-117.942946, 34.108132], [-117.942956, 34.108061], [-117.942955, 34.107712], [-117.942936, 34.107229], [-117.942935, 34.107133], [-117.944134, 34.107116], [-117.944747, 34.107108], [-117.945691, 34.107108], [-117.946296, 34.107106], [-117.946492, 34.107105], [-117.947312, 34.107097], [-117.94792, 34.107091], [-117.948462, 34.107085], [-117.949016, 34.10708], [-117.950074, 34.107066], [-117.950677, 34.107058], [-117.95227, 34.107032], [-117.952881, 34.10702], [-117.953036, 34.107019], [-117.955079, 34.107005], [-117.956064, 34.106995], [-117.956648, 34.106989], [-117.957009, 34.106985], [-117.95882, 34.106974], [-117.95892, 34.106974], [-117.959511, 34.106969], [-117.960119, 34.106966], [-117.96039, 34.106964], [-117.96057, 34.106963], [-117.961211, 34.106951], [-117.962753, 34.106941], [-117.962821, 34.106941], [-117.962895, 34.106938], [-117.964073, 34.106888], [-117.964741, 34.106857], [-117.964957, 34.10685], [-117.965148, 34.106846], [-117.966724, 34.106783], [-117.967108, 34.106778], [-117.967795, 34.106771], [-117.968683, 34.106761], [-117.968847, 34.106759], [-117.969297, 34.106754], [-117.970222, 34.106745], [-117.970282, 34.106745], [-117.970775, 34.10674], [-117.970924, 34.106739], [-117.970972, 34.106737], [-117.971248, 34.106732], [-117.971709, 34.106701], [-117.971864, 34.106689], [-117.972687, 34.106619], [-117.972876, 34.106612], [-117.97303, 34.106611], [-117.973156, 34.106611], [-117.973334, 34.106622], [-117.973598, 34.106647], [-117.973853, 34.106675], [-117.97406, 34.10671], [-117.974245, 34.106751], [-117.974379, 34.106796], [-117.974471, 34.106826]]}}, {"type": "Feature", "properties": {"GEOID": "06037800406", "durationMin": 9.6, "distKm": 3.77, "targetScore": 94, "walkMin": 39.3, "bikeMin": 13.1, "driveMin": 4.9}, "geometry": {"type": "LineString", "coordinates": [[-118.866805, 34.05653], [-118.866805, 34.05653], [-118.866883, 34.056598], [-118.866967, 34.056652], [-118.867091, 34.056697], [-118.867205, 34.056709], [-118.867298, 34.056705], [-118.867377, 34.056682], [-118.867513, 34.0566], [-118.867666, 34.056508], [-118.867729, 34.056481], [-118.867937, 34.056462], [-118.868784, 34.05647], [-118.869239, 34.056518], [-118.86929, 34.056523], [-118.86942, 34.056558], [-118.869627, 34.056563], [-118.869619, 34.056133], [-118.869619, 34.056109], [-118.869613, 34.055744], [-118.869578, 34.055529], [-118.869545, 34.055333], [-118.869539, 34.054938], [-118.869578, 34.054655], [-118.869839, 34.053819], [-118.870039, 34.053151], [-118.870108, 34.052969], [-118.870191, 34.052787], [-118.870383, 34.052525], [-118.870666, 34.052213], [-118.870937, 34.051946], [-118.871163, 34.051778], [-118.871603, 34.051589], [-118.871778, 34.051498], [-118.871931, 34.051419], [-118.872197, 34.05126], [-118.872325, 34.051156], [-118.872533, 34.050926], [-118.872957, 34.050442], [-118.873165, 34.050245], [-118.873353, 34.050115], [-118.873521, 34.050028], [-118.873851, 34.049888], [-118.87423, 34.049724], [-118.874507, 34.04958], [-118.874661, 34.049474], [-118.874801, 34.049354], [-118.87499, 34.049148], [-118.875097, 34.048985], [-118.875214, 34.048755], [-118.875242, 34.048671], [-118.875275, 34.048514], [-118.875296, 34.048332], [-118.875294, 34.048027], [-118.875282, 34.047926], [-118.875157, 34.047483], [-118.874976, 34.047057], [-118.874813, 34.046453], [-118.874773, 34.046252], [-118.874762, 34.046047], [-118.874794, 34.04577], [-118.874854, 34.045565], [-118.875053, 34.045203], [-118.875611, 34.044433], [-118.875754, 34.044235], [-118.875981, 34.043981], [-118.876261, 34.043781], [-118.876547, 34.043651], [-118.876863, 34.043608], [-118.877168, 34.043605], [-118.878641, 34.043907], [-118.879654, 34.044094], [-118.880361, 34.044174], [-118.880606, 34.044184], [-118.881423, 34.044136], [-118.882049, 34.044099], [-118.882542, 34.044062], [-118.883252, 34.044007], [-118.883808, 34.043957], [-118.884364, 34.04391], [-118.884758, 34.043879], [-118.885027, 34.043869], [-118.885345, 34.043871], [-118.885653, 34.043877], [-118.885905, 34.043888], [-118.886128, 34.04391], [-118.886817, 34.044019], [-118.887652, 34.044206], [-118.887895, 34.044267], [-118.888252, 34.044335], [-118.889035, 34.04441], [-118.889671, 34.044441], [-118.89035, 34.044485], [-118.891357, 34.044519], [-118.891605, 34.044501], [-118.891835, 34.044428], [-118.892066, 34.044316], [-118.892259, 34.044179], [-118.892379, 34.044083], [-118.892473, 34.043973], [-118.892598, 34.043651], [-118.892623, 34.043459], [-118.892589, 34.043224], [-118.892512, 34.042975], [-118.892391, 34.042797], [-118.892194, 34.042605], [-118.892043, 34.042509], [-118.891877, 34.042432], [-118.891681, 34.042364], [-118.891392, 34.042294], [-118.890775, 34.04217], [-118.886267, 34.041216], [-118.885979, 34.041133], [-118.885714, 34.041003], [-118.885473, 34.040841], [-118.885293, 34.040649], [-118.885259, 34.040536], [-118.885246, 34.04036], [-118.883895, 34.040219], [-118.883393, 34.040168], [-118.883082, 34.040128], [-118.882703, 34.040095], [-118.881956, 34.040031], [-118.881804, 34.040014], [-118.881618, 34.039994], [-118.881362, 34.039974], [-118.8806, 34.039946], [-118.880117, 34.039927], [-118.879695, 34.039911], [-118.8796, 34.039908], [-118.878437, 34.039867], [-118.878356, 34.039864], [-118.87766, 34.03984], [-118.877452, 34.039833], [-118.877214, 34.039821], [-118.876238, 34.039775], [-118.875727, 34.039766], [-118.875424, 34.039753], [-118.873684, 34.039695], [-118.87307, 34.039674], [-118.872764, 34.039647], [-118.872701, 34.039644], [-118.872214, 34.039613], [-118.87204, 34.039592], [-118.871791, 34.039561], [-118.87153, 34.039536], [-118.871411, 34.039517], [-118.871199, 34.039493], [-118.871029, 34.039466], [-118.870538, 34.039396], [-118.869928, 34.03927], [-118.869542, 34.03918], [-118.869459, 34.039159], [-118.869109, 34.039069], [-118.869089, 34.039063], [-118.868664, 34.038948], [-118.868271, 34.038835], [-118.867892, 34.038716], [-118.866667, 34.038281], [-118.866466, 34.038208], [-118.865904, 34.038003], [-118.865085, 34.0377], [-118.864508, 34.037494], [-118.863813, 34.037237], [-118.863378, 34.03709], [-118.862918, 34.036947], [-118.862457, 34.036818], [-118.862054, 34.036724], [-118.86202, 34.036715], [-118.861816, 34.036669], [-118.861529, 34.036613], [-118.860857, 34.0365], [-118.860389, 34.036436], [-118.859921, 34.036387], [-118.859125, 34.036321], [-118.858443, 34.036263], [-118.857509, 34.036182], [-118.856698, 34.036113], [-118.855853, 34.036039], [-118.85536, 34.035981], [-118.854774, 34.035903], [-118.854194, 34.035797], [-118.853619, 34.035675], [-118.852989, 34.035515], [-118.85231, 34.035317], [-118.851868, 34.035168], [-118.851764, 34.035134], [-118.851692, 34.035109], [-118.851497, 34.035038], [-118.851347, 34.034983], [-118.850428, 34.034617], [-118.848948, 34.034028], [-118.847792, 34.03357], [-118.846837, 34.033185], [-118.84615, 34.032814], [-118.845675, 34.032539], [-118.845312, 34.032299], [-118.844719, 34.031925], [-118.844668, 34.031827], [-118.844421, 34.031629], [-118.844182, 34.031451], [-118.843901, 34.031237], [-118.843867, 34.031212], [-118.843669, 34.031066], [-118.843357, 34.030851], [-118.843155, 34.030715], [-118.842794, 34.030477], [-118.84263, 34.030371], [-118.842513, 34.030294], [-118.842411, 34.030235], [-118.842343, 34.030203], [-118.842201, 34.030138], [-118.842107, 34.030092], [-118.842014, 34.030034], [-118.841874, 34.029936], [-118.841325, 34.029559], [-118.841164, 34.029424], [-118.840876, 34.029167], [-118.840543, 34.028917], [-118.83971, 34.02835], [-118.839637, 34.028304], [-118.839287, 34.028079], [-118.839221, 34.028153], [-118.840642, 34.029075], [-118.840754, 34.029156], [-118.840909, 34.02929], [-118.841049, 34.02942], [-118.841165, 34.029522], [-118.841335, 34.029643], [-118.84183, 34.029987], [-118.841936, 34.030065], [-118.842027, 34.030121], [-118.842159, 34.030189], [-118.842176, 34.030198]]}}, {"type": "Feature", "properties": {"GEOID": "06037800410", "durationMin": 12.8, "distKm": 3.16, "targetScore": 91, "walkMin": 39.0, "bikeMin": 13.0, "driveMin": 4.9}, "geometry": {"type": "LineString", "coordinates": [[-118.741561, 34.061656], [-118.742418, 34.06161], [-118.742789, 34.06158], [-118.743195, 34.061491], [-118.741829, 34.061028], [-118.741752, 34.060901], [-118.741674, 34.060808], [-118.741557, 34.060731], [-118.741105, 34.060284], [-118.740841, 34.060047], [-118.740572, 34.060045], [-118.740467, 34.060033], [-118.740395, 34.05997], [-118.740397, 34.059856], [-118.740467, 34.059655], [-118.740567, 34.059461], [-118.740716, 34.059284], [-118.740834, 34.059135], [-118.740921, 34.059032], [-118.74095, 34.058858], [-118.740909, 34.058754], [-118.740884, 34.058424], [-118.740874, 34.058286], [-118.740897, 34.05815], [-118.740984, 34.05788], [-118.741109, 34.057615], [-118.741135, 34.057549], [-118.741137, 34.057458], [-118.741095, 34.057363], [-118.740955, 34.057179], [-118.740896, 34.057091], [-118.740876, 34.056972], [-118.740907, 34.056699], [-118.740914, 34.056575], [-118.740882, 34.056439], [-118.740658, 34.056025], [-118.74065, 34.056006], [-118.740597, 34.055885], [-118.740587, 34.055759], [-118.74061, 34.055638], [-118.740725, 34.055409], [-118.740771, 34.0553], [-118.740778, 34.055217], [-118.740763, 34.055157], [-118.740724, 34.055085], [-118.740567, 34.054954], [-118.740485, 34.054851], [-118.740454, 34.05475], [-118.740439, 34.054599], [-118.740426, 34.054483], [-118.740358, 34.054375], [-118.740234, 34.054256], [-118.740173, 34.054216], [-118.740091, 34.054139], [-118.74003, 34.054046], [-118.739959, 34.053813], [-118.739933, 34.053713], [-118.739873, 34.053599], [-118.739769, 34.05349], [-118.739706, 34.053391], [-118.739686, 34.053282], [-118.739706, 34.053183], [-118.739751, 34.053073], [-118.739752, 34.052973], [-118.739713, 34.052874], [-118.739481, 34.052548], [-118.739434, 34.052427], [-118.739411, 34.052289], [-118.739434, 34.05202], [-118.739426, 34.051864], [-118.739392, 34.051726], [-118.739324, 34.051574], [-118.739301, 34.05151], [-118.73928, 34.051452], [-118.739258, 34.051285], [-118.739243, 34.050585], [-118.739266, 34.050449], [-118.739352, 34.050252], [-118.739411, 34.050119], [-118.739447, 34.049942], [-118.739523, 34.049227], [-118.739611, 34.048517], [-118.73961, 34.048323], [-118.739585, 34.048159], [-118.739452, 34.047642], [-118.73933, 34.047147], [-118.739165, 34.046666], [-118.73906, 34.046306], [-118.738816, 34.045669], [-118.738807, 34.045646], [-118.738771, 34.045552], [-118.738736, 34.045462], [-118.738729, 34.045354], [-118.738826, 34.045136], [-118.738869, 34.045069], [-118.738965, 34.044925], [-118.739041, 34.044853], [-118.739176, 34.04478], [-118.739308, 34.044705], [-118.739402, 34.04462], [-118.739519, 34.044478], [-118.739578, 34.044366], [-118.739593, 34.044253], [-118.739578, 34.044139], [-118.739445, 34.043692], [-118.739417, 34.043561], [-118.739412, 34.043417], [-118.739435, 34.043338], [-118.739454, 34.0433], [-118.739492, 34.043246], [-118.739652, 34.043051], [-118.739715, 34.042937], [-118.739769, 34.04278], [-118.739794, 34.042694], [-118.739817, 34.04257], [-118.739823, 34.042492], [-118.739812, 34.042412], [-118.739799, 34.042373], [-118.739778, 34.042338], [-118.73975, 34.042303], [-118.739724, 34.042284], [-118.73971, 34.042273], [-118.739677, 34.04226], [-118.739636, 34.042253], [-118.739593, 34.042256], [-118.739486, 34.042303], [-118.739119, 34.042497], [-118.738991, 34.042549], [-118.73895, 34.042554], [-118.73891, 34.042541], [-118.738882, 34.042516], [-118.738872, 34.042478], [-118.738874, 34.04245], [-118.738888, 34.042411], [-118.738928, 34.042376], [-118.738974, 34.04235], [-118.739084, 34.042302], [-118.739144, 34.04228], [-118.739189, 34.042243], [-118.73922, 34.042214], [-118.73925, 34.042172], [-118.739271, 34.042109], [-118.739277, 34.042058], [-118.739278, 34.04192], [-118.739295, 34.041858], [-118.739316, 34.041805], [-118.739347, 34.041752], [-118.73949, 34.041594], [-118.739519, 34.041552], [-118.739555, 34.041496], [-118.739674, 34.041244], [-118.739751, 34.041146], [-118.739805, 34.041093], [-118.739872, 34.04104], [-118.740032, 34.040947], [-118.740344, 34.04078], [-118.740437, 34.040722], [-118.740493, 34.040682], [-118.740562, 34.040619], [-118.740617, 34.04054], [-118.740643, 34.040479], [-118.740657, 34.040411], [-118.740656, 34.040303], [-118.740639, 34.040189], [-118.74054, 34.039755], [-118.740536, 34.039696], [-118.740541, 34.039617], [-118.740568, 34.039532], [-118.740634, 34.039403], [-118.740661, 34.039336], [-118.740705, 34.039233], [-118.740727, 34.03915], [-118.740748, 34.038997], [-118.74075, 34.038941], [-118.740745, 34.038848], [-118.740733, 34.038795], [-118.740717, 34.038742], [-118.740683, 34.038676], [-118.74063, 34.038608], [-118.740533, 34.038523], [-118.73993, 34.038115], [-118.739574, 34.037877], [-118.73951, 34.037844], [-118.739431, 34.03781], [-118.739345, 34.037783], [-118.739252, 34.037757], [-118.739159, 34.037745], [-118.73901, 34.037738], [-118.738569, 34.037756], [-118.738422, 34.037751], [-118.738256, 34.037717], [-118.738108, 34.037643], [-118.737788, 34.037377], [-118.737661, 34.037276], [-118.737383, 34.037117], [-118.737322, 34.037074], [-118.737277, 34.037023], [-118.737232, 34.036969], [-118.73719, 34.036895], [-118.737127, 34.036746], [-118.737066, 34.036613], [-118.736995, 34.036513], [-118.736911, 34.036443], [-118.736833, 34.036399], [-118.736739, 34.036373], [-118.736633, 34.036359], [-118.736378, 34.036344], [-118.736283, 34.036304], [-118.736228, 34.036256], [-118.736179, 34.036175], [-118.736156, 34.036098], [-118.736162, 34.036026], [-118.736214, 34.035952], [-118.736303, 34.035897], [-118.736647, 34.035808], [-118.736975, 34.035694], [-118.737291, 34.035571], [-118.737606, 34.035484], [-118.738209, 34.035361], [-118.738516, 34.035304], [-118.738886, 34.035254], [-118.738969, 34.03523], [-118.73905, 34.035194], [-118.739158, 34.035126], [-118.739221, 34.035066], [-118.739278, 34.035003], [-118.739359, 34.034883], [-118.739164, 34.034977], [-118.738751, 34.035063], [-118.73866, 34.035069], [-118.738489, 34.035037], [-118.7384, 34.035025], [-118.738402, 34.035008], [-118.738397, 34.034991], [-118.738387, 34.034977], [-118.738373, 34.034965], [-118.738355, 34.034957], [-118.738335, 34.034954], [-118.738315, 34.034955], [-118.738295, 34.034961], [-118.738216, 34.034935], [-118.738086, 34.034919], [-118.73789, 34.034928], [-118.737875, 34.034928], [-118.737787, 34.034949], [-118.737756, 34.034986], [-118.737722, 34.034971], [-118.737613, 34.034959], [-118.737513, 34.034934], [-118.73683, 34.034738], [-118.736533, 34.034608], [-118.736465, 34.034556], [-118.736446, 34.034504], [-118.736447, 34.034447], [-118.736479, 34.034378], [-118.736534, 34.034333], [-118.736569, 34.034316], [-118.7366, 34.034308], [-118.736663, 34.034301], [-118.737113, 34.034396], [-118.737237, 34.034417], [-118.737278, 34.034416], [-118.73795, 34.034242], [-118.738102, 34.034232], [-118.738402, 34.034237], [-118.738604, 34.034264], [-118.738754, 34.034332], [-118.738828, 34.034361], [-118.738899, 34.034356], [-118.738944, 34.034331], [-118.739057, 34.034251], [-118.73916, 34.034148], [-118.739308, 34.033988], [-118.739417, 34.03391], [-118.739721, 34.033777], [-118.739782, 34.033738], [-118.739835, 34.033704], [-118.739875, 34.03364], [-118.739891, 34.033551], [-118.739892, 34.033416], [-118.740585, 34.03338]]}}, {"type": "Feature", "properties": {"GEOID": "06037800504", "durationMin": 14.8, "distKm": 2.07, "targetScore": 97, "walkMin": 21.6, "bikeMin": 7.2, "driveMin": 2.7}, "geometry": {"type": "LineString", "coordinates": [[-118.663379, 34.056641], [-118.663384, 34.0566], [-118.663378, 34.056546], [-118.663352, 34.056504], [-118.66329, 34.056466], [-118.663084, 34.056406], [-118.663039, 34.056381], [-118.662999, 34.056353], [-118.662958, 34.056305], [-118.66293, 34.056239], [-118.662925, 34.056172], [-118.662933, 34.056106], [-118.662923, 34.056055], [-118.662891, 34.05602], [-118.662823, 34.055981], [-118.662781, 34.055944], [-118.66275, 34.055896], [-118.662703, 34.055833], [-118.66266, 34.055795], [-118.662629, 34.055774], [-118.662579, 34.055758], [-118.662442, 34.055718], [-118.662379, 34.05569], [-118.662333, 34.055651], [-118.662296, 34.055602], [-118.662286, 34.055555], [-118.66229, 34.055479], [-118.662317, 34.055331], [-118.66235, 34.055256], [-118.662398, 34.055192], [-118.662502, 34.05508], [-118.662523, 34.055043], [-118.662522, 34.055001], [-118.662508, 34.05496], [-118.662472, 34.054908], [-118.662424, 34.054869], [-118.662174, 34.054746], [-118.661954, 34.054611], [-118.661807, 34.054544], [-118.661644, 34.05447], [-118.661598, 34.054424], [-118.661558, 34.054374], [-118.661547, 34.054317], [-118.661557, 34.054259], [-118.661595, 34.054168], [-118.661622, 34.05407], [-118.661653, 34.053912], [-118.661601, 34.053727], [-118.661593, 34.05362], [-118.661585, 34.053536], [-118.661546, 34.053471], [-118.661494, 34.05343], [-118.661423, 34.053396], [-118.661218, 34.053345], [-118.661149, 34.053307], [-118.66104, 34.053216], [-118.660836, 34.053093], [-118.660591, 34.052952], [-118.660335, 34.052791], [-118.660269, 34.052743], [-118.660196, 34.052679], [-118.660136, 34.052635], [-118.660069, 34.052611], [-118.659944, 34.052584], [-118.659657, 34.052533], [-118.659613, 34.052513], [-118.65958, 34.052489], [-118.659558, 34.05246], [-118.659514, 34.052331], [-118.659469, 34.052254], [-118.659406, 34.052185], [-118.659344, 34.052119], [-118.65921, 34.052032], [-118.658988, 34.051864], [-118.65896, 34.051823], [-118.658875, 34.051711], [-118.658813, 34.051665], [-118.658687, 34.051592], [-118.658541, 34.051492], [-118.658389, 34.051376], [-118.658279, 34.05133], [-118.658149, 34.051284], [-118.658031, 34.051231], [-118.657925, 34.051165], [-118.657729, 34.051008], [-118.657569, 34.050845], [-118.657541, 34.050815], [-118.657524, 34.05078], [-118.657522, 34.050741], [-118.657542, 34.050699], [-118.65761, 34.050627], [-118.65772, 34.050509], [-118.657838, 34.05036], [-118.657862, 34.050336], [-118.657901, 34.050309], [-118.657956, 34.050288], [-118.658017, 34.050272], [-118.658199, 34.050218], [-118.658299, 34.050176], [-118.658323, 34.050147], [-118.65834, 34.050105], [-118.658339, 34.050066], [-118.658325, 34.050029], [-118.65827, 34.049872], [-118.658249, 34.049696], [-118.658256, 34.049589], [-118.658312, 34.049364], [-118.658355, 34.049223], [-118.65835, 34.049187], [-118.658335, 34.049159], [-118.658303, 34.049149], [-118.658269, 34.049159], [-118.65823, 34.049181], [-118.658164, 34.049238], [-118.658068, 34.049302], [-118.657969, 34.049352], [-118.657692, 34.049459], [-118.657614, 34.049499], [-118.657539, 34.049518], [-118.657491, 34.049513], [-118.657445, 34.049495], [-118.657414, 34.049471], [-118.657373, 34.049419], [-118.657355, 34.049385], [-118.657352, 34.04934], [-118.657361, 34.049304], [-118.657381, 34.049269], [-118.657418, 34.049212], [-118.657469, 34.04909], [-118.657543, 34.048922], [-118.657557, 34.048879], [-118.657542, 34.048856], [-118.657514, 34.048846], [-118.657438, 34.048871], [-118.657394, 34.04888], [-118.657146, 34.048861], [-118.657107, 34.048877], [-118.657074, 34.048897], [-118.657055, 34.048939], [-118.657004, 34.049079], [-118.656967, 34.04914], [-118.656937, 34.049175], [-118.656883, 34.049207], [-118.65683, 34.049222], [-118.656755, 34.04922], [-118.65668, 34.049204], [-118.656352, 34.049092], [-118.656246, 34.049055], [-118.656152, 34.048987], [-118.656111, 34.048959], [-118.656029, 34.048774], [-118.655977, 34.048487], [-118.655951, 34.048444], [-118.655789, 34.048253], [-118.65566, 34.048055], [-118.655612, 34.048033], [-118.655558, 34.048035], [-118.655314, 34.048132], [-118.655256, 34.048115], [-118.654697, 34.047817], [-118.654582, 34.047787], [-118.654479, 34.047782], [-118.654238, 34.047885], [-118.654166, 34.047894], [-118.654104, 34.047863], [-118.653929, 34.047595], [-118.653895, 34.047561], [-118.653832, 34.047525], [-118.653478, 34.047394], [-118.653426, 34.04736], [-118.653377, 34.047305], [-118.653343, 34.047227], [-118.653237, 34.046973], [-118.653139, 34.046876], [-118.653104, 34.046831], [-118.653074, 34.046772], [-118.653061, 34.046708], [-118.653101, 34.046482], [-118.653094, 34.04637], [-118.653075, 34.046309], [-118.652959, 34.046065], [-118.652934, 34.045978], [-118.65294, 34.045884], [-118.652982, 34.045748], [-118.652994, 34.045662], [-118.652976, 34.045583], [-118.652938, 34.045497], [-118.652867, 34.045395], [-118.652774, 34.045306], [-118.652671, 34.045238], [-118.652626, 34.045177], [-118.652605, 34.045052], [-118.652543, 34.044832], [-118.652539, 34.04476], [-118.652586, 34.044572], [-118.652589, 34.044516], [-118.652563, 34.044452], [-118.652472, 34.044344], [-118.65227, 34.044194], [-118.652238, 34.044139], [-118.652231, 34.044084], [-118.652263, 34.043949], [-118.652259, 34.043885], [-118.652238, 34.043799], [-118.652122, 34.043594], [-118.652075, 34.043475], [-118.652094, 34.043417], [-118.652061, 34.043372], [-118.65193, 34.042999], [-118.651858, 34.042807], [-118.651686, 34.042503], [-118.651659, 34.04241], [-118.651647, 34.042213], [-118.651632, 34.042126], [-118.651542, 34.041819], [-118.65153, 34.041729], [-118.651536, 34.041637], [-118.65157, 34.041553], [-118.651639, 34.04146], [-118.651939, 34.041141], [-118.652009, 34.041046], [-118.652051, 34.040943], [-118.652042, 34.040812], [-118.652009, 34.040711], [-118.651942, 34.040601], [-118.651729, 34.040346], [-118.651595, 34.040218], [-118.651519, 34.040175], [-118.651424, 34.040145], [-118.651252, 34.040104], [-118.65117, 34.040065], [-118.651067, 34.03999], [-118.650974, 34.039867], [-118.650204, 34.03885], [-118.65015, 34.038763], [-118.6501, 34.038619], [-118.650072, 34.038492], [-118.650063, 34.038374], [-118.650089, 34.038229], [-118.650118, 34.038087], [-118.650238, 34.038106], [-118.650693, 34.03818], [-118.653455, 34.038638], [-118.654308, 34.038771], [-118.654688, 34.038824], [-118.655295, 34.038895], [-118.65746, 34.039098], [-118.659622, 34.039301], [-118.659888, 34.039325], [-118.660051, 34.039342], [-118.660427, 34.039379], [-118.660885, 34.039422], [-118.662783, 34.039597], [-118.663392, 34.039641], [-118.663858, 34.039662], [-118.664197, 34.039672], [-118.664647, 34.039676], [-118.665101, 34.039674], [-118.665188, 34.039672], [-118.66528, 34.03967], [-118.665409, 34.039666], [-118.66547, 34.039663], [-118.665675, 34.039652], [-118.666013, 34.039636], [-118.666237, 34.039623], [-118.666254, 34.039623], [-118.66652, 34.039605], [-118.666664, 34.039595], [-118.666941, 34.039582], [-118.667175, 34.039571], [-118.667323, 34.039563], [-118.667549, 34.039552], [-118.669053, 34.039464], [-118.669249, 34.039453], [-118.66938, 34.039445], [-118.669437, 34.039442], [-118.66952, 34.039438], [-118.669621, 34.039435], [-118.66964, 34.039434], [-118.669887, 34.039419], [-118.670106, 34.039409], [-118.670187, 34.039404], [-118.670757, 34.039366], [-118.670837, 34.039358], [-118.671087, 34.039332], [-118.671163, 34.039324], [-118.671188, 34.039321]]}}, {"type": "Feature", "properties": {"GEOID": "06037800506", "durationMin": 6.0, "distKm": 3.0, "targetScore": 97, "walkMin": 32.2, "bikeMin": 10.7, "driveMin": 4.0}, "geometry": {"type": "LineString", "coordinates": [[-118.600131, 34.055217], [-118.600131, 34.055217], [-118.599901, 34.055086], [-118.599716, 34.054962], [-118.59956, 34.054904], [-118.599375, 34.054908], [-118.599265, 34.054862], [-118.599219, 34.05477], [-118.599217, 34.054579], [-118.59923, 34.05447], [-118.599211, 34.054373], [-118.59915, 34.054286], [-118.59904, 34.054202], [-118.598962, 34.054099], [-118.598828, 34.054022], [-118.59867, 34.053966], [-118.598519, 34.053926], [-118.598474, 34.053877], [-118.598452, 34.053768], [-118.598484, 34.053668], [-118.598535, 34.053573], [-118.598514, 34.053499], [-118.598433, 34.053437], [-118.598286, 34.05339], [-118.598206, 34.05335], [-118.598144, 34.053282], [-118.598055, 34.05323], [-118.597956, 34.053199], [-118.597889, 34.05315], [-118.597811, 34.053097], [-118.597723, 34.053055], [-118.597653, 34.052988], [-118.597575, 34.052855], [-118.597487, 34.052779], [-118.597361, 34.052713], [-118.597221, 34.052639], [-118.597141, 34.052542], [-118.597151, 34.052428], [-118.597243, 34.052319], [-118.597291, 34.05221], [-118.59732, 34.052113], [-118.597436, 34.051979], [-118.597551, 34.05189], [-118.597613, 34.051806], [-118.59757, 34.051733], [-118.59742, 34.051666], [-118.597141, 34.051637], [-118.596864, 34.051659], [-118.596749, 34.051621], [-118.59673, 34.051528], [-118.5968, 34.051393], [-118.596969, 34.05109], [-118.59702, 34.050966], [-118.59698, 34.050813], [-118.596832, 34.050517], [-118.596832, 34.050397], [-118.596889, 34.050284], [-118.596974, 34.050173], [-118.596982, 34.050068], [-118.596926, 34.049961], [-118.596784, 34.049913], [-118.596332, 34.049868], [-118.596267, 34.04986], [-118.596203, 34.049838], [-118.596156, 34.049799], [-118.59613, 34.049758], [-118.5961, 34.049604], [-118.596076, 34.049552], [-118.596029, 34.049509], [-118.595781, 34.04932], [-118.595513, 34.049121], [-118.595396, 34.049051], [-118.595238, 34.04894], [-118.595007, 34.0487], [-118.594373, 34.047915], [-118.59424, 34.047752], [-118.594175, 34.047634], [-118.594153, 34.047519], [-118.594161, 34.047366], [-118.59415, 34.047259], [-118.594094, 34.047099], [-118.594059, 34.046984], [-118.594003, 34.046927], [-118.593925, 34.046895], [-118.593727, 34.046823], [-118.593569, 34.04676], [-118.592956, 34.046512], [-118.592614, 34.04642], [-118.592494, 34.046386], [-118.592037, 34.046321], [-118.591895, 34.046321], [-118.591795, 34.046365], [-118.591675, 34.046423], [-118.591618, 34.04644], [-118.591573, 34.046444], [-118.591487, 34.046445], [-118.591401, 34.046435], [-118.591285, 34.046403], [-118.591231, 34.046368], [-118.59118, 34.046319], [-118.590898, 34.045927], [-118.590844, 34.045881], [-118.590783, 34.045842], [-118.590696, 34.045812], [-118.590612, 34.045803], [-118.590274, 34.045797], [-118.590161, 34.045786], [-118.590055, 34.045753], [-118.589997, 34.045729], [-118.589939, 34.045696], [-118.589871, 34.045659], [-118.589799, 34.04563], [-118.589725, 34.045623], [-118.589652, 34.045632], [-118.589599, 34.045651], [-118.589564, 34.045667], [-118.589514, 34.045709], [-118.589491, 34.045761], [-118.589499, 34.0458], [-118.58952, 34.045831], [-118.589569, 34.045874], [-118.589632, 34.045902], [-118.589744, 34.045928], [-118.589814, 34.045956], [-118.589878, 34.046001], [-118.589974, 34.046116], [-118.590089, 34.046221], [-118.590203, 34.046305], [-118.590415, 34.046453], [-118.590473, 34.046508], [-118.590498, 34.046545], [-118.590505, 34.046583], [-118.590502, 34.046619], [-118.59049, 34.046653], [-118.590464, 34.046682], [-118.590436, 34.046702], [-118.590399, 34.046722], [-118.590345, 34.046722], [-118.590312, 34.046714], [-118.589888, 34.046529], [-118.589006, 34.046361], [-118.58892, 34.046339], [-118.588849, 34.046309], [-118.588799, 34.046275], [-118.58867, 34.046148], [-118.588536, 34.045957], [-118.58837, 34.045696], [-118.58834, 34.045645], [-118.588322, 34.045584], [-118.588317, 34.045546], [-118.588345, 34.045435], [-118.588397, 34.045337], [-118.588641, 34.045037], [-118.588765, 34.04479], [-118.588773, 34.044657], [-118.58879, 34.044541], [-118.588843, 34.044387], [-118.588987, 34.044088], [-118.589067, 34.043989], [-118.589226, 34.043909], [-118.589522, 34.043774], [-118.589796, 34.043689], [-118.589902, 34.043677], [-118.589972, 34.043631], [-118.590009, 34.043566], [-118.590021, 34.043489], [-118.590014, 34.043443], [-118.589974, 34.043389], [-118.589924, 34.043335], [-118.589849, 34.04327], [-118.58981, 34.043202], [-118.589662, 34.042834], [-118.589619, 34.042674], [-118.589607, 34.042591], [-118.589627, 34.042425], [-118.589625, 34.042342], [-118.589546, 34.042162], [-118.589485, 34.041933], [-118.58939, 34.041628], [-118.589283, 34.041374], [-118.58922, 34.041291], [-118.58915, 34.041238], [-118.589055, 34.041187], [-118.588938, 34.041121], [-118.588871, 34.041057], [-118.588845, 34.040938], [-118.588852, 34.040765], [-118.588911, 34.040443], [-118.58897, 34.040232], [-118.589056, 34.040072], [-118.589263, 34.039797], [-118.589438, 34.039559], [-118.589465, 34.039457], [-118.589223, 34.039433], [-118.588345, 34.039409], [-118.588186, 34.039398], [-118.587955, 34.03937], [-118.587716, 34.03932], [-118.586197, 34.038938], [-118.585561, 34.038805], [-118.585374, 34.038782], [-118.585225, 34.038768], [-118.585074, 34.038765], [-118.584924, 34.038765], [-118.58467, 34.03878], [-118.584534, 34.038797], [-118.584456, 34.038806], [-118.584245, 34.038844], [-118.583884, 34.038936], [-118.583647, 34.039004], [-118.583498, 34.039046], [-118.58324, 34.039127], [-118.582984, 34.039202], [-118.582748, 34.039274], [-118.582517, 34.03934], [-118.582259, 34.03942], [-118.58205, 34.039482], [-118.581779, 34.039563], [-118.581117, 34.039759], [-118.580736, 34.039871], [-118.580419, 34.03996], [-118.580087, 34.040039], [-118.579963, 34.040061], [-118.57988, 34.040076], [-118.579724, 34.040096], [-118.579694, 34.040099], [-118.579448, 34.040112], [-118.579303, 34.040109], [-118.579202, 34.040071], [-118.579169, 34.040071], [-118.578783, 34.040074], [-118.578728, 34.040073], [-118.578516, 34.040071], [-118.578242, 34.040068], [-118.577735, 34.04004], [-118.5772, 34.039966], [-118.576806, 34.039912], [-118.5763, 34.039914], [-118.576123, 34.039932], [-118.575876, 34.039983], [-118.575645, 34.040056]]}}, {"type": "Feature", "properties": {"GEOID": "06037186401", "durationMin": 1.7, "distKm": 0.23, "targetScore": 96, "walkMin": 2.0, "bikeMin": 0.7, "driveMin": 0.2}, "geometry": {"type": "LineString", "coordinates": [[-118.245341, 34.117816], [-118.245703, 34.118166], [-118.245481, 34.118317], [-118.245031, 34.118622], [-118.244083, 34.117683], [-118.244594, 34.11733], [-118.244847, 34.117156], [-118.244963, 34.117073], [-118.245026, 34.117007], [-118.245089, 34.116939], [-118.245205, 34.116817], [-118.245281, 34.116737], [-118.245335, 34.11668], [-118.245412, 34.116597], [-118.245547, 34.116471], [-118.245585, 34.116435], [-118.246236, 34.115926], [-118.246276, 34.115894], [-118.246608, 34.115634], [-118.246582, 34.115608], [-118.24646, 34.115489]]}}, {"type": "Feature", "properties": {"GEOID": "06037402902", "durationMin": 0.9, "distKm": 0.39, "targetScore": 97, "walkMin": 6.1, "bikeMin": 2.0, "driveMin": 0.8}, "geometry": {"type": "LineString", "coordinates": [[-117.744937, 34.034005], [-117.744935, 34.03392], [-117.744924, 34.03354], [-117.744921, 34.033412], [-117.746845, 34.033364], [-117.747154, 34.033357], [-117.747396, 34.033351], [-117.748144, 34.033335], [-117.748562, 34.033325], [-117.748606, 34.033324], [-117.748743, 34.033322], [-117.74906, 34.033315], [-117.749204, 34.033312], [-117.749213, 34.033514], [-117.749215, 34.033558]]}}, {"type": "Feature", "properties": {"GEOID": "06037403000", "durationMin": 1.8, "distKm": 0.51, "targetScore": 99, "walkMin": 8.7, "bikeMin": 2.9, "driveMin": 1.1}, "geometry": {"type": "LineString", "coordinates": [[-117.756387, 34.038078], [-117.756373, 34.037612], [-117.756454, 34.037303], [-117.756444, 34.036767], [-117.755563, 34.036785], [-117.753953, 34.036827], [-117.753915, 34.036828], [-117.753754, 34.036833], [-117.753751, 34.036718], [-117.75375, 34.036689], [-117.753741, 34.036432], [-117.753732, 34.036138], [-117.753703, 34.035238], [-117.753686, 34.034699], [-117.753682, 34.034598], [-117.753665, 34.033661], [-117.753663, 34.033533], [-117.754187, 34.033676], [-117.754604, 34.03372], [-117.754658, 34.03372], [-117.754977, 34.03372], [-117.755266, 34.033687], [-117.755391, 34.033663], [-117.755692, 34.03359], [-117.755933, 34.033515]]}}, {"type": "Feature", "properties": {"GEOID": "06037910211", "durationMin": 3.7, "distKm": 2.11, "targetScore": 90, "walkMin": 27.0, "bikeMin": 9.0, "driveMin": 3.4}, "geometry": {"type": "LineString", "coordinates": [[-118.196691, 34.638319], [-118.199048, 34.638294], [-118.201252, 34.63827], [-118.20561, 34.638264], [-118.207723, 34.638265], [-118.20997, 34.638271], [-118.212773, 34.638229], [-118.214508, 34.638219], [-118.215718, 34.638224], [-118.21599, 34.638226], [-118.216023, 34.638226], [-118.216149, 34.638226], [-118.216559, 34.638228], [-118.217782, 34.638234], [-118.217991, 34.638235], [-118.218626, 34.638237], [-118.218555, 34.640046], [-118.218504, 34.641428], [-118.218485, 34.641819], [-118.218483, 34.642219], [-118.218479, 34.642696], [-118.218477, 34.643089], [-118.218475, 34.643482], [-118.218468, 34.643854], [-118.21846, 34.644289], [-118.218457, 34.644509], [-118.218456, 34.644528], [-118.218453, 34.644655]]}}, {"type": "Feature", "properties": {"GEOID": "06037404702", "durationMin": 1.2, "distKm": 0.38, "targetScore": 95, "walkMin": 2.2, "bikeMin": 0.7, "driveMin": 0.3}, "geometry": {"type": "LineString", "coordinates": [[-117.985091, 34.070689], [-117.984558, 34.070344], [-117.984403, 34.07025], [-117.984305, 34.07018], [-117.984007, 34.070016], [-117.983761, 34.069901], [-117.9836, 34.069802], [-117.983551, 34.069765], [-117.983346, 34.069629], [-117.98281, 34.069232], [-117.982306, 34.06886], [-117.98204, 34.068675], [-117.981621, 34.069064], [-117.981395, 34.069274]]}}, {"type": "Feature", "properties": {"GEOID": "06037404703", "durationMin": 1.4, "distKm": 0.42, "targetScore": 98, "walkMin": 2.2, "bikeMin": 0.7, "driveMin": 0.3}, "geometry": {"type": "LineString", "coordinates": [[-117.990389, 34.064228], [-117.990311, 34.064309], [-117.990168, 34.064471], [-117.990082, 34.064415], [-117.989591, 34.064926], [-117.989313, 34.065216], [-117.989139, 34.065398], [-117.988476, 34.064953], [-117.988429, 34.064922], [-117.988107, 34.064705], [-117.986864, 34.063869], [-117.986482, 34.063607], [-117.98598, 34.063275], [-117.985806, 34.06345]]}}, {"type": "Feature", "properties": {"GEOID": "06037900807", "durationMin": 2.2, "distKm": 0.83, "targetScore": 95, "walkMin": 11.3, "bikeMin": 3.8, "driveMin": 1.4}, "geometry": {"type": "LineString", "coordinates": [[-118.161594, 34.711306], [-118.161595, 34.711007], [-118.161548, 34.708782], [-118.161532, 34.707656], [-118.161514, 34.705908], [-118.161478, 34.704212], [-118.161478, 34.704193], [-118.161477, 34.704161], [-118.161474, 34.70402], [-118.161577, 34.704021], [-118.161613, 34.704021], [-118.162833, 34.704031], [-118.162987, 34.704095], [-118.163835, 34.704103], [-118.164173, 34.704106]]}}, {"type": "Feature", "properties": {"GEOID": "06037910720", "durationMin": 4.1, "distKm": 0.82, "targetScore": 91, "walkMin": 9.5, "bikeMin": 3.2, "driveMin": 1.2}, "geometry": {"type": "LineString", "coordinates": [[-118.052393, 34.564512], [-118.052375, 34.565045], [-118.053567, 34.565064], [-118.053469, 34.564375], [-118.053092, 34.563596], [-118.053303, 34.563519], [-118.053894, 34.563312], [-118.05434, 34.564076], [-118.054463, 34.564631], [-118.054485, 34.564859], [-118.054498, 34.565586], [-118.053447, 34.565561], [-118.053176, 34.565554], [-118.052511, 34.565538], [-118.051728, 34.56552], [-118.04953, 34.565458], [-118.048571, 34.565455], [-118.047277, 34.565448], [-118.046688, 34.565434], [-118.045104, 34.565417], [-118.045105, 34.565318], [-118.045112, 34.564725], [-118.045117, 34.564309], [-118.045141, 34.56221], [-118.045143, 34.561781], [-118.045146, 34.561317], [-118.045165, 34.56078], [-118.04517, 34.560397], [-118.04518, 34.559937], [-118.045183, 34.559708], [-118.045191, 34.55947], [-118.045282, 34.559038], [-118.045295, 34.55877], [-118.04534, 34.558226], [-118.045347, 34.558139], [-118.045459, 34.55814], [-118.046224, 34.558148], [-118.046577, 34.558144], [-118.047204, 34.558135]]}}, {"type": "Feature", "properties": {"GEOID": "06037900301", "durationMin": 1.1, "distKm": 1.04, "targetScore": 96, "walkMin": 21.1, "bikeMin": 7.0, "driveMin": 2.6}, "geometry": {"type": "LineString", "coordinates": [[-118.06721, 34.697201], [-118.059226, 34.697255], [-118.056993, 34.697269], [-118.056691, 34.697271]]}}, {"type": "Feature", "properties": {"GEOID": "06037900610", "durationMin": 2.6, "distKm": 0.8, "targetScore": 93, "walkMin": 14.4, "bikeMin": 4.8, "driveMin": 1.8}, "geometry": {"type": "LineString", "coordinates": [[-118.084814, 34.709084], [-118.084496, 34.709089], [-118.084262, 34.709089], [-118.084261, 34.708565], [-118.084259, 34.707981], [-118.084114, 34.707981], [-118.084088, 34.707946], [-118.084047, 34.707934], [-118.084013, 34.707933], [-118.08397, 34.707957], [-118.083957, 34.707988], [-118.083797, 34.707987], [-118.083794, 34.705842], [-118.083763, 34.704333], [-118.082112, 34.704351], [-118.081516, 34.704357], [-118.079302, 34.704371], [-118.078971, 34.704376], [-118.078969, 34.704325]]}}, {"type": "Feature", "properties": {"GEOID": "06037901215", "durationMin": 2.7, "distKm": 0.91, "targetScore": 96, "walkMin": 11.5, "bikeMin": 3.8, "driveMin": 1.4}, "geometry": {"type": "LineString", "coordinates": [[-118.246089, 34.654348], [-118.24686, 34.65434], [-118.247414, 34.65449], [-118.247591, 34.654175], [-118.247666, 34.654011], [-118.247715, 34.653836], [-118.247779, 34.653514], [-118.247829, 34.653204], [-118.247839, 34.652933], [-118.24644, 34.652923], [-118.245139, 34.652929], [-118.244985, 34.652929], [-118.244829, 34.652924], [-118.243764, 34.65289], [-118.240631, 34.652935], [-118.238394, 34.652935], [-118.236387, 34.652932], [-118.236174, 34.652932], [-118.236178, 34.653047], [-118.236196, 34.653582], [-118.236208, 34.653971]]}}, {"type": "Feature", "properties": {"GEOID": "06037261103", "durationMin": 3.1, "distKm": 0.34, "targetScore": 95, "walkMin": 8.1, "bikeMin": 2.7, "driveMin": 1.0}, "geometry": {"type": "LineString", "coordinates": [[-118.386599, 34.117482], [-118.386467, 34.117312], [-118.386276, 34.117077], [-118.386163, 34.116962], [-118.385986, 34.116782], [-118.385836, 34.116582], [-118.385656, 34.116324], [-118.385602, 34.116268], [-118.385576, 34.116246], [-118.38554, 34.116215], [-118.385417, 34.11612], [-118.385023, 34.115827], [-118.38481, 34.115689], [-118.384686, 34.115637], [-118.384516, 34.115598], [-118.384356, 34.115579], [-118.384174, 34.115584], [-118.384087, 34.115568], [-118.384017, 34.115521], [-118.383964, 34.115462], [-118.383928, 34.115383], [-118.3839, 34.115329], [-118.38391, 34.115271], [-118.384034, 34.11511], [-118.384076, 34.115073], [-118.38413, 34.115054], [-118.384186, 34.115058], [-118.384261, 34.11508], [-118.384342, 34.115077], [-118.384418, 34.115046], [-118.384472, 34.114987], [-118.384511, 34.114964], [-118.38457, 34.114964], [-118.38462, 34.114989], [-118.384651, 34.115028], [-118.38469, 34.115095], [-118.384756, 34.115144], [-118.384958, 34.115229], [-118.385035, 34.115254], [-118.385101, 34.115251], [-118.385163, 34.115218], [-118.385385, 34.115054], [-118.385451, 34.115024], [-118.385501, 34.115014], [-118.385564, 34.115018], [-118.385623, 34.115041], [-118.38566, 34.115078], [-118.385702, 34.115218], [-118.385777, 34.11533], [-118.385835, 34.115411], [-118.385893, 34.115482], [-118.38606, 34.115646], [-118.386232, 34.115772], [-118.386382, 34.115861], [-118.386495, 34.115913], [-118.386624, 34.115928], [-118.386708, 34.115908], [-118.386762, 34.115884], [-118.387614, 34.116985], [-118.387704, 34.11704], [-118.387825, 34.117114], [-118.387957, 34.117194], [-118.388361, 34.11739], [-118.388574, 34.117466], [-118.388619, 34.117482], [-118.388879, 34.117494], [-118.388945, 34.117497], [-118.389396, 34.117393], [-118.390303, 34.11717], [-118.390445, 34.117615], [-118.390453, 34.117749], [-118.390393, 34.117883], [-118.390212, 34.118055], [-118.390016, 34.118163], [-118.389962, 34.118184]]}}, {"type": "Feature", "properties": {"GEOID": "06037920050", "durationMin": 61.6, "distKm": 7.03, "targetScore": 94, "walkMin": 80.8, "bikeMin": 26.9, "driveMin": 10.1}, "geometry": {"type": "LineString", "coordinates": [[-118.419028, 34.542817], [-118.419028, 34.542817], [-118.419245, 34.542751], [-118.42009, 34.542036], [-118.420114, 34.541884], [-118.420218, 34.541711], [-118.420524, 34.541592], [-118.420854, 34.541625], [-118.421143, 34.541824], [-118.421344, 34.541937], [-118.421698, 34.541917], [-118.422076, 34.54193], [-118.422454, 34.541778], [-118.422775, 34.541897], [-118.423145, 34.541844], [-118.423515, 34.54187], [-118.423885, 34.542029], [-118.424118, 34.542043], [-118.424585, 34.54193], [-118.425043, 34.541897], [-118.425389, 34.541744], [-118.425541, 34.541287], [-118.425541, 34.540963], [-118.425405, 34.540771], [-118.425316, 34.540486], [-118.425574, 34.539598], [-118.425911, 34.539287], [-118.42612, 34.538784], [-118.426313, 34.538552], [-118.426611, 34.537956], [-118.427214, 34.537452], [-118.427463, 34.537167], [-118.427487, 34.536737], [-118.427608, 34.536339], [-118.4276, 34.536028], [-118.427407, 34.535472], [-118.427391, 34.534856], [-118.427351, 34.534041], [-118.427576, 34.53363], [-118.427584, 34.533398], [-118.426949, 34.532915], [-118.426788, 34.532637], [-118.426707, 34.532213], [-118.426829, 34.531966], [-118.426789, 34.531527], [-118.427002, 34.53116], [-118.427402, 34.530891], [-118.427722, 34.530507], [-118.427841, 34.530128], [-118.427921, 34.529777], [-118.428015, 34.529168], [-118.428228, 34.528592], [-118.428521, 34.528466], [-118.428634, 34.528296], [-118.428514, 34.527533], [-118.428541, 34.527424], [-118.428727, 34.527105], [-118.429047, 34.526985], [-118.42942, 34.526683], [-118.429773, 34.526518], [-118.430046, 34.526261], [-118.430139, 34.526162], [-118.430472, 34.526129], [-118.430871, 34.52592], [-118.430971, 34.525706], [-118.431258, 34.525443], [-118.431351, 34.525213], [-118.431411, 34.52484], [-118.431484, 34.524598], [-118.431657, 34.524477], [-118.43195, 34.524307], [-118.432157, 34.524093], [-118.432523, 34.524], [-118.433076, 34.523781], [-118.433442, 34.523501], [-118.433482, 34.523364], [-118.433582, 34.523221], [-118.433955, 34.523062], [-118.434154, 34.522886], [-118.434221, 34.522552], [-118.434427, 34.52231], [-118.434731, 34.521707], [-118.434976, 34.521579], [-118.435501, 34.52099], [-118.436092, 34.520612], [-118.436131, 34.520686], [-118.436003, 34.520854], [-118.43557, 34.521368], [-118.435468, 34.521777], [-118.435213, 34.522019], [-118.435162, 34.522376], [-118.435035, 34.522649], [-118.435226, 34.522995], [-118.435047, 34.52331], [-118.434856, 34.523562], [-118.434882, 34.523656], [-118.435162, 34.523814], [-118.435226, 34.524087], [-118.435149, 34.524549], [-118.434971, 34.524717], [-118.434856, 34.525053], [-118.434625, 34.525212], [-118.434344, 34.525456], [-118.43401, 34.525576], [-118.433967, 34.525665], [-118.434441, 34.525999], [-118.434754, 34.526127], [-118.435499, 34.526545], [-118.435563, 34.52677], [-118.435832, 34.526902], [-118.436055, 34.52698], [-118.436379, 34.526987], [-118.436457, 34.527095], [-118.43637, 34.527275], [-118.43588, 34.527599], [-118.435732, 34.527642], [-118.435575, 34.527591], [-118.435426, 34.527527], [-118.435365, 34.527584], [-118.43533, 34.52798], [-118.435397, 34.528236], [-118.435434, 34.528403], [-118.435093, 34.528886], [-118.434959, 34.529088], [-118.435039, 34.529246], [-118.435139, 34.529222], [-118.435582, 34.528783], [-118.436216, 34.528491], [-118.43633, 34.528261], [-118.436571, 34.528178], [-118.436837, 34.528199], [-118.437305, 34.527927], [-118.43766, 34.527614], [-118.438695, 34.527327], [-118.439683, 34.527393], [-118.439873, 34.527463], [-118.439948, 34.527557], [-118.440028, 34.527586], [-118.440232, 34.527488], [-118.440881, 34.527446], [-118.441031, 34.527541], [-118.441161, 34.527566], [-118.44123, 34.527504], [-118.441156, 34.527422], [-118.440886, 34.527385], [-118.440552, 34.527191], [-118.440247, 34.52715], [-118.440147, 34.527196], [-118.440038, 34.527183], [-118.439733, 34.526801], [-118.439583, 34.526698], [-118.439194, 34.52669], [-118.439054, 34.526682], [-118.438984, 34.526612], [-118.439149, 34.52648], [-118.439479, 34.526287], [-118.439753, 34.5262], [-118.439928, 34.526213], [-118.440008, 34.526283], [-118.440152, 34.526357], [-118.440377, 34.526242], [-118.440866, 34.526081], [-118.441071, 34.526098], [-118.44144, 34.526172], [-118.441665, 34.526098], [-118.441779, 34.52602], [-118.44175, 34.525847], [-118.44159, 34.525789], [-118.44126, 34.52558], [-118.441196, 34.525456], [-118.441275, 34.525415], [-118.441795, 34.525511], [-118.442108, 34.525618], [-118.442071, 34.52578], [-118.442024, 34.525944], [-118.442021, 34.526128], [-118.441895, 34.526222], [-118.441807, 34.52627], [-118.441722, 34.526371], [-118.441749, 34.526434], [-118.441848, 34.526456], [-118.442223, 34.526502], [-118.442305, 34.526569], [-118.442425, 34.526796], [-118.442669, 34.527183], [-118.442837, 34.527383], [-118.442836, 34.527345], [-118.442825, 34.527288], [-118.442803, 34.527219], [-118.44273, 34.527051], [-118.442586, 34.526813], [-118.442486, 34.526563], [-118.442439, 34.526297], [-118.442464, 34.526045], [-118.442648, 34.5256], [-118.442669, 34.525464], [-118.442618, 34.525307], [-118.442477, 34.525184], [-118.441988, 34.525053], [-118.441767, 34.525004], [-118.441603, 34.524899], [-118.441535, 34.524844], [-118.441478, 34.524785], [-118.44141, 34.524684], [-118.441368, 34.524583], [-118.441356, 34.524413], [-118.441376, 34.524299], [-118.441422, 34.524181], [-118.441565, 34.523953], [-118.441708, 34.523812], [-118.441828, 34.523719], [-118.441967, 34.52364], [-118.442339, 34.523471], [-118.442834, 34.523246], [-118.443209, 34.523083], [-118.443325, 34.523013], [-118.44344, 34.522925], [-118.44354, 34.522832], [-118.443626, 34.522739], [-118.443899, 34.522399], [-118.444085, 34.522184], [-118.444424, 34.521903], [-118.444771, 34.521674], [-118.444945, 34.521548], [-118.445026, 34.521448], [-118.445089, 34.521337], [-118.445142, 34.521182], [-118.445244, 34.520693], [-118.445275, 34.520594], [-118.445323, 34.520507], [-118.445395, 34.520397], [-118.445505, 34.520308], [-118.445853, 34.520095], [-118.445974, 34.520016], [-118.446058, 34.519919], [-118.446465, 34.519359], [-118.446648, 34.519206], [-118.446825, 34.519097], [-118.446883, 34.519061], [-118.446927, 34.519015], [-118.446975, 34.518929], [-118.447004, 34.518835], [-118.447022, 34.518728], [-118.446972, 34.517873], [-118.446987, 34.517733], [-118.447008, 34.517623], [-118.447044, 34.517534], [-118.447099, 34.517454], [-118.447357, 34.517181], [-118.447665, 34.516868], [-118.447817, 34.516642], [-118.448106, 34.516384], [-118.448389, 34.516249], [-118.44853, 34.516176], [-118.448624, 34.516067], [-118.448672, 34.515931], [-118.448646, 34.51578], [-118.448509, 34.515449], [-118.448436, 34.515147], [-118.448467, 34.51487], [-118.448539, 34.514746], [-118.448684, 34.514558], [-118.448958, 34.51435], [-118.449228, 34.514237], [-118.449585, 34.514092], [-118.449676, 34.51401], [-118.449713, 34.513931], [-118.449714, 34.513854], [-118.449677, 34.513764], [-118.449289, 34.513333], [-118.449155, 34.513162], [-118.44913, 34.512988], [-118.449201, 34.512778], [-118.449352, 34.512551], [-118.449549, 34.512347], [-118.449841, 34.512175], [-118.450063, 34.512033], [-118.450357, 34.511856], [-118.450597, 34.511552], [-118.45087, 34.511037], [-118.451043, 34.510658], [-118.451177, 34.510179], [-118.451241, 34.509986], [-118.451307, 34.509822], [-118.45138, 34.509691], [-118.451512, 34.509619], [-118.452071, 34.509422], [-118.4524, 34.509376], [-118.452586, 34.509319], [-118.452729, 34.509251], [-118.452818, 34.509153], [-118.452857, 34.509041], [-118.452851, 34.508838], [-118.452792, 34.508287], [-118.452692, 34.507724], [-118.452542, 34.507401], [-118.452212, 34.506968], [-118.452052, 34.506856], [-118.451935, 34.506752], [-118.451823, 34.506605], [-118.451724, 34.506469], [-118.451606, 34.506296], [-118.451574, 34.506029], [-118.4516, 34.505853], [-118.451708, 34.505667], [-118.451892, 34.505504], [-118.452326, 34.505243], [-118.452615, 34.505099], [-118.452848, 34.504928], [-118.452982, 34.504771], [-118.453084, 34.50456], [-118.453121, 34.504291], [-118.453136, 34.503582], [-118.453135, 34.502814], [-118.453188, 34.502415], [-118.453203, 34.502384], [-118.453429, 34.501899], [-118.453625, 34.501677], [-118.45389, 34.501396], [-118.454489, 34.500957], [-118.454708, 34.500764], [-118.454888, 34.500537], [-118.455145, 34.500192], [-118.455666, 34.499433], [-118.456486, 34.498209], [-118.457285, 34.49713], [-118.457365, 34.497002], [-118.45756, 34.496726], [-118.457885, 34.496205], [-118.458019, 34.495964], [-118.458098, 34.495784], [-118.458157, 34.495521], [-118.458209, 34.495209], [-118.458232, 34.494854], [-118.458326, 34.493968], [-118.458375, 34.493627], [-118.458484, 34.493401], [-118.45873, 34.493225], [-118.459082, 34.493057], [-118.459147, 34.493027], [-118.459527, 34.492854], [-118.459815, 34.492714], [-118.460022, 34.492603], [-118.460207, 34.492465], [-118.460436, 34.492279], [-118.460594, 34.49207], [-118.461092, 34.491257], [-118.461759, 34.490184], [-118.461875, 34.489999], [-118.462216, 34.48945], [-118.462235, 34.48942], [-118.462583, 34.48886], [-118.462897, 34.488354], [-118.463403, 34.487541], [-118.463486, 34.487407], [-118.463826, 34.48686], [-118.463958, 34.486648], [-118.464124, 34.486381], [-118.464146, 34.486346], [-118.464293, 34.486105], [-118.464415, 34.485839], [-118.464427, 34.485813], [-118.464525, 34.485511], [-118.464549, 34.485418], [-118.464615, 34.485159], [-118.464688, 34.484874], [-118.464754, 34.484635], [-118.46482, 34.484393], [-118.464844, 34.48428], [-118.464866, 34.484179], [-118.464933, 34.483872], [-118.464948, 34.483801], [-118.464959, 34.483764], [-118.465202, 34.482954], [-118.4653, 34.482729], [-118.465459, 34.482447], [-118.465946, 34.481864], [-118.466028, 34.48168], [-118.466134, 34.481439], [-118.466138, 34.481382], [-118.466156, 34.481152], [-118.466159, 34.481096], [-118.466172, 34.480867], [-118.466109, 34.480654], [-118.466036, 34.480409], [-118.465684, 34.479881], [-118.46562, 34.479641], [-118.465592, 34.479335], [-118.465701, 34.478738], [-118.465876, 34.477705], [-118.465901, 34.477545], [-118.466084, 34.47638], [-118.466164, 34.476089], [-118.466404, 34.475673], [-118.466536, 34.475545], [-118.467146, 34.47478], [-118.467444, 34.474281], [-118.467561, 34.474062], [-118.467605, 34.473966], [-118.467668, 34.473817], [-118.467482, 34.473818], [-118.467425, 34.473818], [-118.467142, 34.473817], [-118.467043, 34.473817], [-118.466964, 34.473817], [-118.466854, 34.473817], [-118.466339, 34.473816], [-118.458564, 34.473801], [-118.45847, 34.473802], [-118.458353, 34.473802], [-118.457689, 34.473806], [-118.455459, 34.473817], [-118.454685, 34.473861], [-118.453661, 34.474005], [-118.448639, 34.474805], [-118.44835, 34.474837], [-118.448108, 34.474824], [-118.44785, 34.474755], [-118.447622, 34.474662], [-118.446666, 34.474105], [-118.446385, 34.473967], [-118.446105, 34.473861], [-118.445839, 34.473805], [-118.445589, 34.47378], [-118.445255, 34.47378], [-118.444898, 34.473786], [-118.444375, 34.473836], [-118.443844, 34.47388], [-118.443594, 34.473874], [-118.443313, 34.473836], [-118.44304, 34.473786], [-118.442782, 34.473698], [-118.442532, 34.473598], [-118.442122, 34.473361], [-118.441735, 34.473173], [-118.441401, 34.473035], [-118.441128, 34.472973], [-118.440886, 34.472941], [-118.440582, 34.472935], [-118.44031, 34.47298], [-118.439844, 34.473108], [-118.438544, 34.473605], [-118.43815, 34.473657], [-118.437814, 34.47363], [-118.437475, 34.473554], [-118.437248, 34.473473], [-118.436964, 34.473309], [-118.436745, 34.473081], [-118.436319, 34.472564], [-118.435968, 34.47217], [-118.435662, 34.471866], [-118.435393, 34.471671], [-118.435113, 34.471497], [-118.43481, 34.471349], [-118.434446, 34.471227], [-118.433825, 34.47108], [-118.432624, 34.470972], [-118.43236, 34.47095], [-118.432034, 34.470923], [-118.431717, 34.470879], [-118.431029, 34.47075], [-118.430369, 34.47058], [-118.429979, 34.470447], [-118.429724, 34.47036], [-118.429101, 34.470118], [-118.427835, 34.469482], [-118.427623, 34.46937], [-118.427592, 34.469353], [-118.427152, 34.469121], [-118.426866, 34.46897], [-118.426178, 34.468541], [-118.42558, 34.468036], [-118.425135, 34.467569], [-118.424855, 34.467233], [-118.424782, 34.467146], [-118.424617, 34.466926], [-118.424254, 34.466473], [-118.423922, 34.466056], [-118.423712, 34.465778], [-118.423633, 34.465674], [-118.423557, 34.465573], [-118.423537, 34.465547], [-118.423355, 34.465313], [-118.423187, 34.465098], [-118.423026, 34.464903], [-118.422923, 34.46477], [-118.422757, 34.464556], [-118.422673, 34.464447], [-118.422578, 34.464322], [-118.422227, 34.463854], [-118.422097, 34.463691], [-118.421536, 34.463688], [-118.421073, 34.463685], [-118.419863, 34.463677], [-118.419519, 34.463679], [-118.419263, 34.463599], [-118.418825, 34.463584], [-118.418322, 34.463587], [-118.417872, 34.463591], [-118.41764, 34.463603], [-118.417109, 34.4636], [-118.416035, 34.463598], [-118.415817, 34.463598], [-118.415586, 34.463614], [-118.415405, 34.463627], [-118.415112, 34.463629], [-118.415044, 34.463596], [-118.414993, 34.463545], [-118.414799, 34.463325], [-118.41472, 34.463235], [-118.41415, 34.462587], [-118.414061, 34.462486], [-118.413963, 34.462374], [-118.413571, 34.461989], [-118.412471, 34.462884], [-118.412052, 34.463226], [-118.41148, 34.463684], [-118.410975, 34.464106], [-118.410783, 34.464253], [-118.410718, 34.464303], [-118.410437, 34.46448], [-118.410135, 34.464632], [-118.409771, 34.464769], [-118.4095, 34.464844], [-118.40946, 34.464854], [-118.409386, 34.464875], [-118.408584, 34.465035], [-118.408037, 34.465145], [-118.407634, 34.465225], [-118.407298, 34.465291], [-118.407147, 34.465322], [-118.406995, 34.465353], [-118.40654, 34.465456], [-118.406225, 34.465547], [-118.405861, 34.465671], [-118.405561, 34.465788], [-118.405532, 34.465799], [-118.40543, 34.465839], [-118.405284, 34.465896], [-118.404611, 34.466159], [-118.40434, 34.466265], [-118.402849, 34.466845], [-118.402152, 34.467117], [-118.401933, 34.467203], [-118.401205, 34.467488], [-118.400742, 34.467668], [-118.40021, 34.467876], [-118.400026, 34.467947], [-118.399136, 34.468294], [-118.398999, 34.468348], [-118.398047, 34.46874], [-118.397409, 34.469084], [-118.396963, 34.469377], [-118.396175, 34.469988], [-118.394953, 34.470963], [-118.394725, 34.471133], [-118.394244, 34.471511], [-118.39401, 34.471698], [-118.392881, 34.472598], [-118.392519, 34.472887], [-118.392134, 34.473233], [-118.39207, 34.4733], [-118.391861, 34.47352], [-118.391576, 34.473875], [-118.391159, 34.474464], [-118.390542, 34.475341], [-118.390372, 34.475582], [-118.389879, 34.476288], [-118.389671, 34.476595], [-118.389525, 34.476884], [-118.389458, 34.477019], [-118.38933, 34.477347], [-118.389144, 34.47796], [-118.389125, 34.478029], [-118.388987, 34.478555], [-118.388962, 34.478647], [-118.388815, 34.479205], [-118.388608, 34.479983], [-118.388466, 34.480512], [-118.388334, 34.481022], [-118.388297, 34.481247], [-118.388255, 34.481497], [-118.388254, 34.481513], [-118.388234, 34.481864], [-118.388266, 34.482343], [-118.388315, 34.482732], [-118.38836, 34.483094], [-118.388589, 34.484566], [-118.388643, 34.485068], [-118.38865, 34.485485], [-118.388609, 34.485785], [-118.388508, 34.486146], [-118.388422, 34.486342], [-118.388276, 34.486615], [-118.387498, 34.487962], [-118.387172, 34.488543], [-118.387033, 34.488891], [-118.38696, 34.489149], [-118.386926, 34.489426], [-118.386943, 34.489712], [-118.387016, 34.490267], [-118.387047, 34.490673], [-118.38703, 34.490942], [-118.386971, 34.49126], [-118.386884, 34.491568], [-118.386728, 34.49192], [-118.385893, 34.493769], [-118.385593, 34.494431], [-118.385246, 34.495238], [-118.385052, 34.495578], [-118.384823, 34.495875], [-118.384656, 34.49605], [-118.38408, 34.49655], [-118.383907, 34.496716], [-118.383661, 34.496976], [-118.383431, 34.497328], [-118.382685, 34.498594], [-118.382052, 34.499674], [-118.381471, 34.5007], [-118.381207, 34.501103], [-118.381009, 34.501329], [-118.380884, 34.501449], [-118.380711, 34.501592], [-118.380468, 34.501763], [-118.380069, 34.501995], [-118.379587, 34.502178], [-118.379299, 34.502258], [-118.378913, 34.502321], [-118.378355, 34.50239], [-118.377907, 34.502484], [-118.377659, 34.502572], [-118.377439, 34.50265], [-118.377008, 34.502861], [-118.376661, 34.50309], [-118.375829, 34.503682], [-118.375426, 34.503942], [-118.375083, 34.504151], [-118.374534, 34.504408], [-118.373327, 34.504883], [-118.372945, 34.50506], [-118.372622, 34.505226], [-118.372199, 34.505512], [-118.371269, 34.506253], [-118.370946, 34.50649], [-118.370544, 34.506716], [-118.370131, 34.506905], [-118.369735, 34.507039], [-118.369399, 34.507128], [-118.36887, 34.507229], [-118.368833, 34.507236], [-118.368428, 34.507309], [-118.367598, 34.507474], [-118.367192, 34.507575], [-118.366765, 34.507707], [-118.366407, 34.507836], [-118.366078, 34.507973], [-118.365609, 34.50821], [-118.364971, 34.508548], [-118.36484, 34.50862], [-118.364054, 34.509053], [-118.363786, 34.509199], [-118.362765, 34.509752], [-118.362314, 34.509981], [-118.362086, 34.510072], [-118.361827, 34.51017], [-118.361295, 34.51032], [-118.360902, 34.510402], [-118.360358, 34.510479], [-118.3598, 34.510521], [-118.358933, 34.510568], [-118.35759, 34.510641], [-118.357461, 34.510649], [-118.355989, 34.510742]]}}, {"type": "Feature", "properties": {"GEOID": "06037400208", "durationMin": 2.7, "distKm": 1.11, "targetScore": 97, "walkMin": 5.6, "bikeMin": 1.9, "driveMin": 0.7}, "geometry": {"type": "LineString", "coordinates": [[-117.77305, 34.126557], [-117.773103, 34.126557], [-117.773783, 34.126561], [-117.773812, 34.127338], [-117.774032, 34.127317], [-117.774271, 34.127334], [-117.774853, 34.127422], [-117.774944, 34.127436], [-117.775197, 34.127474], [-117.775674, 34.12753], [-117.775926, 34.127542], [-117.776816, 34.127557], [-117.776821, 34.127129], [-117.776829, 34.126704], [-117.776831, 34.126438], [-117.776847, 34.124898], [-117.776846, 34.124664], [-117.776858, 34.123402], [-117.776861, 34.123162], [-117.776872, 34.122454], [-117.776875, 34.122236], [-117.776883, 34.121822], [-117.776886, 34.121678], [-117.776889, 34.121533], [-117.776897, 34.121246], [-117.77691, 34.120696], [-117.77691, 34.120525], [-117.776912, 34.120373], [-117.776911, 34.120022], [-117.776908, 34.119227], [-117.77691, 34.119141], [-117.776913, 34.118972], [-117.776916, 34.118657], [-117.776916, 34.11847], [-117.776915, 34.118315], [-117.776913, 34.118164], [-117.776912, 34.117973], [-117.776911, 34.117889], [-117.776895, 34.117455], [-117.776894, 34.117441], [-117.776891, 34.117326], [-117.776886, 34.117199], [-117.776441, 34.11705]]}}, {"type": "Feature", "properties": {"GEOID": "06037104824", "durationMin": 0.8, "distKm": 0.24, "targetScore": 95, "walkMin": 5.9, "bikeMin": 2.0, "driveMin": 0.7}, "geometry": {"type": "LineString", "coordinates": [[-118.409531, 34.251501], [-118.410328, 34.252249], [-118.410674, 34.252598], [-118.410722, 34.252624], [-118.411081, 34.252848], [-118.411215, 34.25294], [-118.410498, 34.253469], [-118.410526, 34.253498]]}}, {"type": "Feature", "properties": {"GEOID": "06037910814", "durationMin": 5.9, "distKm": 2.8, "targetScore": 95, "walkMin": 48.0, "bikeMin": 16.0, "driveMin": 6.0}, "geometry": {"type": "LineString", "coordinates": [[-118.31006, 34.516575], [-118.31006, 34.516575], [-118.31001, 34.516612], [-118.309985, 34.516663], [-118.310045, 34.516954], [-118.310079, 34.516976], [-118.310049, 34.517015], [-118.310042, 34.517119], [-118.310069, 34.517466], [-118.310119, 34.517642], [-118.310226, 34.517892], [-118.31033, 34.518092], [-118.310388, 34.51815], [-118.310714, 34.518193], [-118.31173, 34.518195], [-118.312913, 34.5182], [-118.312905, 34.519124], [-118.312894, 34.520192], [-118.31439, 34.520214], [-118.315356, 34.520239], [-118.316059, 34.520257], [-118.31708, 34.520268], [-118.317059, 34.519887], [-118.317058, 34.519808], [-118.317065, 34.519728], [-118.31708, 34.519649], [-118.317102, 34.519572], [-118.317133, 34.519496], [-118.317224, 34.519323], [-118.317272, 34.519228], [-118.317278, 34.51921], [-118.317304, 34.519128], [-118.31732, 34.519026], [-118.317323, 34.518915], [-118.317322, 34.51879], [-118.317321, 34.51876], [-118.317319, 34.518328], [-118.317319, 34.518231], [-118.317308, 34.51716], [-118.317316, 34.516763], [-118.317325, 34.516544], [-118.317336, 34.516423], [-118.317349, 34.516335], [-118.31737, 34.516247], [-118.317398, 34.516161], [-118.317433, 34.516077], [-118.317476, 34.515995], [-118.317771, 34.515502], [-118.31822, 34.51475], [-118.31823, 34.514734], [-118.318807, 34.513809], [-118.319209, 34.513147], [-118.319379, 34.512878], [-118.319501, 34.512624], [-118.319547, 34.512341], [-118.319562, 34.512191], [-118.319558, 34.511923], [-118.319558, 34.511894], [-118.319558, 34.511815], [-118.31956, 34.511408], [-118.319561, 34.511038], [-118.319565, 34.510902], [-118.319569, 34.510773], [-118.319568, 34.510504], [-118.319589, 34.51005], [-118.3196, 34.50982], [-118.3196, 34.509424], [-118.3196, 34.509072], [-118.319621, 34.508883], [-118.319626, 34.508839], [-118.319705, 34.508561], [-118.319949, 34.508068], [-118.320302, 34.507466], [-118.320381, 34.507332], [-118.320444, 34.507238], [-118.32087, 34.506693], [-118.321239, 34.506352], [-118.321774, 34.505857], [-118.322172, 34.505471], [-118.322334, 34.505324], [-118.322942, 34.504782], [-118.323113, 34.504608], [-118.323268, 34.504394], [-118.323409, 34.504196], [-118.32363, 34.503834], [-118.323776, 34.5036], [-118.323816, 34.503535], [-118.323836, 34.503495], [-118.323954, 34.503253], [-118.324016, 34.503011], [-118.324015, 34.502903], [-118.324014, 34.502743], [-118.324012, 34.502361], [-118.324011, 34.502312], [-118.324112, 34.501889], [-118.324119, 34.501858], [-118.324263, 34.501386], [-118.324529, 34.500518], [-118.3246, 34.50033], [-118.32464, 34.500254], [-118.32469, 34.500189], [-118.324752, 34.500132], [-118.324824, 34.500083], [-118.324904, 34.500044], [-118.32499, 34.500015], [-118.32508, 34.499997], [-118.325173, 34.49999], [-118.325365, 34.499988], [-118.325738, 34.499984], [-118.325821, 34.499976], [-118.325901, 34.499956], [-118.325976, 34.499925], [-118.326043, 34.499883], [-118.326099, 34.499832], [-118.326144, 34.499774], [-118.326184, 34.499685], [-118.326212, 34.499593], [-118.326226, 34.499499], [-118.326227, 34.499404], [-118.326225, 34.499136], [-118.326224, 34.49904], [-118.326221, 34.498641], [-118.326221, 34.498564], [-118.326218, 34.498204], [-118.326214, 34.497718], [-118.326213, 34.497507], [-118.326213, 34.497419], [-118.326205, 34.496324], [-118.326211, 34.495962], [-118.326216, 34.495646], [-118.326223, 34.495281], [-118.326231, 34.49475]]}}, {"type": "Feature", "properties": {"GEOID": "06037910721", "durationMin": 3.5, "distKm": 0.77, "targetScore": 99, "walkMin": 13.0, "bikeMin": 4.3, "driveMin": 1.6}, "geometry": {"type": "LineString", "coordinates": [[-118.053552, 34.575769], [-118.054917, 34.575781], [-118.054919, 34.57508], [-118.053426, 34.575064], [-118.053425, 34.574308], [-118.052469, 34.574299], [-118.052456, 34.573028], [-118.051273, 34.572985], [-118.050241, 34.572961], [-118.049436, 34.572938], [-118.049355, 34.572888], [-118.04873, 34.57287], [-118.047869, 34.572846], [-118.046913, 34.572804], [-118.046312, 34.572784], [-118.045954, 34.572772], [-118.045772, 34.572766], [-118.045297, 34.572744], [-118.045012, 34.572731], [-118.045013, 34.572905], [-118.044997, 34.573512], [-118.044929, 34.57365], [-118.04493, 34.573725], [-118.044935, 34.574462], [-118.044936, 34.574592], [-118.044959, 34.574933], [-118.044962, 34.575002], [-118.044958, 34.575673], [-118.044968, 34.575975], [-118.044968, 34.576076], [-118.045126, 34.576074], [-118.045124, 34.575979], [-118.045117, 34.575742]]}}, {"type": "Feature", "properties": {"GEOID": "06037910719", "durationMin": 5.7, "distKm": 2.31, "targetScore": 96, "walkMin": 38.3, "bikeMin": 12.8, "driveMin": 4.8}, "geometry": {"type": "LineString", "coordinates": [[-118.020198, 34.576103], [-118.020194, 34.575758], [-118.020188, 34.575069], [-118.020181, 34.574355], [-118.020174, 34.573672], [-118.020168, 34.572989], [-118.018342, 34.572962], [-118.018331, 34.572476], [-118.019009, 34.572475], [-118.020596, 34.572482], [-118.022902, 34.572442], [-118.02473, 34.572475], [-118.025566, 34.572483], [-118.027861, 34.572498], [-118.028366, 34.572499], [-118.02968, 34.5725], [-118.03163, 34.572501], [-118.031687, 34.575825], [-118.031696, 34.578008], [-118.031698, 34.579844], [-118.03528, 34.579877], [-118.036039, 34.579885], [-118.036665, 34.579891], [-118.039739, 34.57992], [-118.039911, 34.579921], [-118.040353, 34.579945], [-118.040625, 34.57996], [-118.041482, 34.58003], [-118.04169, 34.58004], [-118.041887, 34.580047], [-118.042765, 34.580046], [-118.042954, 34.580085], [-118.043421, 34.580116], [-118.043845, 34.580121], [-118.044092, 34.580125], [-118.044271, 34.580114], [-118.044483, 34.580096], [-118.04454, 34.580095], [-118.044615, 34.580102], [-118.044685, 34.580127], [-118.044759, 34.580169], [-118.044863, 34.580195], [-118.044899, 34.580239], [-118.044949, 34.580278], [-118.045, 34.580306], [-118.045065, 34.580319], [-118.045129, 34.580321], [-118.045185, 34.580313], [-118.045241, 34.580295], [-118.045298, 34.580261], [-118.045325, 34.580215], [-118.045342, 34.580179], [-118.045357, 34.580137], [-118.045362, 34.580101], [-118.045359, 34.580058], [-118.045347, 34.579985], [-118.045321, 34.579952], [-118.045312, 34.579901], [-118.04526, 34.579714], [-118.045208, 34.579308], [-118.045188, 34.578909], [-118.045202, 34.578792], [-118.045197, 34.578607], [-118.045165, 34.577452], [-118.045161, 34.577295]]}}, {"type": "Feature", "properties": {"GEOID": "06037901217", "durationMin": 2.6, "distKm": 1.52, "targetScore": 97, "walkMin": 6.6, "bikeMin": 2.2, "driveMin": 0.8}, "geometry": {"type": "LineString", "coordinates": [[-118.302241, 34.62491], [-118.302295, 34.624844], [-118.302588, 34.62443], [-118.302788, 34.624145], [-118.302806, 34.624038], [-118.302808, 34.623929], [-118.302776, 34.623833], [-118.302718, 34.623746], [-118.302502, 34.623511], [-118.302436, 34.623382], [-118.302464, 34.623259], [-118.302528, 34.623142], [-118.302349, 34.623066], [-118.301716, 34.622809], [-118.301092, 34.622555], [-118.300264, 34.622218], [-118.29878, 34.621661], [-118.29698, 34.620996], [-118.296852, 34.620952], [-118.296011, 34.620661], [-118.295295, 34.620414], [-118.294041, 34.619968], [-118.291781, 34.619164], [-118.291637, 34.619113], [-118.291176, 34.618949], [-118.290573, 34.618735], [-118.289101, 34.618212], [-118.288841, 34.618119], [-118.288608, 34.618036], [-118.288615, 34.617789], [-118.288671, 34.617548]]}}, {"type": "Feature", "properties": {"GEOID": "06037910217", "durationMin": 16.4, "distKm": 4.28, "targetScore": 94, "walkMin": 34.8, "bikeMin": 11.6, "driveMin": 4.4}, "geometry": {"type": "LineString", "coordinates": [[-118.218823, 34.581975], [-118.218823, 34.581975], [-118.218417, 34.582222], [-118.218266, 34.582338], [-118.218142, 34.58243], [-118.218052, 34.58245], [-118.217932, 34.582425], [-118.217796, 34.582383], [-118.217665, 34.582396], [-118.217492, 34.582522], [-118.217281, 34.582721], [-118.217068, 34.582814], [-118.216814, 34.582919], [-118.216673, 34.583013], [-118.216601, 34.58316], [-118.216486, 34.583276], [-118.216292, 34.583367], [-118.216153, 34.583462], [-118.216055, 34.583662], [-118.215993, 34.583914], [-118.215957, 34.58412], [-118.215842, 34.584277], [-118.21578, 34.584417], [-118.215701, 34.584508], [-118.215618, 34.584594], [-118.215474, 34.584661], [-118.215284, 34.584663], [-118.215075, 34.584684], [-118.214784, 34.58475], [-118.21445, 34.584864], [-118.214211, 34.584949], [-118.21405, 34.584963], [-118.21388, 34.584951], [-118.213707, 34.584904], [-118.213457, 34.584816], [-118.213221, 34.584724], [-118.21311, 34.584686], [-118.213032, 34.584605], [-118.212914, 34.584515], [-118.212759, 34.584462], [-118.212561, 34.584451], [-118.212446, 34.584471], [-118.212299, 34.58457], [-118.212169, 34.584675], [-118.212005, 34.584851], [-118.211861, 34.585046], [-118.211805, 34.585071], [-118.211685, 34.585173], [-118.211488, 34.585279], [-118.211366, 34.585322], [-118.21129, 34.585346], [-118.210995, 34.585437], [-118.210888, 34.585408], [-118.210707, 34.585352], [-118.210524, 34.585373], [-118.210508, 34.585387], [-118.210451, 34.585438], [-118.21042, 34.585549], [-118.210208, 34.58555], [-118.207843, 34.585624], [-118.207465, 34.585636], [-118.206397, 34.585379], [-118.204791, 34.584618], [-118.204024, 34.584253], [-118.202347, 34.583454], [-118.202191, 34.583379], [-118.202118, 34.583479], [-118.20155, 34.584322], [-118.201403, 34.584563], [-118.201295, 34.585029], [-118.201355, 34.585603], [-118.201531, 34.585994], [-118.201767, 34.586319], [-118.202649, 34.587051], [-118.202915, 34.587303], [-118.203106, 34.587594], [-118.203276, 34.588042], [-118.203308, 34.588358], [-118.203282, 34.588645], [-118.203257, 34.588756], [-118.203133, 34.589297], [-118.203032, 34.589673], [-118.202991, 34.589854], [-118.202988, 34.58987], [-118.202962, 34.589982], [-118.202231, 34.58984], [-118.20172, 34.589698], [-118.200958, 34.589425], [-118.200156, 34.589038], [-118.199225, 34.588444], [-118.198328, 34.587812], [-118.197523, 34.587285], [-118.197276, 34.587147], [-118.197225, 34.587121], [-118.197056, 34.587034], [-118.196455, 34.586758], [-118.19618, 34.586635], [-118.196173, 34.586633], [-118.195825, 34.586528], [-118.195208, 34.586361], [-118.194283, 34.586174], [-118.192726, 34.585898], [-118.191299, 34.585631], [-118.190698, 34.585486], [-118.189873, 34.585212], [-118.188388, 34.584685], [-118.187528, 34.584382], [-118.187026, 34.584238], [-118.186695, 34.584162], [-118.185759, 34.583983], [-118.184547, 34.583868], [-118.183873, 34.58382], [-118.183168, 34.583769], [-118.181267, 34.583669], [-118.180204, 34.583581], [-118.178894, 34.583482], [-118.178469, 34.583448], [-118.177974, 34.583409], [-118.177248, 34.583357], [-118.176449, 34.583352], [-118.175917, 34.583402], [-118.175799, 34.583382], [-118.175535, 34.583417], [-118.175205, 34.58346], [-118.17475, 34.583609], [-118.174548, 34.583673], [-118.17419, 34.583829], [-118.173485, 34.584155], [-118.17334, 34.584222], [-118.173426, 34.584329], [-118.173477, 34.584422], [-118.173751, 34.584931], [-118.173777, 34.584998], [-118.173893, 34.585287], [-118.173938, 34.585462], [-118.173957, 34.585604], [-118.173975, 34.585771], [-118.173983, 34.586795], [-118.17399, 34.587647], [-118.173999, 34.587977], [-118.174036, 34.589404], [-118.174058, 34.590254], [-118.173986, 34.590379], [-118.174007, 34.591288], [-118.174012, 34.59145], [-118.174014, 34.591701], [-118.174017, 34.591815], [-118.174026, 34.592226], [-118.17404, 34.593142], [-118.174053, 34.593616], [-118.174075, 34.59425], [-118.174136, 34.594367], [-118.174159, 34.595362], [-118.174164, 34.59559], [-118.174177, 34.596236], [-118.174186, 34.596692], [-118.17419, 34.596914], [-118.174196, 34.597242], [-118.174205, 34.597695], [-118.174215, 34.598086], [-118.174224, 34.598446], [-118.174236, 34.599444], [-118.17425, 34.599889], [-118.174264, 34.600334], [-118.174271, 34.600742], [-118.174288, 34.6016], [-118.17429, 34.60171], [-118.174292, 34.601867], [-118.174474, 34.601866], [-118.17545, 34.601862], [-118.17583, 34.60186], [-118.176616, 34.601847], [-118.177297, 34.601836], [-118.177708, 34.601829], [-118.178341, 34.601832], [-118.178529, 34.60178], [-118.178816, 34.601779], [-118.179689, 34.601775], [-118.180775, 34.601788], [-118.181698, 34.601792], [-118.183097, 34.601781], [-118.183457, 34.601841], [-118.184187, 34.601868], [-118.184376, 34.601897], [-118.184878, 34.601975], [-118.185635, 34.602209], [-118.185795, 34.602213], [-118.186128, 34.602345], [-118.186227, 34.602407], [-118.186784, 34.602758], [-118.186841, 34.6028]]}}, {"type": "Feature", "properties": {"GEOID": "06037920120", "durationMin": 8.3, "distKm": 2.07, "targetScore": 94, "walkMin": 33.1, "bikeMin": 11.0, "driveMin": 4.1}, "geometry": {"type": "LineString", "coordinates": [[-118.550945, 34.479288], [-118.550883, 34.479182], [-118.550783, 34.479047], [-118.55053, 34.478739], [-118.550425, 34.478635], [-118.550235, 34.478405], [-118.550073, 34.478246], [-118.549963, 34.478047], [-118.549908, 34.477871], [-118.549956, 34.477649], [-118.550108, 34.477326], [-118.550326, 34.477073], [-118.5507, 34.476798], [-118.550962, 34.476599], [-118.551203, 34.476406], [-118.551375, 34.476219], [-118.551554, 34.476065], [-118.551733, 34.475884], [-118.551926, 34.475691], [-118.552205, 34.47552], [-118.552246, 34.475401], [-118.552263, 34.475268], [-118.552225, 34.475117], [-118.552205, 34.475004], [-118.552226, 34.474893], [-118.552245, 34.474872], [-118.552256, 34.474847], [-118.552273, 34.474771], [-118.552314, 34.474679], [-118.552367, 34.47459], [-118.552375, 34.474577], [-118.552407, 34.47453], [-118.552414, 34.474501], [-118.552422, 34.474466], [-118.552418, 34.474413], [-118.552403, 34.474344], [-118.552694, 34.474245], [-118.552837, 34.47418], [-118.552971, 34.474105], [-118.553095, 34.474023], [-118.553192, 34.473937], [-118.553363, 34.473777], [-118.553646, 34.473465], [-118.553712, 34.473393], [-118.554962, 34.472017], [-118.555066, 34.471903], [-118.554542, 34.471556], [-118.554409, 34.471457], [-118.554278, 34.471346], [-118.554182, 34.471258], [-118.554077, 34.471151], [-118.553917, 34.47097], [-118.553768, 34.470762], [-118.553647, 34.470554], [-118.553537, 34.470325], [-118.553494, 34.470202], [-118.553455, 34.470068], [-118.553397, 34.469821], [-118.553382, 34.469681], [-118.553377, 34.469557], [-118.553376, 34.469358], [-118.553382, 34.469238], [-118.553394, 34.469122], [-118.55344, 34.468912], [-118.553489, 34.468709], [-118.553661, 34.468048], [-118.553751, 34.467729], [-118.553849, 34.467424], [-118.553975, 34.467118], [-118.554151, 34.466761], [-118.554351, 34.466431], [-118.554567, 34.466118], [-118.554749, 34.465871], [-118.554839, 34.465706], [-118.554927, 34.465536], [-118.555194, 34.465015], [-118.555346, 34.464716], [-118.555548, 34.464303], [-118.555647, 34.464087], [-118.555714, 34.463873], [-118.555771, 34.463581], [-118.555799, 34.463328], [-118.555808, 34.463253], [-118.55583, 34.463119], [-118.555845, 34.463024], [-118.555925, 34.46254], [-118.555989, 34.462449], [-118.556007, 34.462449], [-118.556099, 34.462448], [-118.556123, 34.462894], [-118.556168, 34.462925], [-118.556331, 34.462921], [-118.556538, 34.462916], [-118.556743, 34.462911], [-118.556948, 34.462906], [-118.557048, 34.462903], [-118.557157, 34.462892], [-118.557359, 34.462871], [-118.557462, 34.462861], [-118.557571, 34.462842], [-118.557708, 34.462817], [-118.557802, 34.462805], [-118.557891, 34.462782], [-118.557919, 34.462775], [-118.558247, 34.462704], [-118.55855, 34.462617], [-118.558584, 34.462609], [-118.558608, 34.462618], [-118.558648, 34.4627], [-118.558656, 34.462718], [-118.55869, 34.46279], [-118.558457, 34.462863], [-118.558109, 34.462955], [-118.557986, 34.46298]]}}, {"type": "Feature", "properties": {"GEOID": "06037901013", "durationMin": 2.7, "distKm": 0.75, "targetScore": 96, "walkMin": 17.1, "bikeMin": 5.7, "driveMin": 2.1}, "geometry": {"type": "LineString", "coordinates": [[-118.190983, 34.679327], [-118.189346, 34.679337], [-118.189159, 34.67933], [-118.188987, 34.67933], [-118.188979, 34.678448], [-118.188979, 34.678332], [-118.188973, 34.677728], [-118.18898, 34.677334], [-118.188981, 34.677265], [-118.18898, 34.677099], [-118.188967, 34.676941], [-118.188954, 34.676845], [-118.188937, 34.676784], [-118.188916, 34.676711], [-118.188888, 34.676633], [-118.188803, 34.676475], [-118.188707, 34.676323], [-118.188607, 34.676165], [-118.188511, 34.676011], [-118.188469, 34.675944], [-118.18842, 34.675854], [-118.188333, 34.675708], [-118.188322, 34.675686], [-118.188277, 34.675548], [-118.188226, 34.675394], [-118.188212, 34.675324], [-118.188207, 34.67523], [-118.188209, 34.67508], [-118.188196, 34.675004], [-118.188197, 34.67497], [-118.188194, 34.67491], [-118.18819, 34.674785], [-118.188097, 34.674786], [-118.187252, 34.674796], [-118.186676, 34.674803], [-118.185761, 34.674811], [-118.185631, 34.674867], [-118.184954, 34.67487], [-118.184545, 34.674875], [-118.184348, 34.674877]]}}, {"type": "Feature", "properties": {"GEOID": "06037901218", "durationMin": 6.4, "distKm": 2.94, "targetScore": 96, "walkMin": 20.8, "bikeMin": 6.9, "driveMin": 2.6}, "geometry": {"type": "LineString", "coordinates": [[-118.253016, 34.631533], [-118.253226, 34.631378], [-118.253571, 34.631271], [-118.25364, 34.631471], [-118.253665, 34.631742], [-118.253689, 34.631923], [-118.253666, 34.632107], [-118.253622, 34.632193], [-118.253583, 34.632247], [-118.253522, 34.632305], [-118.253373, 34.632436], [-118.253319, 34.632491], [-118.25328, 34.632556], [-118.253259, 34.6327], [-118.253377, 34.634226], [-118.253348, 34.634404], [-118.253236, 34.634516], [-118.253032, 34.634615], [-118.253198, 34.634994], [-118.253319, 34.635396], [-118.253381, 34.635721], [-118.253407, 34.636117], [-118.253412, 34.636945], [-118.253414, 34.637763], [-118.253415, 34.638186], [-118.249176, 34.638175], [-118.248074, 34.638175], [-118.246516, 34.638181], [-118.244914, 34.6382], [-118.243428, 34.638203], [-118.242658, 34.6382], [-118.242281, 34.638199], [-118.242072, 34.638198], [-118.241923, 34.638197], [-118.241147, 34.638194], [-118.240521, 34.638188], [-118.238994, 34.638181], [-118.236327, 34.638187], [-118.23618, 34.638187], [-118.236181, 34.638282], [-118.236199, 34.640055], [-118.236188, 34.64046], [-118.236157, 34.641648], [-118.236155, 34.641896], [-118.236154, 34.641978], [-118.236142, 34.643136], [-118.236125, 34.6436], [-118.236093, 34.644992], [-118.23608, 34.645614], [-118.236067, 34.646683], [-118.236081, 34.647112], [-118.236112, 34.648036], [-118.236128, 34.648498], [-118.236134, 34.649239], [-118.236127, 34.651136], [-118.23617, 34.652781], [-118.236174, 34.652932], [-118.236178, 34.653047], [-118.236196, 34.653582], [-118.236208, 34.653971]]}}, {"type": "Feature", "properties": {"GEOID": "06037900808", "durationMin": 2.7, "distKm": 0.62, "targetScore": 91, "walkMin": 12.9, "bikeMin": 4.3, "driveMin": 1.6}, "geometry": {"type": "LineString", "coordinates": [[-118.153731, 34.713016], [-118.15577, 34.713037], [-118.155809, 34.713728], [-118.156643, 34.713743], [-118.156659, 34.714285], [-118.157235, 34.714277], [-118.157261, 34.715244], [-118.157301, 34.717267], [-118.157321, 34.718485], [-118.157324, 34.7186], [-118.154434, 34.71855], [-118.153227, 34.718529], [-118.15275, 34.718526], [-118.150406, 34.718509]]}}, {"type": "Feature", "properties": {"GEOID": "06037800335", "durationMin": 6.9, "distKm": 0.81, "targetScore": 96, "walkMin": 3.8, "bikeMin": 1.3, "driveMin": 0.5}, "geometry": {"type": "LineString", "coordinates": [[-118.794368, 34.114319], [-118.794368, 34.114319], [-118.794338, 34.114334], [-118.794346, 34.114488], [-118.794242, 34.114671], [-118.793952, 34.11472], [-118.793583, 34.114646], [-118.793416, 34.114513], [-118.793312, 34.114454], [-118.793142, 34.114487], [-118.793071, 34.114676], [-118.793364, 34.114822], [-118.793394, 34.114883], [-118.793329, 34.115112], [-118.79309, 34.115194], [-118.793077, 34.115248], [-118.793088, 34.11544], [-118.793069, 34.115497], [-118.792979, 34.115506], [-118.792925, 34.115445], [-118.792852, 34.115255], [-118.79276, 34.115123], [-118.792541, 34.114919], [-118.7924, 34.114569], [-118.792159, 34.114424], [-118.791897, 34.114046], [-118.791638, 34.113957], [-118.79142, 34.113712], [-118.791198, 34.113544], [-118.791182, 34.113467], [-118.791253, 34.113324], [-118.791235, 34.113222], [-118.790924, 34.112573], [-118.790574, 34.112024], [-118.790485, 34.111703], [-118.789452, 34.111396], [-118.789423, 34.111305], [-118.78987, 34.110686], [-118.789807, 34.110711], [-118.789725, 34.110727], [-118.789623, 34.110723], [-118.789508, 34.110725], [-118.789389, 34.110747], [-118.789172, 34.110794], [-118.788964, 34.110853], [-118.788834, 34.110883], [-118.78874, 34.110887], [-118.788097, 34.110925], [-118.787958, 34.110915], [-118.78798, 34.11084], [-118.788011, 34.110731], [-118.788059, 34.110364], [-118.788069, 34.110251], [-118.788091, 34.110148], [-118.788127, 34.110041], [-118.788176, 34.109948], [-118.788193, 34.109924], [-118.788158, 34.109846], [-118.788158, 34.109803], [-118.788178, 34.109757], [-118.788228, 34.109707]]}}, {"type": "Feature", "properties": {"GEOID": "06037139704", "durationMin": 15.5, "distKm": 2.67, "targetScore": 99, "walkMin": 31.1, "bikeMin": 10.4, "driveMin": 3.9}, "geometry": {"type": "LineString", "coordinates": [[-118.506561, 34.132734], [-118.506126, 34.132892], [-118.505936, 34.132951], [-118.505736, 34.132995], [-118.505504, 34.133007], [-118.505157, 34.132999], [-118.504996, 34.132953], [-118.504826, 34.132866], [-118.504719, 34.132807], [-118.504589, 34.132778], [-118.504329, 34.132783], [-118.504351, 34.132982], [-118.504331, 34.133103], [-118.504275, 34.13322], [-118.504193, 34.133337], [-118.503888, 34.133649], [-118.503797, 34.13377], [-118.503762, 34.133837], [-118.503728, 34.133986], [-118.503723, 34.134145], [-118.503753, 34.134263], [-118.503839, 34.134497], [-118.503882, 34.134633], [-118.503891, 34.134775], [-118.503878, 34.134864], [-118.503779, 34.135564], [-118.503719, 34.135834], [-118.503659, 34.136018], [-118.503296, 34.136975], [-118.503146, 34.137329], [-118.50305, 34.137556], [-118.502896, 34.137807], [-118.50278, 34.137993], [-118.502739, 34.138112], [-118.502727, 34.138293], [-118.502732, 34.138519], [-118.50275, 34.138927], [-118.502623, 34.140039], [-118.502621, 34.14006], [-118.502576, 34.140467], [-118.502407, 34.140873], [-118.502338, 34.141122], [-118.502329, 34.141257], [-118.502321, 34.141363], [-118.502295, 34.141882], [-118.502208, 34.142464], [-118.502143, 34.142679], [-118.502052, 34.142793], [-118.501859, 34.142948], [-118.501441, 34.143113], [-118.501355, 34.143145], [-118.500732, 34.143378], [-118.500005, 34.143589], [-118.499103, 34.143785], [-118.498236, 34.143926], [-118.498264, 34.144181], [-118.498207, 34.144513], [-118.498014, 34.145377], [-118.497944, 34.145519], [-118.4978, 34.145783], [-118.49718, 34.14683], [-118.497318, 34.14683], [-118.497972, 34.146827], [-118.498581, 34.146827], [-118.498725, 34.146812], [-118.49903, 34.146749], [-118.499299, 34.146704], [-118.49975, 34.146654], [-118.499875, 34.146627], [-118.501298, 34.146322], [-118.5014, 34.146297], [-118.501422, 34.146379], [-118.501583, 34.146729], [-118.501812, 34.146697], [-118.501983, 34.146732], [-118.502168, 34.146841], [-118.502513, 34.14721], [-118.502677, 34.147379], [-118.50286, 34.147497], [-118.503083, 34.147568], [-118.503201, 34.147582], [-118.503209, 34.147582], [-118.503288, 34.147581], [-118.503383, 34.147578], [-118.503628, 34.147494], [-118.503727, 34.14743], [-118.503818, 34.147374], [-118.503922, 34.147279], [-118.503988, 34.147208], [-118.504041, 34.147162], [-118.504137, 34.147109], [-118.504221, 34.147093], [-118.504311, 34.147088], [-118.505015, 34.147134], [-118.504969, 34.147753], [-118.504961, 34.147948], [-118.504942, 34.148221], [-118.504941, 34.148432], [-118.504999, 34.14856], [-118.505062, 34.14863], [-118.505141, 34.148703], [-118.505269, 34.148795], [-118.505467, 34.148857], [-118.505615, 34.148863], [-118.505738, 34.148859], [-118.505891, 34.14882], [-118.506043, 34.148776], [-118.506237, 34.149101], [-118.506423, 34.149477], [-118.5071, 34.150683], [-118.508045, 34.152409], [-118.508193, 34.152657], [-118.508622, 34.153312], [-118.508919, 34.153715], [-118.509156, 34.154039], [-118.509296, 34.154212], [-118.50949, 34.154476], [-118.509648, 34.154694], [-118.509723, 34.154797], [-118.50976, 34.154865], [-118.509802, 34.154964], [-118.509822, 34.155071], [-118.509826, 34.155254], [-118.509827, 34.155551], [-118.509831, 34.155665], [-118.509831, 34.156005], [-118.509827, 34.15629], [-118.509827, 34.156332], [-118.509827, 34.156428], [-118.509824, 34.156523], [-118.50982, 34.156744], [-118.509814, 34.156954], [-118.509823, 34.157516], [-118.509815, 34.15849], [-118.509821, 34.158579], [-118.509825, 34.158647], [-118.509838, 34.159726], [-118.509805, 34.159851], [-118.509791, 34.160058], [-118.509786, 34.160255], [-118.509793, 34.16036], [-118.509791, 34.16055], [-118.509793, 34.160728], [-118.509827, 34.160874], [-118.509966, 34.160893], [-118.510414, 34.160952], [-118.510489, 34.160963], [-118.510944, 34.161031], [-118.511083, 34.16105], [-118.511551, 34.16112], [-118.511577, 34.161123], [-118.51165, 34.161134], [-118.512063, 34.161193], [-118.512112, 34.1612], [-118.512539, 34.16126], [-118.51307, 34.161338], [-118.513246, 34.161362], [-118.513534, 34.161406], [-118.513606, 34.161416], [-118.514097, 34.161485], [-118.514198, 34.1615], [-118.514295, 34.161514], [-118.514637, 34.161564], [-118.515007, 34.161616], [-118.515351, 34.161661], [-118.515606, 34.161701], [-118.515981, 34.161768], [-118.516371, 34.161855], [-118.516503, 34.161889], [-118.51675, 34.161953], [-118.517134, 34.162057], [-118.51744, 34.162141], [-118.517682, 34.162207], [-118.517821, 34.162242], [-118.517924, 34.16227], [-118.517992, 34.162288], [-118.518443, 34.162408], [-118.518591, 34.162449], [-118.518723, 34.162485], [-118.51919, 34.162611], [-118.519403, 34.162673], [-118.519735, 34.162768], [-118.519872, 34.162808], [-118.520167, 34.162896], [-118.520279, 34.162927], [-118.520362, 34.162954], [-118.52047, 34.162986], [-118.520745, 34.163068], [-118.521008, 34.163151], [-118.521534, 34.16335], [-118.521698, 34.163416], [-118.521951, 34.163518], [-118.522089, 34.163573], [-118.522217, 34.163622], [-118.522373, 34.16368], [-118.522548, 34.163747], [-118.522679, 34.163797], [-118.522713, 34.16381], [-118.522814, 34.16385], [-118.522908, 34.163887], [-118.522954, 34.163905], [-118.523029, 34.163934], [-118.523627, 34.164167], [-118.524056, 34.164333], [-118.524083, 34.164344], [-118.524356, 34.164453], [-118.52444, 34.164488], [-118.524534, 34.164522], [-118.525015, 34.164705], [-118.525257, 34.164798], [-118.525446, 34.164869], [-118.526062, 34.165068], [-118.52637, 34.165164], [-118.526466, 34.165194], [-118.526712, 34.165272], [-118.526806, 34.165302], [-118.526909, 34.165335], [-118.527112, 34.165402], [-118.527149, 34.165415], [-118.527269, 34.165456], [-118.527451, 34.165512], [-118.527607, 34.165559], [-118.527765, 34.165607], [-118.527926, 34.165656], [-118.528284, 34.165766], [-118.528464, 34.165823], [-118.528693, 34.165895], [-118.528858, 34.165948], [-118.529379, 34.166122], [-118.529691, 34.166239], [-118.529787, 34.166279], [-118.52987, 34.166316], [-118.530267, 34.166477], [-118.530328, 34.1665], [-118.53036, 34.166513], [-118.530406, 34.166531], [-118.5305, 34.166568], [-118.530742, 34.166662], [-118.530825, 34.166697], [-118.530918, 34.16674], [-118.53121, 34.166854], [-118.531359, 34.166914], [-118.531649, 34.167029], [-118.532142, 34.167225], [-118.532511, 34.167379], [-118.532874, 34.167519], [-118.533044, 34.167587], [-118.533158, 34.167633], [-118.533593, 34.167805], [-118.533913, 34.167934], [-118.534283, 34.168086], [-118.534399, 34.168134], [-118.534693, 34.168251], [-118.535005, 34.168377], [-118.535319, 34.168508], [-118.5355, 34.168579], [-118.535593, 34.168616], [-118.535856, 34.168721], [-118.535944, 34.168757], [-118.536088, 34.168815], [-118.536146, 34.168687], [-118.536195, 34.168598], [-118.536286, 34.168432], [-118.536468, 34.168123], [-118.536813, 34.167536], [-118.537112, 34.167013], [-118.537266, 34.1667], [-118.537344, 34.166513], [-118.537413, 34.166318], [-118.53748, 34.166052], [-118.537507, 34.165895], [-118.537527, 34.165771], [-118.537534, 34.165692], [-118.537543, 34.165574], [-118.537547, 34.165399], [-118.537544, 34.164285], [-118.537539, 34.163318], [-118.537535, 34.16322], [-118.537533, 34.163126], [-118.537528, 34.1615], [-118.537516, 34.161329], [-118.53749, 34.161059], [-118.537467, 34.160924], [-118.537383, 34.160561], [-118.537306, 34.160317], [-118.537257, 34.160187], [-118.537219, 34.160105], [-118.537112, 34.159881], [-118.53701, 34.159699], [-118.536874, 34.159485], [-118.536782, 34.15936], [-118.536164, 34.158541], [-118.536019, 34.15831], [-118.535863, 34.158024], [-118.535797, 34.157875], [-118.535732, 34.1577], [-118.535675, 34.157508], [-118.535621, 34.157267], [-118.535616, 34.157237], [-118.53561, 34.157204], [-118.535603, 34.157161], [-118.535595, 34.157085], [-118.53559, 34.157051], [-118.535582, 34.156781], [-118.535587, 34.156617], [-118.53561, 34.156412], [-118.535653, 34.156087], [-118.535739, 34.155446], [-118.535781, 34.155166], [-118.535826, 34.154879], [-118.535886, 34.154548], [-118.535905, 34.154449], [-118.535932, 34.154313], [-118.536058, 34.153804], [-118.53621, 34.153291], [-118.536757, 34.151516], [-118.536783, 34.151419], [-118.536814, 34.151313], [-118.536845, 34.151207], [-118.536854, 34.151168], [-118.536928, 34.150918], [-118.537069, 34.150346], [-118.5373, 34.149306], [-118.537437, 34.148687], [-118.537609, 34.147853], [-118.537669, 34.14759], [-118.537775, 34.147271], [-118.537908, 34.146925], [-118.538083, 34.146572], [-118.538259, 34.146272], [-118.538548, 34.145857], [-118.538643, 34.145746], [-118.540992, 34.142773], [-118.541423, 34.142253]]}}, {"type": "Feature", "properties": {"GEOID": "06037189703", "durationMin": 1.4, "distKm": 0.41, "targetScore": 96, "walkMin": 8.7, "bikeMin": 2.9, "driveMin": 1.1}, "geometry": {"type": "LineString", "coordinates": [[-118.330916, 34.129934], [-118.330832, 34.129908], [-118.330724, 34.129906], [-118.330605, 34.129928], [-118.330544, 34.12994], [-118.330369, 34.129994], [-118.330135, 34.130056], [-118.329903, 34.130096], [-118.329698, 34.1301], [-118.329394, 34.130083], [-118.328396, 34.130023], [-118.32814, 34.130033], [-118.327764, 34.130085], [-118.327678, 34.130096], [-118.32759, 34.1301], [-118.327511, 34.130091], [-118.327446, 34.13007], [-118.327387, 34.130042], [-118.327342, 34.130006], [-118.327298, 34.12996], [-118.327238, 34.12993], [-118.327262, 34.129896], [-118.327308, 34.12986], [-118.327354, 34.129807], [-118.32739, 34.129758], [-118.327415, 34.129706], [-118.327426, 34.129659], [-118.327429, 34.129602], [-118.327422, 34.128832], [-118.327417, 34.128326], [-118.32736, 34.128032], [-118.327303, 34.127955], [-118.327246, 34.127892]]}}, {"type": "Feature", "properties": {"GEOID": "06037430004", "durationMin": 2.2, "distKm": 0.35, "targetScore": 96, "walkMin": 4.2, "bikeMin": 1.4, "driveMin": 0.5}, "geometry": {"type": "LineString", "coordinates": [[-117.961761, 34.138482], [-117.961654, 34.138446], [-117.961453, 34.13841], [-117.961204, 34.138437], [-117.96122, 34.13917], [-117.961219, 34.13965], [-117.961064, 34.139651], [-117.960844, 34.139655], [-117.960467, 34.139657], [-117.960018, 34.139659], [-117.960017, 34.139788], [-117.960843, 34.139773], [-117.961125, 34.13978], [-117.961235, 34.139779], [-117.961676, 34.139765], [-117.962022, 34.139763], [-117.962421, 34.13976], [-117.962462, 34.13976], [-117.963916, 34.139751], [-117.964423, 34.139747], [-117.965081, 34.139747], [-117.965893, 34.139746], [-117.966023, 34.139746], [-117.966061, 34.139746], [-117.966469, 34.139745], [-117.96662, 34.139745], [-117.966618, 34.139626], [-117.96638, 34.139626], [-117.965553, 34.139627], [-117.965337, 34.139628], [-117.965337, 34.139575]]}}, {"type": "Feature", "properties": {"GEOID": "06037800337", "durationMin": 2.3, "distKm": 0.87, "targetScore": 97, "walkMin": 10.0, "bikeMin": 3.3, "driveMin": 1.2}, "geometry": {"type": "LineString", "coordinates": [[-118.710012, 34.134225], [-118.709803, 34.134164], [-118.709551, 34.134015], [-118.709407, 34.133849], [-118.7093, 34.133614], [-118.709262, 34.133481], [-118.709239, 34.1334], [-118.708873, 34.133399], [-118.708166, 34.133245], [-118.708134, 34.133238], [-118.708045, 34.133218], [-118.707857, 34.133827], [-118.707853, 34.133849], [-118.707836, 34.133923], [-118.707392, 34.133863], [-118.707334, 34.133856], [-118.707253, 34.133843], [-118.707135, 34.133829], [-118.707113, 34.133911], [-118.707052, 34.1343], [-118.707023, 34.134569], [-118.707015, 34.134993], [-118.707034, 34.135559], [-118.707134, 34.13618], [-118.707217, 34.136553], [-118.707261, 34.136681], [-118.70744, 34.13721], [-118.707583, 34.137587], [-118.707676, 34.137788], [-118.707869, 34.138168], [-118.707945, 34.138301], [-118.708025, 34.138434], [-118.708187, 34.138682], [-118.708341, 34.138913], [-118.708524, 34.139164], [-118.708579, 34.13924], [-118.708491, 34.139279], [-118.708243, 34.139419], [-118.70796, 34.139544], [-118.707709, 34.13965], [-118.707492, 34.139727], [-118.707029, 34.139883], [-118.706967, 34.139959], [-118.706838, 34.140005], [-118.706771, 34.140029], [-118.705653, 34.140413], [-118.705327, 34.140539], [-118.705071, 34.140654], [-118.704878, 34.140746], [-118.704669, 34.14085], [-118.704558, 34.140912], [-118.704508, 34.14094], [-118.704494, 34.140948]]}}, {"type": "Feature", "properties": {"GEOID": "06037404903", "durationMin": 1.8, "distKm": 0.46, "targetScore": 94, "walkMin": 2.0, "bikeMin": 0.7, "driveMin": 0.3}, "geometry": {"type": "LineString", "coordinates": [[-117.972388, 34.087597], [-117.97239, 34.087704], [-117.97243, 34.087901], [-117.972445, 34.088494], [-117.971361, 34.088503], [-117.970258, 34.088535], [-117.969185, 34.088553], [-117.969134, 34.086621], [-117.969123, 34.085851], [-117.969117, 34.085551], [-117.969116, 34.085506], [-117.969113, 34.085394], [-117.96911, 34.085254], [-117.969091, 34.085148], [-117.969078, 34.085114], [-117.969051, 34.085042], [-117.968995, 34.084944], [-117.968946, 34.084859], [-117.968862, 34.084878]]}}, {"type": "Feature", "properties": {"GEOID": "06037143606", "durationMin": 0.5, "distKm": 0.08, "targetScore": 96, "walkMin": 1.0, "bikeMin": 0.3, "driveMin": 0.1}, "geometry": {"type": "LineString", "coordinates": [[-118.372353, 34.141919], [-118.371912, 34.141745], [-118.372149, 34.141307], [-118.372203, 34.141216], [-118.372846, 34.141468]]}}, {"type": "Feature", "properties": {"GEOID": "06037400605", "durationMin": 3.4, "distKm": 1.39, "targetScore": 92, "walkMin": 31.2, "bikeMin": 10.4, "driveMin": 3.9}, "geometry": {"type": "LineString", "coordinates": [[-117.895447, 34.148476], [-117.895447, 34.148476], [-117.895911, 34.148536], [-117.896295, 34.148552], [-117.896733, 34.148533], [-117.896681, 34.148059], [-117.896625, 34.147638], [-117.896618, 34.147577], [-117.896699, 34.147563], [-117.897005, 34.147525], [-117.897521, 34.147359], [-117.897955, 34.147096], [-117.8983, 34.146772], [-117.8985, 34.146633], [-117.898655, 34.146468], [-117.898717, 34.146401], [-117.89878, 34.14633], [-117.898848, 34.14625], [-117.899025, 34.146024], [-117.899421, 34.146205], [-117.899634, 34.146302], [-117.899994, 34.146418], [-117.900392, 34.146507], [-117.902208, 34.146715], [-117.9025, 34.146816], [-117.902574, 34.146884], [-117.902681, 34.146907], [-117.90279, 34.146877], [-117.902859, 34.1468], [-117.903163, 34.146749], [-117.903891, 34.146752], [-117.904283, 34.146754], [-117.904467, 34.146755], [-117.905202, 34.146748], [-117.906054, 34.146736], [-117.906529, 34.146729], [-117.907167, 34.146726], [-117.907393, 34.146724], [-117.907428, 34.146724], [-117.908198, 34.146718], [-117.90862, 34.146715], [-117.908605, 34.146463], [-117.90806, 34.146497], [-117.908135, 34.146617]]}}, {"type": "Feature", "properties": {"GEOID": "06037463103", "durationMin": 0.8, "distKm": 0.41, "targetScore": 92, "walkMin": 13.0, "bikeMin": 4.3, "driveMin": 1.6}, "geometry": {"type": "LineString", "coordinates": [[-118.077629, 34.137843], [-118.076375, 34.137853], [-118.073514, 34.137856], [-118.073478, 34.137856], [-118.073397, 34.137856], [-118.073227, 34.137853], [-118.073231, 34.138308], [-118.073231, 34.138372]]}}, {"type": "Feature", "properties": {"GEOID": "06037800336", "durationMin": 10.9, "distKm": 2.45, "targetScore": 90, "walkMin": 41.0, "bikeMin": 13.7, "driveMin": 5.1}, "geometry": {"type": "LineString", "coordinates": [[-118.739692, 34.118867], [-118.739259, 34.118784], [-118.738643, 34.11867], [-118.738397, 34.118662], [-118.738127, 34.118669], [-118.737986, 34.118673], [-118.737833, 34.118613], [-118.737711, 34.118483], [-118.737583, 34.118287], [-118.737506, 34.118059], [-118.737506, 34.117931], [-118.73756, 34.117692], [-118.737658, 34.117411], [-118.737693, 34.117226], [-118.737695, 34.11706], [-118.737593, 34.116581], [-118.737612, 34.116441], [-118.737795, 34.115917], [-118.737921, 34.115667], [-118.738122, 34.115389], [-118.738268, 34.11509], [-118.738327, 34.115007], [-118.738483, 34.11488], [-118.738765, 34.114672], [-118.738865, 34.114598], [-118.738953, 34.114542], [-118.739007, 34.114497], [-118.739064, 34.114441], [-118.739183, 34.114282], [-118.739215, 34.114195], [-118.739208, 34.114073], [-118.73913, 34.113617], [-118.739137, 34.113566], [-118.739181, 34.11335], [-118.739175, 34.113297], [-118.739109, 34.113157], [-118.739069, 34.113049], [-118.739096, 34.112923], [-118.739297, 34.112616], [-118.739533, 34.112183], [-118.739645, 34.111973], [-118.739809, 34.111624], [-118.739916, 34.111443], [-118.739989, 34.111242], [-118.74028, 34.110112], [-118.74043, 34.110094], [-118.740583, 34.110053], [-118.740713, 34.110003], [-118.740858, 34.109933], [-118.741388, 34.109605], [-118.741533, 34.10955], [-118.741672, 34.109518], [-118.741843, 34.109502], [-118.742025, 34.109514], [-118.742219, 34.109554], [-118.742347, 34.109601], [-118.74298, 34.109862], [-118.743168, 34.10993], [-118.743327, 34.109979], [-118.743478, 34.110011], [-118.743621, 34.110034], [-118.743769, 34.110043], [-118.743914, 34.110041], [-118.744074, 34.110028], [-118.744646, 34.109932], [-118.744795, 34.109927], [-118.744949, 34.109938], [-118.745098, 34.109983], [-118.745239, 34.110052], [-118.745381, 34.110152], [-118.745753, 34.110499], [-118.74605, 34.110791], [-118.74733, 34.112052], [-118.747499, 34.112192], [-118.747623, 34.112283], [-118.747778, 34.112388], [-118.747904, 34.112461], [-118.748061, 34.112541], [-118.749425, 34.113095], [-118.749645, 34.113158], [-118.74986, 34.113202], [-118.750078, 34.113223], [-118.750269, 34.113224], [-118.75047, 34.113213], [-118.750984, 34.113123], [-118.751074, 34.113107], [-118.751163, 34.113089], [-118.751181, 34.113161], [-118.751364, 34.113861], [-118.751419, 34.114028], [-118.751479, 34.11415], [-118.75156, 34.114251], [-118.751646, 34.114342], [-118.751752, 34.114423], [-118.752171, 34.114673], [-118.752297, 34.114757], [-118.752417, 34.114849], [-118.752729, 34.115138], [-118.753166, 34.115583], [-118.753494, 34.115939], [-118.753599, 34.116128], [-118.753658, 34.116295], [-118.753682, 34.116462], [-118.753676, 34.116638], [-118.753644, 34.116784], [-118.753589, 34.116919], [-118.753514, 34.11705], [-118.753416, 34.117191], [-118.753287, 34.117331], [-118.753133, 34.117469], [-118.752918, 34.117627], [-118.752359, 34.118018], [-118.751839, 34.118364], [-118.750734, 34.11903], [-118.750559, 34.119162], [-118.75042, 34.119313], [-118.750317, 34.119489], [-118.750269, 34.119653], [-118.750117, 34.120861], [-118.749988, 34.12199], [-118.749903, 34.122869], [-118.749898, 34.122923], [-118.749886, 34.123046], [-118.749873, 34.123163], [-118.749833, 34.123552], [-118.749822, 34.123645], [-118.749803, 34.123744], [-118.749761, 34.123864], [-118.749615, 34.124243], [-118.74957, 34.124429], [-118.749545, 34.124638], [-118.749555, 34.12479], [-118.74958, 34.124897], [-118.749673, 34.125089], [-118.749859, 34.125333], [-118.749988, 34.125496], [-118.750228, 34.125741], [-118.750392, 34.125878], [-118.750615, 34.126036], [-118.751021, 34.126283], [-118.751114, 34.126372], [-118.75116, 34.126442], [-118.751192, 34.126508], [-118.751208, 34.126574], [-118.751214, 34.126634], [-118.751207, 34.126694], [-118.751191, 34.126737], [-118.751178, 34.126773], [-118.751125, 34.126845], [-118.750987, 34.12698], [-118.750923, 34.127045], [-118.750806, 34.127162], [-118.750743, 34.127261], [-118.750727, 34.127338], [-118.750715, 34.127427], [-118.750779, 34.128773], [-118.75081, 34.128979], [-118.75087, 34.129179], [-118.750945, 34.129376], [-118.751116, 34.1297], [-118.751238, 34.129885], [-118.751333, 34.129994], [-118.751566, 34.130232], [-118.752059, 34.130659], [-118.752234, 34.130797], [-118.752518, 34.131001], [-118.752571, 34.131039], [-118.752703, 34.131145], [-118.752788, 34.13124], [-118.752847, 34.131339], [-118.752891, 34.131438], [-118.753225, 34.132384], [-118.753418, 34.132932], [-118.753668, 34.13364], [-118.753837, 34.134117], [-118.753893, 34.134274], [-118.753911, 34.134314], [-118.753947, 34.134399], [-118.753979, 34.134469], [-118.754071, 34.134632], [-118.754304, 34.134991], [-118.754357, 34.135072], [-118.754716, 34.135605], [-118.754876, 34.135798], [-118.755013, 34.135933], [-118.75544, 34.136299], [-118.755894, 34.136721], [-118.756107, 34.136942], [-118.756301, 34.137177], [-118.756414, 34.137403], [-118.756509, 34.137604], [-118.75661, 34.137757], [-118.756737, 34.137917], [-118.756904, 34.138067], [-118.757074, 34.138181], [-118.759442, 34.139532], [-118.760016, 34.13987], [-118.760081, 34.139908], [-118.76039, 34.140082], [-118.760482, 34.140118], [-118.760576, 34.140139], [-118.760685, 34.140139], [-118.760817, 34.140121], [-118.760921, 34.140096], [-118.761186, 34.14048], [-118.761591, 34.141064], [-118.761737, 34.1413], [-118.761831, 34.141496], [-118.761898, 34.141689], [-118.761958, 34.141941], [-118.76198, 34.142183], [-118.76193, 34.142449], [-118.7619, 34.142593], [-118.761727, 34.143348], [-118.761721, 34.143372], [-118.761684, 34.143507], [-118.761636, 34.14367], [-118.761555, 34.144024], [-118.761515, 34.144252], [-118.761486, 34.144418], [-118.761475, 34.14447], [-118.76144, 34.144629], [-118.761418, 34.144734], [-118.761357, 34.145014], [-118.761353, 34.145033], [-118.761326, 34.145148], [-118.76121, 34.145133], [-118.761186, 34.145132], [-118.760997, 34.14511], [-118.760876, 34.145101], [-118.760785, 34.145099], [-118.760714, 34.145102], [-118.760643, 34.145113], [-118.76052, 34.145137], [-118.760332, 34.145184], [-118.760229, 34.145213], [-118.760001, 34.145278], [-118.759815, 34.145328], [-118.759663, 34.145354], [-118.759522, 34.14537], [-118.759308, 34.145379], [-118.759021, 34.145368], [-118.758797, 34.14535], [-118.758294, 34.145299], [-118.757891, 34.145256], [-118.757545, 34.145219], [-118.757371, 34.145203], [-118.756956, 34.14516], [-118.756517, 34.145106], [-118.756166, 34.145062], [-118.755692, 34.144994], [-118.755582, 34.144977], [-118.755478, 34.144962], [-118.75493, 34.144876], [-118.754625, 34.144829], [-118.753331, 34.144576], [-118.752931, 34.144485], [-118.752186, 34.14431], [-118.751848, 34.144225], [-118.751421, 34.144124], [-118.749697, 34.143782], [-118.747675, 34.143389], [-118.747022, 34.143261], [-118.746495, 34.143159], [-118.74619, 34.143099], [-118.745811, 34.143025], [-118.745731, 34.14301], [-118.745344, 34.142954], [-118.744914, 34.142891], [-118.74465, 34.142866], [-118.744216, 34.142825], [-118.74413, 34.142819]]}}, {"type": "Feature", "properties": {"GEOID": "06037143801", "durationMin": 2.0, "distKm": 0.39, "targetScore": 97, "walkMin": 4.5, "bikeMin": 1.5, "driveMin": 0.6}, "geometry": {"type": "LineString", "coordinates": [[-118.385721, 34.136982], [-118.385693, 34.136967], [-118.385649, 34.13696], [-118.385604, 34.136959], [-118.385555, 34.136971], [-118.385511, 34.136987], [-118.385412, 34.13712], [-118.385392, 34.137145], [-118.385366, 34.137168], [-118.385323, 34.137186], [-118.385282, 34.137195], [-118.385236, 34.137194], [-118.384988, 34.137139], [-118.384938, 34.137134], [-118.384896, 34.137135], [-118.384858, 34.13715], [-118.384814, 34.137173], [-118.384788, 34.137198], [-118.384777, 34.137228], [-118.384714, 34.137446], [-118.384672, 34.137497], [-118.384721, 34.137569], [-118.384928, 34.137767], [-118.385491, 34.13819], [-118.385711, 34.138214], [-118.384868, 34.138622], [-118.384743, 34.138661], [-118.384573, 34.138623], [-118.384554, 34.138784], [-118.384651, 34.138967], [-118.384888, 34.138961], [-118.385124, 34.138907], [-118.38523, 34.138907], [-118.384981, 34.139884], [-118.384858, 34.140155], [-118.384845, 34.140177], [-118.384789, 34.140289], [-118.384681, 34.140253], [-118.384509, 34.140196], [-118.384337, 34.140138], [-118.383881, 34.139986], [-118.383776, 34.139951], [-118.383553, 34.139884], [-118.383455, 34.13986]]}}, {"type": "Feature", "properties": {"GEOID": "06037189704", "durationMin": 1.5, "distKm": 0.36, "targetScore": 97, "walkMin": 8.7, "bikeMin": 2.9, "driveMin": 1.1}, "geometry": {"type": "LineString", "coordinates": [[-118.344116, 34.135162], [-118.344129, 34.135187], [-118.344169, 34.135225], [-118.344238, 34.135253], [-118.34437, 34.135275], [-118.344513, 34.135275], [-118.344766, 34.13531], [-118.345163, 34.135389], [-118.345277, 34.134969], [-118.345294, 34.134877], [-118.345294, 34.13477], [-118.345285, 34.134671], [-118.345302, 34.134585], [-118.345328, 34.134493], [-118.34538, 34.134365], [-118.345405, 34.134294], [-118.345414, 34.134173], [-118.345414, 34.133953], [-118.345285, 34.133776], [-118.345191, 34.133605], [-118.345139, 34.133506], [-118.345122, 34.133385], [-118.345122, 34.133278], [-118.345148, 34.133136], [-118.345216, 34.132816], [-118.345234, 34.132681], [-118.345251, 34.132554], [-118.345251, 34.132397], [-118.345191, 34.132269], [-118.345079, 34.132127], [-118.344753, 34.131942], [-118.344726, 34.131926], [-118.344522, 34.131811], [-118.34449, 34.131891]]}}, {"type": "Feature", "properties": {"GEOID": "06037430005", "durationMin": 1.0, "distKm": 0.4, "targetScore": 96, "walkMin": 7.8, "bikeMin": 2.6, "driveMin": 1.0}, "geometry": {"type": "LineString", "coordinates": [[-117.948719, 34.140246], [-117.948714, 34.140164], [-117.948714, 34.140022], [-117.948767, 34.139773], [-117.948783, 34.139703], [-117.94922, 34.139774], [-117.949624, 34.139809], [-117.949774, 34.139816], [-117.950202, 34.139834], [-117.950306, 34.139838], [-117.950741, 34.139835], [-117.951203, 34.139832], [-117.951291, 34.13983], [-117.951548, 34.139823], [-117.95167, 34.13982], [-117.951787, 34.139819], [-117.952262, 34.139813], [-117.952822, 34.139805], [-117.953186, 34.1398], [-117.953324, 34.139798], [-117.953695, 34.139793], [-117.953697, 34.1397], [-117.953115, 34.139703], [-117.952921, 34.139703]]}}, {"type": "Feature", "properties": {"GEOID": "06037143802", "durationMin": 4.3, "distKm": 0.74, "targetScore": 96, "walkMin": 1.0, "bikeMin": 0.3, "driveMin": 0.1}, "geometry": {"type": "LineString", "coordinates": [[-118.374188, 34.133889], [-118.374189, 34.133909], [-118.374178, 34.134042], [-118.374116, 34.134347], [-118.374079, 34.134517], [-118.374079, 34.134582], [-118.374092, 34.134628], [-118.374132, 34.134675], [-118.373883, 34.134824], [-118.373797, 34.134884], [-118.373741, 34.13495], [-118.373684, 34.135059], [-118.373642, 34.135166], [-118.373634, 34.135188], [-118.373591, 34.135301], [-118.373561, 34.135379], [-118.373507, 34.135437], [-118.373432, 34.135481], [-118.373341, 34.135503], [-118.373263, 34.135501], [-118.373191, 34.135483], [-118.373121, 34.135448], [-118.373062, 34.13539], [-118.373033, 34.135332], [-118.373027, 34.13527], [-118.373038, 34.135188], [-118.373054, 34.135097], [-118.373062, 34.135001], [-118.373051, 34.134915], [-118.373027, 34.134833], [-118.372979, 34.134753], [-118.372909, 34.134675], [-118.372823, 34.134624], [-118.372727, 34.134597], [-118.372622, 34.134584], [-118.372523, 34.134597], [-118.372416, 34.134635], [-118.372338, 34.134673], [-118.37226, 34.134728], [-118.372218, 34.134813], [-118.372186, 34.134908], [-118.372177, 34.134933], [-118.372131, 34.135039], [-118.372084, 34.135126], [-118.37202, 34.135201], [-118.371951, 34.135257], [-118.371807, 34.135326], [-118.3717, 34.13539], [-118.371603, 34.135461], [-118.371539, 34.135548], [-118.371496, 34.135639], [-118.371474, 34.135732], [-118.371477, 34.135834], [-118.371533, 34.135949], [-118.371614, 34.136043], [-118.371753, 34.136145], [-118.371903, 34.136274], [-118.37195, 34.136342], [-118.371957, 34.136354], [-118.372, 34.136445], [-118.372013, 34.136533], [-118.372011, 34.136627], [-118.371973, 34.136707], [-118.371917, 34.136789], [-118.371844, 34.136853], [-118.371748, 34.136909], [-118.371649, 34.136944], [-118.371533, 34.136962], [-118.371372, 34.136957], [-118.371171, 34.136826], [-118.371013, 34.136722], [-118.370825, 34.136627], [-118.370731, 34.136602], [-118.370635, 34.136593], [-118.370546, 34.136602], [-118.370458, 34.136624], [-118.370375, 34.136658], [-118.36917, 34.137319], [-118.369092, 34.137396], [-118.369031, 34.137466], [-118.368979, 34.137544], [-118.368843, 34.137864], [-118.369318, 34.138054], [-118.369416, 34.13812], [-118.36949, 34.138197], [-118.369567, 34.138274], [-118.370085, 34.138771], [-118.370179, 34.138901], [-118.370208, 34.139022], [-118.370208, 34.139345], [-118.370205, 34.139871], [-118.370208, 34.139913], [-118.370208, 34.140029], [-118.370209, 34.140161], [-118.370207, 34.140286], [-118.370202, 34.140472], [-118.370383, 34.140541], [-118.371018, 34.140771], [-118.371363, 34.140901], [-118.371443, 34.14093], [-118.37158, 34.140981], [-118.371756, 34.141047], [-118.372013, 34.141141], [-118.372203, 34.141216], [-118.373681, 34.141796], [-118.373876, 34.141845], [-118.374083, 34.141867], [-118.37421, 34.141869], [-118.374342, 34.141862], [-118.374541, 34.141832], [-118.374755, 34.141773], [-118.374926, 34.141703], [-118.375099, 34.141607], [-118.375204, 34.14153], [-118.375283, 34.141456], [-118.375342, 34.14138], [-118.375471, 34.141199], [-118.375512, 34.141135], [-118.375695, 34.140881], [-118.375863, 34.140715], [-118.376018, 34.140601], [-118.376071, 34.140565], [-118.376091, 34.140554], [-118.376144, 34.140524], [-118.376329, 34.140434], [-118.376538, 34.140357], [-118.376724, 34.140308], [-118.376507, 34.140278], [-118.376501, 34.140279]]}}, {"type": "Feature", "properties": {"GEOID": "06037189501", "durationMin": 1.1, "distKm": 0.37, "targetScore": 94, "walkMin": 5.5, "bikeMin": 1.8, "driveMin": 0.7}, "geometry": {"type": "LineString", "coordinates": [[-118.319133, 34.109016], [-118.319284, 34.109158], [-118.319314, 34.109259], [-118.319291, 34.109358], [-118.319238, 34.109462], [-118.31916, 34.109531], [-118.31892, 34.109681], [-118.318769, 34.109752], [-118.3187, 34.109806], [-118.318594, 34.109845], [-118.318477, 34.10986], [-118.318372, 34.109849], [-118.318271, 34.109803], [-118.318197, 34.109736], [-118.318146, 34.109642], [-118.318135, 34.109549], [-118.318159, 34.109456], [-118.318024, 34.10934], [-118.318047, 34.109177], [-118.318031, 34.108327], [-118.318025, 34.10737], [-118.318021, 34.106751], [-118.318023, 34.106682], [-118.318021, 34.106498], [-118.318021, 34.10648], [-118.318017, 34.105984], [-118.318016, 34.105931], [-118.318015, 34.105767]]}}, {"type": "Feature", "properties": {"GEOID": "06037400801", "durationMin": 0.6, "distKm": 0.09, "targetScore": 98, "walkMin": 7.6, "bikeMin": 2.5, "driveMin": 1.0}, "geometry": {"type": "LineString", "coordinates": [[-117.880867, 34.136935], [-117.881249, 34.136935], [-117.881374, 34.136935], [-117.881373, 34.136152], [-117.881358, 34.136019], [-117.881223, 34.136018], [-117.880872, 34.136017]]}}, {"type": "Feature", "properties": {"GEOID": "06037139705", "durationMin": 4.8, "distKm": 1.91, "targetScore": 98, "walkMin": 22.8, "bikeMin": 7.6, "driveMin": 2.9}, "geometry": {"type": "LineString", "coordinates": [[-118.491005, 34.140053], [-118.491008, 34.14025], [-118.491048, 34.140402], [-118.491092, 34.140517], [-118.491132, 34.140599], [-118.491196, 34.140749], [-118.491293, 34.140939], [-118.491385, 34.141281], [-118.49138, 34.141421], [-118.491371, 34.141576], [-118.49132, 34.141774], [-118.491181, 34.142029], [-118.490981, 34.142358], [-118.490907, 34.142442], [-118.490811, 34.1425], [-118.490167, 34.142824], [-118.490296, 34.143043], [-118.490383, 34.14326], [-118.490479, 34.143668], [-118.490537, 34.143994], [-118.490543, 34.144836], [-118.490631, 34.144839], [-118.4908, 34.144851], [-118.490926, 34.144881], [-118.491242, 34.145002], [-118.491673, 34.145184], [-118.491806, 34.145223], [-118.491959, 34.145258], [-118.492984, 34.145445], [-118.49306, 34.145459], [-118.493162, 34.145477], [-118.493613, 34.14557], [-118.493588, 34.145639], [-118.493306, 34.146328], [-118.493292, 34.146365], [-118.493269, 34.14642], [-118.493229, 34.146518], [-118.493205, 34.14658], [-118.493193, 34.146609], [-118.493145, 34.146729], [-118.493132, 34.146803], [-118.493136, 34.14689], [-118.49315, 34.147087], [-118.493148, 34.14717], [-118.493128, 34.147269], [-118.493084, 34.147366], [-118.493058, 34.147414], [-118.493016, 34.147463], [-118.492934, 34.147539], [-118.492544, 34.14789], [-118.492492, 34.147934], [-118.492275, 34.148114], [-118.492087, 34.148281], [-118.492052, 34.148341], [-118.492006, 34.148426], [-118.491987, 34.148489], [-118.491975, 34.148639], [-118.491976, 34.148909], [-118.491978, 34.149445], [-118.491989, 34.149652], [-118.49205, 34.149878], [-118.492145, 34.150075], [-118.492312, 34.150263], [-118.492962, 34.150886], [-118.493002, 34.15095], [-118.493003, 34.150969], [-118.492697, 34.152275], [-118.492651, 34.152471], [-118.492373, 34.153637], [-118.492359, 34.15391], [-118.492361, 34.154086], [-118.492357, 34.154792], [-118.492357, 34.154855], [-118.492357, 34.154997], [-118.492357, 34.155094], [-118.49236, 34.155488], [-118.49236, 34.15603], [-118.49236, 34.156469], [-118.492341, 34.156545], [-118.492336, 34.156633], [-118.492334, 34.156713], [-118.492331, 34.156812], [-118.492327, 34.156965], [-118.492342, 34.1572], [-118.492356, 34.157436], [-118.49236, 34.157571], [-118.49221, 34.157549], [-118.49203, 34.157523], [-118.491554, 34.157456], [-118.491484, 34.157448], [-118.49082, 34.157357], [-118.490705, 34.157343], [-118.490243, 34.157281], [-118.490145, 34.157266], [-118.490032, 34.157251], [-118.489922, 34.157238], [-118.489623, 34.157201], [-118.489086, 34.157124]]}}, {"type": "Feature", "properties": {"GEOID": "06037143605", "durationMin": 1.9, "distKm": 0.31, "targetScore": 96, "walkMin": 1.0, "bikeMin": 0.3, "driveMin": 0.1}, "geometry": {"type": "LineString", "coordinates": [[-118.364095, 34.141349], [-118.364083, 34.141346], [-118.363843, 34.141334], [-118.363679, 34.141335], [-118.363396, 34.141389], [-118.363144, 34.141485], [-118.362968, 34.14158], [-118.362777, 34.141698], [-118.362455, 34.1419], [-118.362346, 34.141947], [-118.36231, 34.141961], [-118.362232, 34.141991], [-118.362061, 34.142027], [-118.361902, 34.142041], [-118.361717, 34.142032], [-118.36156, 34.14201], [-118.361455, 34.141987], [-118.361251, 34.141933], [-118.361199, 34.141925], [-118.360996, 34.141922], [-118.361059, 34.141804], [-118.361059, 34.141662], [-118.36106, 34.141447], [-118.361064, 34.141354], [-118.361085, 34.141242], [-118.361119, 34.141111], [-118.361191, 34.140948], [-118.361286, 34.14077], [-118.361283, 34.140638], [-118.361556, 34.140142], [-118.361622, 34.140012], [-118.361707, 34.139867], [-118.361772, 34.139751], [-118.361963, 34.139417], [-118.362087, 34.139203], [-118.362144, 34.139103], [-118.362202, 34.138999], [-118.362276, 34.138863], [-118.362494, 34.138459], [-118.36267, 34.138131], [-118.362918, 34.137685], [-118.363068, 34.137584], [-118.363129, 34.137497], [-118.363206, 34.137453], [-118.36328, 34.137435], [-118.36336, 34.137437], [-118.363445, 34.137461], [-118.363519, 34.137523], [-118.3637, 34.137553], [-118.363797, 34.13764], [-118.363915, 34.137746], [-118.364096, 34.137906], [-118.364255, 34.138041], [-118.36439, 34.138131], [-118.364478, 34.138182], [-118.364563, 34.138224], [-118.364669, 34.138271], [-118.364812, 34.138327], [-118.365102, 34.13844]]}}, {"type": "Feature", "properties": {"GEOID": "06037431004", "durationMin": 0.8, "distKm": 0.27, "targetScore": 94, "walkMin": 19.1, "bikeMin": 6.4, "driveMin": 2.4}, "geometry": {"type": "LineString", "coordinates": [[-117.997656, 34.14835], [-117.997653, 34.148122], [-117.998812, 34.148107], [-117.999009, 34.148104], [-117.999206, 34.148102], [-117.999422, 34.148099], [-117.999622, 34.148096], [-118.000632, 34.148083]]}}, {"type": "Feature", "properties": {"GEOID": "06037189502", "durationMin": 1.6, "distKm": 0.18, "targetScore": 98, "walkMin": 5.5, "bikeMin": 1.8, "driveMin": 0.7}, "geometry": {"type": "LineString", "coordinates": [[-118.32402, 34.107705], [-118.324019, 34.107538], [-118.324016, 34.107017], [-118.324012, 34.10645], [-118.324011, 34.106377], [-118.32401, 34.106236], [-118.324006, 34.105674], [-118.32407, 34.105673], [-118.324524, 34.105663], [-118.324525, 34.105607], [-118.324524, 34.105332], [-118.324525, 34.105242], [-118.324307, 34.105241], [-118.324002, 34.105239], [-118.323634, 34.105244], [-118.323408, 34.105247], [-118.322992, 34.105253], [-118.322937, 34.105254], [-118.322938, 34.105344], [-118.322938, 34.105364], [-118.322939, 34.105447], [-118.32294, 34.105586], [-118.322945, 34.106099], [-118.322947, 34.106288]]}}, {"type": "Feature", "properties": {"GEOID": "06037190303", "durationMin": 0.7, "distKm": 0.21, "targetScore": 97, "walkMin": 5.5, "bikeMin": 1.8, "driveMin": 0.7}, "geometry": {"type": "LineString", "coordinates": [[-118.31073, 34.103553], [-118.310719, 34.102707], [-118.31071, 34.101869], [-118.310709, 34.101828], [-118.310708, 34.10173], [-118.311162, 34.101726], [-118.311401, 34.101723], [-118.311486, 34.101722], [-118.312123, 34.101721]]}}, {"type": "Feature", "properties": {"GEOID": "06037800324", "durationMin": 0.9, "distKm": 0.32, "targetScore": 96, "walkMin": 9.4, "bikeMin": 3.1, "driveMin": 1.2}, "geometry": {"type": "LineString", "coordinates": [[-118.77975, 34.150119], [-118.779756, 34.150111], [-118.779811, 34.149992], [-118.779834, 34.149732], [-118.779841, 34.14943], [-118.779873, 34.147786], [-118.780017, 34.147765], [-118.780193, 34.147768], [-118.780341, 34.147791], [-118.780449, 34.147817], [-118.780483, 34.147831], [-118.780541, 34.147855], [-118.780714, 34.147939], [-118.780887, 34.147988], [-118.781032, 34.148005], [-118.78113, 34.148001], [-118.781273, 34.147993], [-118.781424, 34.147982], [-118.781476, 34.147973], [-118.781545, 34.147956], [-118.781613, 34.147932], [-118.781804, 34.147811]]}}, {"type": "Feature", "properties": {"GEOID": "06037311602", "durationMin": 0.6, "distKm": 0.05, "targetScore": 98, "walkMin": 7.2, "bikeMin": 2.4, "driveMin": 0.9}, "geometry": {"type": "LineString", "coordinates": [[-118.345562, 34.151968], [-118.345565, 34.151714], [-118.346166, 34.151715], [-118.346237, 34.151715], [-118.34641, 34.152084], [-118.346469, 34.15221], [-118.346382, 34.152214], [-118.346329, 34.152217], [-118.346167, 34.152226]]}}, {"type": "Feature", "properties": {"GEOID": "06037143302", "durationMin": 0.5, "distKm": 0.22, "targetScore": 96, "walkMin": 3.1, "bikeMin": 1.0, "driveMin": 0.4}, "geometry": {"type": "LineString", "coordinates": [[-118.386647, 34.151422], [-118.386589, 34.151274], [-118.386594, 34.150896], [-118.386597, 34.150845], [-118.38664, 34.1505], [-118.386651, 34.150385], [-118.387257, 34.150383], [-118.387353, 34.150382], [-118.387609, 34.150383], [-118.387741, 34.150383], [-118.387741, 34.150426]]}}, {"type": "Feature", "properties": {"GEOID": "06037143101", "durationMin": 1.6, "distKm": 0.37, "targetScore": 97, "walkMin": 3.1, "bikeMin": 1.0, "driveMin": 0.4}, "geometry": {"type": "LineString", "coordinates": [[-118.354968, 34.148488], [-118.354968, 34.148488], [-118.355015, 34.148516], [-118.355072, 34.148527], [-118.355424, 34.14853], [-118.355965, 34.148523], [-118.3571, 34.148518], [-118.357124, 34.149405], [-118.357125, 34.149464], [-118.357133, 34.150306], [-118.357111, 34.150389], [-118.35711, 34.150478], [-118.357115, 34.151516], [-118.357118, 34.151741], [-118.357122, 34.152018], [-118.357124, 34.152203], [-118.357027, 34.152178], [-118.356983, 34.152167], [-118.356005, 34.15217], [-118.355819, 34.15217], [-118.355754, 34.152213], [-118.355221, 34.152203], [-118.354918, 34.152203], [-118.354461, 34.152203], [-118.354264, 34.1522], [-118.353835, 34.152196], [-118.353653, 34.152195]]}}, {"type": "Feature", "properties": {"GEOID": "06037311601", "durationMin": 0.2, "distKm": 0.11, "targetScore": 99, "walkMin": 7.2, "bikeMin": 2.4, "driveMin": 0.9}, "geometry": {"type": "LineString", "coordinates": [[-118.334999, 34.154065], [-118.334999, 34.154065], [-118.335407, 34.153935], [-118.335452, 34.153921]]}}, {"type": "Feature", "properties": {"GEOID": "06037800334", "durationMin": 7.2, "distKm": 1.17, "targetScore": 92, "walkMin": 22.2, "bikeMin": 7.4, "driveMin": 2.8}, "geometry": {"type": "LineString", "coordinates": [[-118.7432, 34.157965], [-118.743377, 34.157711], [-118.743424, 34.15766], [-118.743609, 34.15746], [-118.743636, 34.157435], [-118.743784, 34.157297], [-118.743866, 34.157221], [-118.743995, 34.157098], [-118.744039, 34.157057], [-118.744152, 34.15693], [-118.744228, 34.156802], [-118.744252, 34.156695], [-118.744226, 34.156589], [-118.744152, 34.156463], [-118.74393, 34.156261], [-118.743624, 34.155901], [-118.743416, 34.155634], [-118.743244, 34.15541], [-118.742951, 34.155479], [-118.742686, 34.155558], [-118.742504, 34.155606], [-118.742347, 34.155651], [-118.741949, 34.155743], [-118.741868, 34.15575], [-118.741704, 34.155735], [-118.741574, 34.155705], [-118.741531, 34.155686], [-118.741497, 34.155661], [-118.741458, 34.155583], [-118.741455, 34.155508], [-118.741512, 34.155389], [-118.741558, 34.155312], [-118.741577, 34.155258], [-118.741603, 34.155216], [-118.741608, 34.155158], [-118.741616, 34.155077], [-118.741604, 34.155056], [-118.74155, 34.154959], [-118.741262, 34.154809], [-118.740995, 34.154657], [-118.740716, 34.154456], [-118.740676, 34.154414], [-118.740558, 34.154063], [-118.740534, 34.153983], [-118.740404, 34.153411], [-118.740295, 34.152932], [-118.740276, 34.152848], [-118.740172, 34.152365], [-118.740164, 34.152276], [-118.740179, 34.152193], [-118.740195, 34.152131], [-118.740272, 34.151924], [-118.740421, 34.151625], [-118.740579, 34.151219], [-118.740849, 34.150586], [-118.740961, 34.150346], [-118.741123, 34.149986], [-118.741258, 34.149739], [-118.741492, 34.149388], [-118.741853, 34.148847], [-118.742447, 34.147973], [-118.742456, 34.147959], [-118.742496, 34.147901], [-118.743036, 34.148149], [-118.743249, 34.148245], [-118.743303, 34.148271], [-118.743477, 34.14835], [-118.743846, 34.148518], [-118.743941, 34.148563], [-118.744549, 34.148851], [-118.744934, 34.149036], [-118.745149, 34.149129], [-118.745267, 34.149176], [-118.74531, 34.14919], [-118.745438, 34.14923], [-118.745591, 34.149268], [-118.745639, 34.149279], [-118.745695, 34.149292], [-118.746264, 34.1494], [-118.746564, 34.149457], [-118.74711, 34.149557], [-118.747425, 34.149615], [-118.748022, 34.149728], [-118.748347, 34.149789], [-118.748558, 34.149829], [-118.748736, 34.149862], [-118.748827, 34.149879], [-118.748881, 34.149889], [-118.749463, 34.149996], [-118.749682, 34.150031], [-118.749762, 34.150036], [-118.749939, 34.150046], [-118.750226, 34.150044], [-118.750506, 34.150009], [-118.75084, 34.149946], [-118.75102, 34.149932], [-118.751242, 34.149934], [-118.751466, 34.149983], [-118.751912, 34.150165], [-118.752125, 34.150243], [-118.75234, 34.150287], [-118.752918, 34.150336], [-118.753371, 34.150402], [-118.75381, 34.15049], [-118.753973, 34.150512], [-118.754196, 34.150528], [-118.754202, 34.150624], [-118.754213, 34.151046], [-118.754228, 34.151167], [-118.754295, 34.151493], [-118.754324, 34.151674], [-118.754333, 34.151952], [-118.75432, 34.15223], [-118.754303, 34.152362], [-118.754223, 34.152793], [-118.754184, 34.153179], [-118.75417, 34.153311], [-118.754163, 34.153412], [-118.754621, 34.153434], [-118.754858, 34.153449], [-118.755238, 34.153495], [-118.755714, 34.153588], [-118.756033, 34.153665], [-118.75621, 34.153711], [-118.756896, 34.153926], [-118.756916, 34.153933], [-118.757042, 34.153973], [-118.756993, 34.154067], [-118.756468, 34.155187], [-118.756431, 34.155277], [-118.756278, 34.155651], [-118.756192, 34.155938], [-118.756136, 34.156214], [-118.756092, 34.156433], [-118.756063, 34.156713], [-118.756063, 34.157003], [-118.7561, 34.157338], [-118.75617, 34.157269], [-118.756223, 34.157235], [-118.756197, 34.156979], [-118.756199, 34.156692], [-118.7562, 34.156683], [-118.75622, 34.15646], [-118.756222, 34.156448]]}}, {"type": "Feature", "properties": {"GEOID": "06037431003", "durationMin": 1.3, "distKm": 0.45, "targetScore": 96, "walkMin": 15.3, "bikeMin": 5.1, "driveMin": 1.9}, "geometry": {"type": "LineString", "coordinates": [[-118.013041, 34.14848], [-118.013047, 34.148776], [-118.013051, 34.148996], [-118.013051, 34.149004], [-118.013054, 34.14915], [-118.013057, 34.149323], [-118.013058, 34.149358], [-118.013062, 34.149567], [-118.013071, 34.149915], [-118.013076, 34.150064], [-118.01308, 34.150287], [-118.013078, 34.150444], [-118.013103, 34.150686], [-118.013109, 34.151103], [-118.013111, 34.151222], [-118.013019, 34.151222], [-118.012562, 34.151227], [-118.012031, 34.151233], [-118.011508, 34.151239], [-118.011301, 34.151241], [-118.011202, 34.151243], [-118.010683, 34.151241], [-118.010184, 34.151247], [-118.010034, 34.151249], [-118.009927, 34.15125], [-118.00982, 34.151252], [-118.009746, 34.151252], [-118.009526, 34.151255]]}}, {"type": "Feature", "properties": {"GEOID": "06037800333", "durationMin": 5.0, "distKm": 0.37, "targetScore": 98, "walkMin": 22.2, "bikeMin": 7.4, "driveMin": 2.8}, "geometry": {"type": "LineString", "coordinates": [[-118.749947, 34.147214], [-118.749949, 34.147187], [-118.749973, 34.146917], [-118.749836, 34.146809], [-118.749371, 34.146779], [-118.749284, 34.146685], [-118.748455, 34.146481], [-118.748312, 34.14644], [-118.748223, 34.146415], [-118.748337, 34.146156], [-118.74859, 34.145622], [-118.748674, 34.14543], [-118.748779, 34.145156], [-118.748818, 34.145093], [-118.74898, 34.144924], [-118.749052, 34.14485], [-118.749494, 34.145155], [-118.749666, 34.145256], [-118.749886, 34.145363], [-118.749939, 34.145383], [-118.750062, 34.145431], [-118.750209, 34.145487], [-118.75023, 34.145493], [-118.750409, 34.145544], [-118.7506, 34.14559], [-118.750637, 34.145595], [-118.750809, 34.145617], [-118.751014, 34.145631], [-118.751213, 34.145642], [-118.751532, 34.145653], [-118.752271, 34.145676], [-118.752622, 34.145688], [-118.753, 34.145706], [-118.753216, 34.145717], [-118.753947, 34.145741], [-118.754838, 34.14577], [-118.755818, 34.145793], [-118.756312, 34.145815], [-118.756703, 34.145834], [-118.756977, 34.145858], [-118.757228, 34.145884], [-118.757416, 34.145906], [-118.757761, 34.145951], [-118.757812, 34.145958], [-118.758101, 34.146014], [-118.758398, 34.146093], [-118.758634, 34.146176], [-118.758894, 34.146275], [-118.75914, 34.146396], [-118.759376, 34.14652], [-118.759524, 34.146622], [-118.759614, 34.146705], [-118.759686, 34.146808], [-118.759736, 34.14689], [-118.759768, 34.146972], [-118.759782, 34.147054], [-118.759787, 34.147111], [-118.759745, 34.148039], [-118.759729, 34.148298], [-118.759733, 34.148487], [-118.759791, 34.148643], [-118.759885, 34.148805], [-118.759986, 34.14889], [-118.760121, 34.148979], [-118.760136, 34.148988], [-118.760225, 34.149044], [-118.760344, 34.1491], [-118.760533, 34.148802], [-118.760622, 34.148626], [-118.760749, 34.148356], [-118.76083, 34.14813], [-118.760896, 34.147906], [-118.760964, 34.147659], [-118.761047, 34.147117], [-118.76105, 34.147094], [-118.761065, 34.146979], [-118.761085, 34.146844], [-118.761181, 34.146405], [-118.761201, 34.146315], [-118.761249, 34.146078], [-118.76131, 34.145785], [-118.761331, 34.145697], [-118.761403, 34.145359], [-118.761463, 34.145154], [-118.761326, 34.145148], [-118.76121, 34.145133], [-118.761186, 34.145132], [-118.760997, 34.14511], [-118.760876, 34.145101], [-118.760785, 34.145099], [-118.760714, 34.145102], [-118.760643, 34.145113], [-118.76052, 34.145137], [-118.760332, 34.145184], [-118.760229, 34.145213], [-118.760001, 34.145278], [-118.759815, 34.145328], [-118.759663, 34.145354], [-118.759522, 34.14537], [-118.759308, 34.145379], [-118.759021, 34.145368], [-118.758797, 34.14535], [-118.758294, 34.145299], [-118.757891, 34.145256], [-118.757545, 34.145219], [-118.757371, 34.145203], [-118.756956, 34.14516], [-118.756517, 34.145106], [-118.756166, 34.145062], [-118.755692, 34.144994], [-118.755582, 34.144977], [-118.755478, 34.144962], [-118.75493, 34.144876], [-118.754625, 34.144829], [-118.753331, 34.144576], [-118.752931, 34.144485], [-118.752186, 34.14431], [-118.751848, 34.144225], [-118.751421, 34.144124], [-118.751158, 34.144072]]}}, {"type": "Feature", "properties": {"GEOID": "06037143401", "durationMin": 0.6, "distKm": 0.41, "targetScore": 94, "walkMin": 3.5, "bikeMin": 1.2, "driveMin": 0.4}, "geometry": {"type": "LineString", "coordinates": [[-118.413796, 34.153494], [-118.413797, 34.153275], [-118.413786, 34.152214], [-118.41379, 34.151813], [-118.413784, 34.150736], [-118.413782, 34.150469], [-118.413784, 34.150371], [-118.413789, 34.150263], [-118.413788, 34.150179], [-118.413788, 34.14996], [-118.413786, 34.149924], [-118.413786, 34.149907], [-118.413787, 34.149808]]}}, {"type": "Feature", "properties": {"GEOID": "06037143102", "durationMin": 0.7, "distKm": 0.23, "targetScore": 97, "walkMin": 3.1, "bikeMin": 1.0, "driveMin": 0.4}, "geometry": {"type": "LineString", "coordinates": [[-118.362638, 34.150405], [-118.362848, 34.150405], [-118.363116, 34.150405], [-118.363141, 34.151439], [-118.363141, 34.151787], [-118.363146, 34.15201], [-118.363147, 34.152092], [-118.36315, 34.152218], [-118.363268, 34.15222]]}}, {"type": "Feature", "properties": {"GEOID": "06037301902", "durationMin": 0.8, "distKm": 0.17, "targetScore": 94, "walkMin": 4.8, "bikeMin": 1.6, "driveMin": 0.6}, "geometry": {"type": "LineString", "coordinates": [[-118.244692, 34.155278], [-118.244534, 34.155209], [-118.244477, 34.155184], [-118.244359, 34.155133], [-118.244177, 34.155056], [-118.244109, 34.154927], [-118.244085, 34.154875], [-118.24396, 34.154819], [-118.243795, 34.154746], [-118.243628, 34.154672], [-118.243547, 34.154636], [-118.243455, 34.154595], [-118.243293, 34.154523], [-118.243265, 34.154511], [-118.243218, 34.154471], [-118.243112, 34.154379], [-118.24313, 34.154349], [-118.243196, 34.154246]]}}, {"type": "Feature", "properties": {"GEOID": "06037800206", "durationMin": 5.5, "distKm": 1.15, "targetScore": 93, "walkMin": 16.5, "bikeMin": 5.5, "driveMin": 2.1}, "geometry": {"type": "LineString", "coordinates": [[-118.670507, 34.160339], [-118.670527, 34.160087], [-118.670504, 34.160032], [-118.670563, 34.159986], [-118.670589, 34.15984], [-118.670355, 34.159805], [-118.670181, 34.15973], [-118.670147, 34.159716], [-118.669946, 34.159594], [-118.669809, 34.159448], [-118.669691, 34.159285], [-118.669509, 34.158913], [-118.66939, 34.15867], [-118.669336, 34.158233], [-118.669343, 34.158156], [-118.669372, 34.157822], [-118.669392, 34.157538], [-118.669432, 34.157008], [-118.669435, 34.156971], [-118.669452, 34.156744], [-118.669411, 34.156598], [-118.669321, 34.156461], [-118.669161, 34.156333], [-118.668976, 34.156277], [-118.66876, 34.156261], [-118.668485, 34.156299], [-118.667937, 34.156406], [-118.667801, 34.156433], [-118.667645, 34.156504], [-118.667515, 34.156619], [-118.667437, 34.156748], [-118.667419, 34.156874], [-118.667416, 34.156894], [-118.667427, 34.157052], [-118.667453, 34.157135], [-118.667476, 34.157206], [-118.667544, 34.157416], [-118.667569, 34.157495], [-118.667595, 34.157589], [-118.667608, 34.157685], [-118.667601, 34.157787], [-118.667578, 34.157902], [-118.667499, 34.158059], [-118.667454, 34.158121], [-118.667393, 34.158204], [-118.667289, 34.158315], [-118.666379, 34.159094], [-118.666199, 34.158956], [-118.665625, 34.15852], [-118.665435, 34.158396], [-118.665287, 34.158342], [-118.664867, 34.158261], [-118.664787, 34.158245], [-118.664807, 34.158167], [-118.665015, 34.15704], [-118.665157, 34.156234], [-118.665224, 34.155903], [-118.665368, 34.155096], [-118.665426, 34.15476], [-118.665436, 34.154695], [-118.665445, 34.154596], [-118.665448, 34.15456], [-118.665446, 34.154393], [-118.665454, 34.154283], [-118.665465, 34.154204], [-118.665473, 34.154179], [-118.665526, 34.154089], [-118.66557, 34.154012], [-118.665644, 34.15389], [-118.665662, 34.153864], [-118.665909, 34.15355], [-118.665984, 34.153422], [-118.66604, 34.15329], [-118.666063, 34.153208], [-118.666077, 34.153142], [-118.666142, 34.152718], [-118.666164, 34.152625], [-118.666185, 34.152553], [-118.666226, 34.152472], [-118.666334, 34.1523], [-118.666398, 34.152204], [-118.666482, 34.152251], [-118.666504, 34.152261], [-118.666626, 34.152308], [-118.666737, 34.152337], [-118.666834, 34.152352], [-118.666953, 34.152363], [-118.6671, 34.152356], [-118.667251, 34.15233], [-118.667448, 34.152269], [-118.667643, 34.15218], [-118.667988, 34.151955], [-118.668211, 34.151836], [-118.66837, 34.151767], [-118.668545, 34.151703], [-118.670351, 34.151262], [-118.670588, 34.151193], [-118.67077, 34.151119], [-118.671764, 34.150642], [-118.671995, 34.150529]]}}, {"type": "Feature", "properties": {"GEOID": "06037143301", "durationMin": 0.4, "distKm": 0.18, "targetScore": 96, "walkMin": 3.1, "bikeMin": 1.0, "driveMin": 0.4}, "geometry": {"type": "LineString", "coordinates": [[-118.387755, 34.155985], [-118.387755, 34.156028], [-118.387754, 34.156488], [-118.387756, 34.156688], [-118.387755, 34.156909], [-118.387756, 34.157064], [-118.387757, 34.157148], [-118.387756, 34.157512], [-118.387757, 34.157643], [-118.387851, 34.157642]]}}, {"type": "Feature", "properties": {"GEOID": "06037117301", "durationMin": 1.7, "distKm": 0.83, "targetScore": 95, "walkMin": 3.5, "bikeMin": 1.2, "driveMin": 0.4}, "geometry": {"type": "LineString", "coordinates": [[-118.489652, 34.242043], [-118.489421, 34.242042], [-118.489439, 34.24119], [-118.489459, 34.240162], [-118.489456, 34.239444], [-118.489412, 34.239338], [-118.489416, 34.238416], [-118.489413, 34.238014], [-118.489425, 34.237803], [-118.489489, 34.237529], [-118.489502, 34.236657], [-118.489509, 34.236206], [-118.489503, 34.235822], [-118.489503, 34.235808], [-118.489498, 34.235684], [-118.488722, 34.235675], [-118.487863, 34.235665], [-118.487708, 34.235664], [-118.487265, 34.235659], [-118.487161, 34.235659], [-118.48641, 34.235655], [-118.486097, 34.235655], [-118.485814, 34.23565], [-118.485688, 34.235651], [-118.485592, 34.235647], [-118.485384, 34.235645]]}}, {"type": "Feature", "properties": {"GEOID": "06037462600", "durationMin": 3.2, "distKm": 1.45, "targetScore": 94, "walkMin": 15.2, "bikeMin": 5.1, "driveMin": 1.9}, "geometry": {"type": "LineString", "coordinates": [[-118.113508, 34.16106], [-118.113145, 34.161063], [-118.113131, 34.161459], [-118.113132, 34.161652], [-118.113132, 34.161805], [-118.113124, 34.16195], [-118.113106, 34.162159], [-118.113102, 34.162449], [-118.1131, 34.162584], [-118.113114, 34.163263], [-118.113096, 34.163895], [-118.113095, 34.164036], [-118.113094, 34.164112], [-118.113093, 34.16418], [-118.11309, 34.16435], [-118.113089, 34.16451], [-118.11309, 34.164687], [-118.113089, 34.165016], [-118.113068, 34.165502], [-118.113064, 34.165634], [-118.113056, 34.166046], [-118.113055, 34.166504], [-118.113054, 34.166599], [-118.11305, 34.16709], [-118.113047, 34.167198], [-118.11304, 34.167886], [-118.113039, 34.168098], [-118.113035, 34.168427], [-118.11303, 34.168544], [-118.113023, 34.168701], [-118.113022, 34.168737], [-118.113019, 34.168873], [-118.113034, 34.169033], [-118.113038, 34.169143], [-118.112911, 34.169144], [-118.112653, 34.169145], [-118.112617, 34.169145], [-118.112402, 34.169145], [-118.11222, 34.169145], [-118.111983, 34.169145], [-118.111588, 34.169148], [-118.111249, 34.169151], [-118.110768, 34.169152], [-118.110428, 34.169153], [-118.110352, 34.169153], [-118.109614, 34.169155], [-118.109441, 34.169155], [-118.109201, 34.16916], [-118.108566, 34.169167], [-118.108533, 34.169168], [-118.108105, 34.169159], [-118.107967, 34.169157], [-118.106527, 34.169139], [-118.106088, 34.16913], [-118.105978, 34.169128], [-118.105933, 34.169127], [-118.105903, 34.169126], [-118.105649, 34.169126], [-118.105554, 34.169127], [-118.104663, 34.169133], [-118.104521, 34.169133], [-118.103993, 34.169137], [-118.103821, 34.169135], [-118.102867, 34.169135], [-118.101737, 34.169135], [-118.101325, 34.169136]]}}, {"type": "Feature", "properties": {"GEOID": "06037117405", "durationMin": 1.1, "distKm": 0.23, "targetScore": 95, "walkMin": 4.8, "bikeMin": 1.6, "driveMin": 0.6}, "geometry": {"type": "LineString", "coordinates": [[-118.469806, 34.233725], [-118.469793, 34.23433], [-118.46979, 34.234505], [-118.469785, 34.234702], [-118.469782, 34.234881], [-118.469791, 34.235426], [-118.469791, 34.235553], [-118.469703, 34.235552], [-118.469341, 34.235551], [-118.469235, 34.23555], [-118.469129, 34.235549], [-118.468787, 34.235546], [-118.468632, 34.235545], [-118.468456, 34.235544], [-118.468366, 34.235543], [-118.468256, 34.235542], [-118.467905, 34.23554], [-118.467831, 34.235539], [-118.467725, 34.235538], [-118.467727, 34.235404], [-118.467729, 34.235354], [-118.467728, 34.235314], [-118.467728, 34.234713], [-118.467728, 34.23414], [-118.467729, 34.234121]]}}, {"type": "Feature", "properties": {"GEOID": "06037103300", "durationMin": 3.9, "distKm": 1.07, "targetScore": 95, "walkMin": 10.3, "bikeMin": 3.4, "driveMin": 1.3}, "geometry": {"type": "LineString", "coordinates": [[-118.355718, 34.257559], [-118.356096, 34.257216], [-118.356328, 34.257045], [-118.357474, 34.256936], [-118.357473, 34.256852], [-118.357469, 34.256397], [-118.357468, 34.256352], [-118.357468, 34.256331], [-118.357467, 34.25609], [-118.357467, 34.256028], [-118.357467, 34.255975], [-118.357465, 34.255606], [-118.357465, 34.255454], [-118.357464, 34.255399], [-118.357464, 34.255342], [-118.357469, 34.255177], [-118.357465, 34.255086], [-118.357484, 34.254679], [-118.357485, 34.254439], [-118.357485, 34.25438], [-118.357486, 34.25416], [-118.357487, 34.254124], [-118.357487, 34.254096], [-118.357488, 34.25386], [-118.35749, 34.253562], [-118.357493, 34.253255], [-118.357494, 34.253191], [-118.357494, 34.253169], [-118.357497, 34.253125], [-118.357484, 34.251542], [-118.357483, 34.251368], [-118.357481, 34.251216], [-118.357481, 34.250797], [-118.35748, 34.250563], [-118.35748, 34.250303], [-118.35748, 34.249478], [-118.35748, 34.249242], [-118.357483, 34.248837], [-118.357484, 34.24857], [-118.357477, 34.248295], [-118.357474, 34.248159], [-118.357472, 34.248103], [-118.35747, 34.247533], [-118.357469, 34.247472], [-118.357468, 34.247229], [-118.357468, 34.247058], [-118.357288, 34.24705], [-118.357073, 34.247039], [-118.357038, 34.247038], [-118.356998, 34.247036], [-118.356833, 34.247029], [-118.356356, 34.247005], [-118.356143, 34.247002], [-118.356067, 34.247001], [-118.355667, 34.246995], [-118.355614, 34.246995], [-118.355261, 34.247015], [-118.354973, 34.247032], [-118.354734, 34.247049], [-118.354678, 34.247053], [-118.354449, 34.247069], [-118.354231, 34.247083], [-118.354157, 34.247089], [-118.353917, 34.247111], [-118.353897, 34.247112], [-118.353598, 34.247141], [-118.353447, 34.247155], [-118.353273, 34.24717], [-118.352941, 34.247199], [-118.352359, 34.247249], [-118.351945, 34.247288], [-118.351528, 34.247329], [-118.351397, 34.247342], [-118.351194, 34.247363], [-118.351009, 34.247382], [-118.350792, 34.247419], [-118.350689, 34.247437], [-118.350334, 34.247516], [-118.350066, 34.247587], [-118.350006, 34.247605], [-118.349887, 34.24764], [-118.349816, 34.247662], [-118.349488, 34.247779], [-118.3492, 34.24788], [-118.348853, 34.248002], [-118.348668, 34.248073], [-118.348432, 34.248163], [-118.348089, 34.24835], [-118.348068, 34.248362], [-118.34791, 34.248474], [-118.347744, 34.248601], [-118.347639, 34.248696], [-118.347503, 34.248838], [-118.34743, 34.24892], [-118.347344, 34.249035], [-118.347232, 34.249195], [-118.347121, 34.249376], [-118.346892, 34.249753], [-118.346849, 34.249824], [-118.346492, 34.250399], [-118.346353, 34.250632], [-118.346284, 34.250752], [-118.346118, 34.251039], [-118.34581, 34.251573], [-118.345652, 34.251845], [-118.345464, 34.252211], [-118.345342, 34.252449], [-118.345235, 34.252656], [-118.345086, 34.25292]]}}, {"type": "Feature", "properties": {"GEOID": "06037910807", "durationMin": 4.2, "distKm": 1.82, "targetScore": 92, "walkMin": 19.2, "bikeMin": 6.4, "driveMin": 2.4}, "geometry": {"type": "LineString", "coordinates": [[-118.411334, 34.44136], [-118.411684, 34.441586], [-118.411982, 34.441819], [-118.412158, 34.44169], [-118.412484, 34.441297], [-118.412596, 34.441065], [-118.41274, 34.440725], [-118.412788, 34.440434], [-118.412792, 34.440351], [-118.412797, 34.44028], [-118.41279, 34.440061], [-118.412757, 34.439766], [-118.412743, 34.439557], [-118.412731, 34.439438], [-118.412734, 34.439393], [-118.412748, 34.439353], [-118.412791, 34.439321], [-118.412855, 34.439307], [-118.413062, 34.43929], [-118.413214, 34.439276], [-118.413302, 34.439268], [-118.413453, 34.439255], [-118.413706, 34.439229], [-118.414062, 34.43918], [-118.414464, 34.439118], [-118.414729, 34.439071], [-118.415002, 34.439026], [-118.415291, 34.438971], [-118.415648, 34.438934], [-118.415973, 34.438932], [-118.416307, 34.438942], [-118.416577, 34.438953], [-118.416901, 34.43896], [-118.417104, 34.439007], [-118.417166, 34.439007], [-118.41734, 34.439009], [-118.417653, 34.438951], [-118.41776, 34.438932], [-118.417915, 34.438835], [-118.418111, 34.439162], [-118.418274, 34.439405], [-118.418404, 34.439575], [-118.418675, 34.439883], [-118.418823, 34.440143], [-118.418964, 34.440421], [-118.4191, 34.440694], [-118.419145, 34.440818], [-118.419179, 34.440948], [-118.419174, 34.441079], [-118.419155, 34.441215], [-118.41903, 34.441612], [-118.41901, 34.441819], [-118.419051, 34.441992], [-118.419139, 34.442171], [-118.419331, 34.442523], [-118.419428, 34.442677], [-118.419458, 34.442818], [-118.419453, 34.442987], [-118.419401, 34.443171], [-118.419286, 34.443402], [-118.419178, 34.443585], [-118.419127, 34.443744], [-118.419121, 34.443814], [-118.419116, 34.443876], [-118.41915, 34.444022], [-118.419286, 34.444178], [-118.419374, 34.444239], [-118.419459, 34.444278], [-118.419703, 34.444355], [-118.419971, 34.444404], [-118.420153, 34.444467], [-118.420286, 34.444532], [-118.420376, 34.444596], [-118.420476, 34.444723], [-118.420524, 34.444821], [-118.420597, 34.445074], [-118.420681, 34.445389], [-118.420697, 34.445444], [-118.420741, 34.445599], [-118.420773, 34.445755], [-118.420778, 34.445906], [-118.420739, 34.446089], [-118.420654, 34.44624], [-118.420562, 34.446377], [-118.420541, 34.446605], [-118.420689, 34.447213], [-118.420723, 34.447354], [-118.420803, 34.447578], [-118.420931, 34.447802], [-118.421042, 34.44795], [-118.421158, 34.448109], [-118.421365, 34.44836], [-118.421689, 34.448559], [-118.421978, 34.448695], [-118.42221, 34.448812], [-118.422404, 34.448914], [-118.422781, 34.449146], [-118.42318, 34.44948], [-118.423615, 34.449791], [-118.42329, 34.450142], [-118.423254, 34.45018], [-118.423204, 34.450235], [-118.422997, 34.450458], [-118.422779, 34.450715], [-118.422665, 34.450874], [-118.422414, 34.451244], [-118.422194, 34.45153], [-118.421946, 34.451875], [-118.42143, 34.452626], [-118.421218, 34.452936], [-118.420359, 34.45425], [-118.420308, 34.454328], [-118.42008, 34.454636], [-118.419814, 34.454996], [-118.419554, 34.455347], [-118.419479, 34.455448], [-118.419363, 34.455637], [-118.419302, 34.455708]]}}, {"type": "Feature", "properties": {"GEOID": "06037900104", "durationMin": 3.5, "distKm": 2.29, "targetScore": 96, "walkMin": 21.1, "bikeMin": 7.0, "driveMin": 2.6}, "geometry": {"type": "LineString", "coordinates": [[-117.844505, 34.592543], [-117.844493, 34.594532], [-117.840075, 34.594541], [-117.836263, 34.594545], [-117.83568, 34.594548], [-117.8345, 34.594541], [-117.832491, 34.594545], [-117.831213, 34.594548], [-117.827586, 34.594553], [-117.826898, 34.594559], [-117.826789, 34.594561], [-117.8268, 34.597154], [-117.826807, 34.597886], [-117.826804, 34.598011], [-117.82677, 34.598239], [-117.826721, 34.598507], [-117.826626, 34.598847], [-117.826508, 34.59917], [-117.826369, 34.599469], [-117.826095, 34.599937], [-117.825941, 34.600124]]}}, {"type": "Feature", "properties": {"GEOID": "06037920331", "durationMin": 2.0, "distKm": 0.61, "targetScore": 92, "walkMin": 9.7, "bikeMin": 3.2, "driveMin": 1.2}, "geometry": {"type": "LineString", "coordinates": [[-118.545124, 34.397294], [-118.545603, 34.39787], [-118.546275, 34.397482], [-118.546959, 34.397083], [-118.547207, 34.396948], [-118.547342, 34.396903], [-118.54743, 34.396885], [-118.547596, 34.396871], [-118.547781, 34.396875], [-118.548009, 34.396923], [-118.548205, 34.39701], [-118.548333, 34.39709], [-118.548447, 34.397206], [-118.54871, 34.39758], [-118.549188, 34.398272], [-118.549334, 34.398504], [-118.549473, 34.398664], [-118.549702, 34.398816], [-118.549912, 34.398912], [-118.550043, 34.39895], [-118.550179, 34.398983], [-118.550723, 34.399074], [-118.550955, 34.399111], [-118.550995, 34.399117], [-118.551077, 34.399129], [-118.551055, 34.399235], [-118.55099, 34.399546], [-118.550957, 34.39979], [-118.550947, 34.39996], [-118.55094, 34.400053], [-118.550932, 34.400244]]}}, {"type": "Feature", "properties": {"GEOID": "06037920332", "durationMin": 1.1, "distKm": 0.37, "targetScore": 98, "walkMin": 8.8, "bikeMin": 2.9, "driveMin": 1.1}, "geometry": {"type": "LineString", "coordinates": [[-118.513247, 34.383119], [-118.513241, 34.383153], [-118.513586, 34.383203], [-118.513624, 34.383208], [-118.513661, 34.383203], [-118.513694, 34.383188], [-118.51372, 34.383164], [-118.513735, 34.383136], [-118.513841, 34.38276], [-118.513991, 34.382102], [-118.513976, 34.382036], [-118.514085, 34.382009], [-118.514182, 34.381982], [-118.514245, 34.381954], [-118.514548, 34.381808], [-118.514612, 34.381778], [-118.514755, 34.381737], [-118.514893, 34.381709], [-118.514982, 34.381697], [-118.515111, 34.381698], [-118.515237, 34.381723], [-118.515321, 34.381741], [-118.515443, 34.381765], [-118.515668, 34.381801], [-118.515675, 34.381803], [-118.516907, 34.382037]]}}, {"type": "Feature", "properties": {"GEOID": "06037408303", "durationMin": 2.3, "distKm": 0.62, "targetScore": 92, "walkMin": 6.1, "bikeMin": 2.0, "driveMin": 0.8}, "geometry": {"type": "LineString", "coordinates": [[-118.002862, 34.035195], [-118.002535, 34.035085], [-118.002356, 34.035055], [-118.002061, 34.035051], [-118.002064, 34.037184], [-118.002922, 34.03719], [-118.003052, 34.037187], [-118.003215, 34.037162], [-118.004722, 34.036639], [-118.005071, 34.037335], [-118.005226, 34.03763], [-118.005285, 34.037743], [-118.005175, 34.037783], [-118.00467, 34.037959], [-118.002789, 34.038617], [-118.002498, 34.038719], [-118.002238, 34.038809], [-118.002064, 34.038869], [-118.001788, 34.038963], [-118.001757, 34.038974], [-118.001645, 34.039009], [-118.001535, 34.039041], [-118.000767, 34.039266], [-118.000518, 34.039354], [-118.000252, 34.039453], [-118.000012, 34.039561], [-117.999793, 34.039673], [-117.999554, 34.039806], [-117.999387, 34.039909], [-117.999263, 34.039996]]}}, {"type": "Feature", "properties": {"GEOID": "06037900103", "durationMin": 4.7, "distKm": 2.15, "targetScore": 90, "walkMin": 48.9, "bikeMin": 16.3, "driveMin": 6.1}, "geometry": {"type": "LineString", "coordinates": [[-117.843144, 34.629797], [-117.843079, 34.629822], [-117.842849, 34.62983], [-117.842313, 34.629823], [-117.840379, 34.629876], [-117.840433, 34.631255], [-117.838253, 34.631276], [-117.836035, 34.631263], [-117.833752, 34.631266], [-117.831569, 34.631237], [-117.829362, 34.631251], [-117.827231, 34.631253], [-117.827134, 34.631248], [-117.827067, 34.627521], [-117.827003, 34.62382], [-117.826961, 34.620167], [-117.826914, 34.617408], [-117.826908, 34.61716], [-117.826907, 34.617027], [-117.826903, 34.616891], [-117.826901, 34.61665], [-117.826898, 34.616525], [-117.826749, 34.616524], [-117.826535, 34.616524], [-117.826249, 34.616524], [-117.826082, 34.616524], [-117.825967, 34.616524]]}}, {"type": "Feature", "properties": {"GEOID": "06037900505", "durationMin": 1.6, "distKm": 0.82, "targetScore": 96, "walkMin": 1.4, "bikeMin": 0.5, "driveMin": 0.2}, "geometry": {"type": "LineString", "coordinates": [[-118.108049, 34.682252], [-118.108113, 34.682251], [-118.108623, 34.682249], [-118.109744, 34.682243], [-118.110205, 34.682236], [-118.110477, 34.682232], [-118.110834, 34.682226], [-118.112352, 34.682215], [-118.112527, 34.682213], [-118.112528, 34.682348], [-118.112539, 34.683546], [-118.11257, 34.684471], [-118.112589, 34.685392], [-118.112626, 34.686734], [-118.112616, 34.687144], [-118.112616, 34.687608], [-118.112624, 34.688297], [-118.112627, 34.688493], [-118.1127, 34.688493]]}}, {"type": "Feature", "properties": {"GEOID": "06037900506", "durationMin": 2.5, "distKm": 0.8, "targetScore": 99, "walkMin": 7.5, "bikeMin": 2.5, "driveMin": 0.9}, "geometry": {"type": "LineString", "coordinates": [[-118.09913, 34.682335], [-118.099131, 34.682317], [-118.101358, 34.682297], [-118.101979, 34.682292], [-118.103465, 34.682294], [-118.103582, 34.682294], [-118.103583, 34.682417], [-118.103589, 34.682947], [-118.103599, 34.683486], [-118.103603, 34.683723], [-118.10363, 34.6859], [-118.103652, 34.686289], [-118.103654, 34.686812], [-118.103663, 34.687749], [-118.10368, 34.689402], [-118.103683, 34.6895], [-118.103537, 34.6895], [-118.101579, 34.689513], [-118.100404, 34.68953], [-118.099331, 34.689532], [-118.09921, 34.689533], [-118.099108, 34.689531], [-118.099048, 34.689533], [-118.097851, 34.689542]]}}, {"type": "Feature", "properties": {"GEOID": "06037104204", "durationMin": 15.0, "distKm": 1.6, "targetScore": 93, "walkMin": 12.7, "bikeMin": 4.2, "driveMin": 1.6}, "geometry": {"type": "LineString", "coordinates": [[-118.395309, 34.290606], [-118.395309, 34.290606], [-118.395266, 34.290494], [-118.395263, 34.290333], [-118.395289, 34.290161], [-118.395341, 34.289966], [-118.3954, 34.289802], [-118.395863, 34.288875], [-118.395974, 34.288677], [-118.396059, 34.288552], [-118.396416, 34.288103], [-118.396449, 34.288055], [-118.396484, 34.287994], [-118.396586, 34.287727], [-118.396629, 34.287642], [-118.396677, 34.287556], [-118.396778, 34.287416], [-118.396903, 34.287281], [-118.396938, 34.287253], [-118.39699, 34.287219], [-118.397047, 34.287188], [-118.397154, 34.287151], [-118.39726, 34.28712], [-118.397582, 34.287067], [-118.397796, 34.287041], [-118.397936, 34.287026], [-118.398129, 34.287024], [-118.398275, 34.287044], [-118.398462, 34.287091], [-118.398606, 34.287134], [-118.398751, 34.287225], [-118.399292, 34.287365], [-118.399542, 34.287419], [-118.399742, 34.287462], [-118.399836, 34.287487], [-118.399901, 34.287509], [-118.400106, 34.287615], [-118.400204, 34.287639], [-118.400469, 34.287803], [-118.400521, 34.287834], [-118.400577, 34.287863], [-118.400638, 34.287889], [-118.400703, 34.287913], [-118.400766, 34.287931], [-118.400822, 34.287945], [-118.40083, 34.287892], [-118.400838, 34.287837], [-118.400918, 34.287397], [-118.40095, 34.287276], [-118.400992, 34.28715], [-118.401026, 34.287069], [-118.401062, 34.286988], [-118.401173, 34.286812], [-118.401234, 34.286727], [-118.401303, 34.286651], [-118.401312, 34.286641], [-118.40139, 34.286557], [-118.401603, 34.28635], [-118.401609, 34.286343], [-118.40166, 34.286301], [-118.401711, 34.286259], [-118.401639, 34.286189], [-118.401505, 34.286059], [-118.401264, 34.285851], [-118.400938, 34.285541], [-118.400488, 34.285114], [-118.400165, 34.284807], [-118.399841, 34.2845], [-118.399466, 34.284144], [-118.399251, 34.28394], [-118.39898, 34.28367], [-118.398556, 34.283276], [-118.398153, 34.283562], [-118.396452, 34.284825], [-118.396314, 34.284847], [-118.395991, 34.285075], [-118.395262, 34.285608], [-118.394904, 34.285298], [-118.394596, 34.285003], [-118.39397, 34.284422], [-118.393348, 34.283839], [-118.392738, 34.283269], [-118.392535, 34.283075], [-118.392129, 34.282687], [-118.391819, 34.282394], [-118.391555, 34.282145], [-118.391227, 34.281835], [-118.391045, 34.281663], [-118.390864, 34.281491], [-118.390564, 34.281187], [-118.390502, 34.281122], [-118.390227, 34.280873], [-118.390001, 34.280663], [-118.389647, 34.280338], [-118.388986, 34.279707], [-118.388096, 34.280356], [-118.387125, 34.281089], [-118.385709, 34.282113], [-118.385381, 34.28233], [-118.384882, 34.282697], [-118.384412, 34.283037], [-118.383871, 34.283447], [-118.382976, 34.284111], [-118.382852, 34.284092], [-118.381911, 34.28388], [-118.380333, 34.283695], [-118.380004, 34.283635], [-118.379795, 34.28356], [-118.379592, 34.283394], [-118.379468, 34.283239], [-118.379403, 34.283039], [-118.379348, 34.28223], [-118.379293, 34.281998], [-118.379164, 34.281812], [-118.379043, 34.281696], [-118.377227, 34.282989], [-118.376929, 34.283206], [-118.376678, 34.283389], [-118.376605, 34.283435], [-118.376567, 34.283457], [-118.376527, 34.283475], [-118.376456, 34.283498], [-118.376387, 34.283515], [-118.376312, 34.283527], [-118.37614, 34.283552], [-118.375765, 34.283601], [-118.375651, 34.28362], [-118.375576, 34.283637], [-118.375512, 34.28366], [-118.37548, 34.283674], [-118.37545, 34.283692], [-118.3754, 34.283731], [-118.375364, 34.283767], [-118.375338, 34.283797], [-118.375325, 34.283812], [-118.37531, 34.283835], [-118.375298, 34.283857], [-118.375295, 34.283866], [-118.375289, 34.283887], [-118.375279, 34.28393], [-118.375275, 34.283976], [-118.375277, 34.283998], [-118.37528, 34.284022], [-118.375301, 34.284085], [-118.375366, 34.284227], [-118.375383, 34.284292], [-118.375396, 34.28436], [-118.375393, 34.284429], [-118.375381, 34.284509], [-118.375374, 34.284573], [-118.375372, 34.284628], [-118.375374, 34.284664], [-118.375376, 34.284702], [-118.37542, 34.285055], [-118.375443, 34.285216], [-118.375481, 34.285377], [-118.375524, 34.285523], [-118.375567, 34.285643], [-118.375581, 34.285718], [-118.375585, 34.285754], [-118.375585, 34.285793], [-118.37558, 34.285856], [-118.375568, 34.285925], [-118.375561, 34.285969], [-118.375546, 34.286028], [-118.375518, 34.286123], [-118.375494, 34.286191], [-118.375472, 34.286244], [-118.375437, 34.286328], [-118.375317, 34.28657], [-118.375297, 34.286638], [-118.375291, 34.286675], [-118.37529, 34.286721], [-118.375293, 34.286768], [-118.375304, 34.286816], [-118.375316, 34.286865], [-118.375346, 34.28698], [-118.375378, 34.287091], [-118.375409, 34.287201], [-118.375493, 34.287512], [-118.375514, 34.287567], [-118.375532, 34.287605], [-118.375554, 34.287641], [-118.375582, 34.287685], [-118.375656, 34.287788], [-118.375803, 34.287977], [-118.376034, 34.288311], [-118.376078, 34.288398]]}}, {"type": "Feature", "properties": {"GEOID": "06037900608", "durationMin": 1.9, "distKm": 0.86, "targetScore": 90, "walkMin": 11.1, "bikeMin": 3.7, "driveMin": 1.4}, "geometry": {"type": "LineString", "coordinates": [[-118.10821, 34.696812], [-118.10821, 34.696863], [-118.109904, 34.696855], [-118.110354, 34.696853], [-118.110821, 34.69685], [-118.11243, 34.696839], [-118.112491, 34.696839], [-118.11265, 34.696838], [-118.11265, 34.696728], [-118.112653, 34.696094], [-118.112652, 34.696053], [-118.112654, 34.695716], [-118.112655, 34.695553], [-118.112655, 34.69549], [-118.112665, 34.693079], [-118.112631, 34.691229], [-118.112631, 34.691003], [-118.112632, 34.690862], [-118.112633, 34.690121], [-118.112632, 34.689908], [-118.112631, 34.689612], [-118.112632, 34.689531], [-118.112633, 34.689425], [-118.112461, 34.689422], [-118.112157, 34.689416], [-118.111847, 34.689414], [-118.111655, 34.689421], [-118.111594, 34.689421], [-118.110914, 34.68943], [-118.11064, 34.689437]]}}, {"type": "Feature", "properties": {"GEOID": "06037183402", "durationMin": 0.9, "distKm": 0.21, "targetScore": 93, "walkMin": 2.0, "bikeMin": 0.7, "driveMin": 0.3}, "geometry": {"type": "LineString", "coordinates": [[-118.21627, 34.125431], [-118.215897, 34.125554], [-118.215351, 34.125734], [-118.214655, 34.125948], [-118.214332, 34.126048], [-118.214194, 34.12609], [-118.214069, 34.126075], [-118.213581, 34.126228], [-118.213579, 34.126286], [-118.213647, 34.126325], [-118.214068, 34.126199], [-118.214126, 34.126171], [-118.214135, 34.126161]]}}, {"type": "Feature", "properties": {"GEOID": "06037183701", "durationMin": 0.7, "distKm": 0.27, "targetScore": 90, "walkMin": 0.8, "bikeMin": 0.3, "driveMin": 0.1}, "geometry": {"type": "LineString", "coordinates": [[-118.187771, 34.109207], [-118.187629, 34.109295], [-118.187845, 34.109591], [-118.188426, 34.110439], [-118.188752, 34.110899], [-118.188818, 34.110996], [-118.188841, 34.11103], [-118.189094, 34.1114], [-118.189327, 34.111293]]}}, {"type": "Feature", "properties": {"GEOID": "06037183702", "durationMin": 0.7, "distKm": 0.08, "targetScore": 98, "walkMin": 0.8, "bikeMin": 0.3, "driveMin": 0.1}, "geometry": {"type": "LineString", "coordinates": [[-118.18367, 34.104886], [-118.183501, 34.104848], [-118.183556, 34.104698], [-118.183588, 34.104608], [-118.183613, 34.10454], [-118.183643, 34.104458], [-118.183671, 34.104343], [-118.183992, 34.104415], [-118.184112, 34.104443], [-118.184166, 34.104455], [-118.184506, 34.104512], [-118.184627, 34.104521], [-118.184681, 34.104524], [-118.184878, 34.104538], [-118.18466, 34.104714], [-118.184544, 34.104838]]}}, {"type": "Feature", "properties": {"GEOID": "06037186201", "durationMin": 0.9, "distKm": 0.27, "targetScore": 90, "walkMin": 11.9, "bikeMin": 4.0, "driveMin": 1.5}, "geometry": {"type": "LineString", "coordinates": [[-118.218723, 34.121081], [-118.218393, 34.121202], [-118.218424, 34.121273], [-118.218478, 34.121433], [-118.218532, 34.121626], [-118.218569, 34.121746], [-118.218631, 34.121853], [-118.218701, 34.121944], [-118.218789, 34.122026], [-118.218649, 34.12253], [-118.218559, 34.122854], [-118.21851, 34.123025], [-118.218328, 34.123671], [-118.218254, 34.123657]]}}, {"type": "Feature", "properties": {"GEOID": "06037186203", "durationMin": 5.4, "distKm": 0.87, "targetScore": 97, "walkMin": 11.9, "bikeMin": 4.0, "driveMin": 1.5}, "geometry": {"type": "LineString", "coordinates": [[-118.215302, 34.114918], [-118.215401, 34.114886], [-118.215487, 34.114843], [-118.215565, 34.11479], [-118.215841, 34.114529], [-118.215947, 34.114443], [-118.216432, 34.114142], [-118.216552, 34.114082], [-118.216663, 34.114042], [-118.216908, 34.113981], [-118.216536, 34.113513], [-118.216433, 34.113395], [-118.216318, 34.113284], [-118.216055, 34.113076], [-118.215972, 34.113361], [-118.215914, 34.113484], [-118.215846, 34.113585], [-118.215765, 34.113679], [-118.21567, 34.113764], [-118.215595, 34.113818], [-118.215414, 34.113941], [-118.215334, 34.114015], [-118.215262, 34.114109], [-118.215044, 34.114468], [-118.214976, 34.114615], [-118.214933, 34.114742], [-118.214928, 34.11476], [-118.214891, 34.114883], [-118.214834, 34.115027], [-118.214831, 34.115072], [-118.214842, 34.115116], [-118.214884, 34.115184], [-118.214944, 34.11525], [-118.215038, 34.115321], [-118.215132, 34.115373], [-118.215234, 34.115415], [-118.215311, 34.115433], [-118.215376, 34.115438], [-118.215453, 34.115432], [-118.215528, 34.115412], [-118.215596, 34.11538], [-118.215693, 34.115306], [-118.215799, 34.115204], [-118.215894, 34.115086], [-118.215942, 34.115032], [-118.216015, 34.114976], [-118.216099, 34.114933], [-118.216153, 34.114913], [-118.216185, 34.11491], [-118.216229, 34.114918], [-118.216269, 34.114939], [-118.216295, 34.114968], [-118.216307, 34.115006], [-118.216302, 34.115043], [-118.21612, 34.115547], [-118.21609, 34.115675], [-118.216069, 34.115897], [-118.21606, 34.115993], [-118.216031, 34.116147], [-118.216006, 34.116261], [-118.216009, 34.116315], [-118.216027, 34.116368], [-118.216056, 34.116413], [-118.216102, 34.116457], [-118.216146, 34.116484], [-118.216661, 34.116739], [-118.216767, 34.116774], [-118.216874, 34.116794], [-118.216984, 34.1168], [-118.217052, 34.116792], [-118.217112, 34.116775], [-118.217176, 34.116743], [-118.217373, 34.116592], [-118.217407, 34.116585], [-118.217436, 34.11659], [-118.217463, 34.116607], [-118.217477, 34.116629], [-118.217477, 34.116674], [-118.217466, 34.116805], [-118.217438, 34.11693], [-118.217392, 34.117052], [-118.217329, 34.117168], [-118.217249, 34.117277], [-118.217153, 34.117376], [-118.216993, 34.117529], [-118.217102, 34.117552], [-118.217322, 34.11758], [-118.217252, 34.118069], [-118.217232, 34.118268], [-118.217237, 34.118385], [-118.217244, 34.118545], [-118.217301, 34.118783], [-118.217411, 34.119079], [-118.217483, 34.119306], [-118.217553, 34.119466], [-118.21762, 34.119595], [-118.217674, 34.119686], [-118.217714, 34.119752], [-118.217783, 34.119863], [-118.217824, 34.119957], [-118.21785, 34.120039], [-118.217856, 34.120108], [-118.217845, 34.120196], [-118.217818, 34.120301], [-118.21777, 34.120412], [-118.217711, 34.120492], [-118.21762, 34.120592], [-118.217566, 34.120652], [-118.217515, 34.120718], [-118.217381, 34.120754], [-118.217209, 34.120794], [-118.217051, 34.120827], [-118.216837, 34.120847], [-118.216651, 34.120849], [-118.216515, 34.121371], [-118.216393, 34.12184], [-118.216244, 34.122409], [-118.21601, 34.123223], [-118.215894, 34.123201], [-118.215481, 34.123122], [-118.215452, 34.123116], [-118.214956, 34.123022], [-118.214866, 34.123004], [-118.214216, 34.122876], [-118.213944, 34.122823]]}}, {"type": "Feature", "properties": {"GEOID": "06037186302", "durationMin": 3.8, "distKm": 0.6, "targetScore": 95, "walkMin": 2.0, "bikeMin": 0.7, "driveMin": 0.2}, "geometry": {"type": "LineString", "coordinates": [[-118.228609, 34.112675], [-118.228612, 34.112913], [-118.228596, 34.112962], [-118.228564, 34.113009], [-118.228476, 34.113093], [-118.228416, 34.113171], [-118.228348, 34.11329], [-118.228295, 34.113346], [-118.228235, 34.113389], [-118.228092, 34.113466], [-118.227994, 34.113533], [-118.227927, 34.113593], [-118.227903, 34.113636], [-118.227896, 34.113683], [-118.227908, 34.113732], [-118.227943, 34.113792], [-118.227949, 34.113833], [-118.227937, 34.113875], [-118.227876, 34.113982], [-118.22787, 34.11402], [-118.227881, 34.114062], [-118.227908, 34.114098], [-118.227922, 34.114112], [-118.228033, 34.114174], [-118.228086, 34.114202], [-118.228118, 34.114232], [-118.228137, 34.114263], [-118.228172, 34.114339], [-118.228199, 34.114375], [-118.228221, 34.1144], [-118.228299, 34.114459], [-118.22839, 34.114514], [-118.228605, 34.11459], [-118.228638, 34.114621], [-118.228672, 34.11466], [-118.228726, 34.114724], [-118.228795, 34.1148], [-118.228852, 34.114847], [-118.228932, 34.114894], [-118.228997, 34.114929], [-118.229199, 34.114966], [-118.229639, 34.115042], [-118.22974, 34.115055], [-118.229883, 34.115062], [-118.230084, 34.115053], [-118.230138, 34.115047], [-118.230215, 34.115027], [-118.230257, 34.115008], [-118.230528, 34.114882], [-118.230614, 34.114826], [-118.230674, 34.114771], [-118.230926, 34.11444], [-118.231335, 34.11394], [-118.231374, 34.113867], [-118.231388, 34.113801], [-118.231379, 34.113738], [-118.231347, 34.113679], [-118.231294, 34.113632], [-118.231237, 34.113593], [-118.231192, 34.113565], [-118.231163, 34.11354], [-118.231151, 34.113501], [-118.231196, 34.113477], [-118.231266, 34.113474], [-118.231502, 34.113494], [-118.231638, 34.113499], [-118.231723, 34.113497], [-118.23176, 34.113496], [-118.231888, 34.113484], [-118.232022, 34.113457], [-118.232199, 34.11341], [-118.232405, 34.113343], [-118.232505, 34.113287], [-118.232575, 34.113253], [-118.233037, 34.113083], [-118.233172, 34.113033], [-118.233221, 34.113026], [-118.233262, 34.113046], [-118.233444, 34.113223], [-118.234362, 34.11413], [-118.234879, 34.114628], [-118.234973, 34.114692], [-118.235003, 34.114611], [-118.23516, 34.114181], [-118.23525, 34.113921]]}}, {"type": "Feature", "properties": {"GEOID": "06037296402", "durationMin": 1.9, "distKm": 0.53, "targetScore": 91, "walkMin": 4.2, "bikeMin": 1.4, "driveMin": 0.5}, "geometry": {"type": "LineString", "coordinates": [[-118.30426, 33.746564], [-118.304251, 33.746975], [-118.306445, 33.746982], [-118.308681, 33.747003], [-118.30912, 33.747037], [-118.309362, 33.747073], [-118.309426, 33.747082], [-118.309542, 33.7471], [-118.309672, 33.747158], [-118.309702, 33.746725], [-118.309705, 33.746545], [-118.309708, 33.746139], [-118.309718, 33.745124], [-118.309723, 33.744641], [-118.309588, 33.744635], [-118.309584, 33.745887]]}}, {"type": "Feature", "properties": {"GEOID": "06037296902", "durationMin": 0.5, "distKm": 0.12, "targetScore": 93, "walkMin": 0.4, "bikeMin": 0.1, "driveMin": 0.0}, "geometry": {"type": "LineString", "coordinates": [[-118.295643, 33.734251], [-118.296759, 33.734253], [-118.296759, 33.734713], [-118.296759, 33.734908]]}}, {"type": "Feature", "properties": {"GEOID": "06037297202", "durationMin": 0.4, "distKm": 0.17, "targetScore": 96, "walkMin": 0.4, "bikeMin": 0.1, "driveMin": 0.0}, "geometry": {"type": "LineString", "coordinates": [[-118.29903, 33.724735], [-118.299038, 33.724294], [-118.299048, 33.723387], [-118.299048, 33.723251]]}}, {"type": "Feature", "properties": {"GEOID": "06037297601", "durationMin": 0.4, "distKm": 0.12, "targetScore": 90, "walkMin": 4.2, "bikeMin": 1.4, "driveMin": 0.5}, "geometry": {"type": "LineString", "coordinates": [[-118.28692, 33.708756], [-118.287933, 33.70875], [-118.287933, 33.709065], [-118.287933, 33.709195], [-118.287933, 33.709337], [-118.287933, 33.709416]]}}, {"type": "Feature", "properties": {"GEOID": "06037297602", "durationMin": 1.3, "distKm": 0.38, "targetScore": 96, "walkMin": 4.2, "bikeMin": 1.4, "driveMin": 0.5}, "geometry": {"type": "LineString", "coordinates": [[-118.290139, 33.71574], [-118.28977, 33.715739], [-118.289769, 33.716976], [-118.288852, 33.716973], [-118.287937, 33.716981], [-118.287945, 33.718507], [-118.287942, 33.718734]]}}, {"type": "Feature", "properties": {"GEOID": "06037121102", "durationMin": 5.9, "distKm": 0.6, "targetScore": 92, "walkMin": 3.9, "bikeMin": 1.3, "driveMin": 0.5}, "geometry": {"type": "LineString", "coordinates": [[-118.382067, 34.237285], [-118.382067, 34.237285], [-118.382012, 34.237621], [-118.381934, 34.238112], [-118.381887, 34.238378], [-118.381751, 34.238414], [-118.381557, 34.238414], [-118.381267, 34.238385], [-118.381048, 34.23828], [-118.380779, 34.238076], [-118.380704, 34.237928], [-118.380663, 34.237757], [-118.380636, 34.237642], [-118.38066, 34.237077], [-118.380691, 34.236404], [-118.380723, 34.235867], [-118.380748, 34.235598], [-118.380558, 34.235595], [-118.380649, 34.234429], [-118.380655, 34.234359], [-118.380521, 34.234059], [-118.379614, 34.233192], [-118.379256, 34.232846], [-118.378818, 34.232425], [-118.378622, 34.232236], [-118.378059, 34.231715], [-118.377923, 34.231592], [-118.377613, 34.231309], [-118.377552, 34.231251], [-118.377422, 34.231128], [-118.376911, 34.230651], [-118.376819, 34.230565], [-118.376912, 34.230493], [-118.37717, 34.230294], [-118.377285, 34.230213], [-118.377563, 34.230006], [-118.378168, 34.229561], [-118.378591, 34.229257], [-118.379017, 34.228952], [-118.379563, 34.228564], [-118.379748, 34.22843], [-118.380079, 34.228202], [-118.380175, 34.228128], [-118.380637, 34.227786], [-118.380938, 34.227552], [-118.381036, 34.227476], [-118.381156, 34.227573], [-118.381609, 34.227937], [-118.381867, 34.228159], [-118.381873, 34.228165], [-118.382804, 34.228983], [-118.383882, 34.229964], [-118.38432, 34.230355], [-118.385295, 34.231287], [-118.385582, 34.231568], [-118.386614, 34.232539], [-118.386992, 34.232893], [-118.387131, 34.233025], [-118.387257, 34.233147], [-118.387406, 34.233288], [-118.387429, 34.23331], [-118.387585, 34.233455], [-118.387766, 34.23362], [-118.388344, 34.234187], [-118.388631, 34.234463], [-118.389117, 34.234921], [-118.389395, 34.235181], [-118.389968, 34.235721], [-118.390596, 34.236312], [-118.390654, 34.23627]]}}, {"type": "Feature", "properties": {"GEOID": "06037124104", "durationMin": 0.9, "distKm": 0.3, "targetScore": 94, "walkMin": 0.4, "bikeMin": 0.1, "driveMin": 0.0}, "geometry": {"type": "LineString", "coordinates": [[-118.38341, 34.184867], [-118.383422, 34.184867], [-118.383423, 34.185251], [-118.383424, 34.185331], [-118.383424, 34.185792], [-118.383427, 34.186332], [-118.383428, 34.18655], [-118.383429, 34.18669], [-118.383537, 34.18669], [-118.38376, 34.18669], [-118.383824, 34.18669], [-118.383952, 34.186689], [-118.384161, 34.186689], [-118.384474, 34.186689], [-118.384735, 34.186689], [-118.384878, 34.186689], [-118.385065, 34.186688], [-118.385148, 34.186688], [-118.385317, 34.186688], [-118.385337, 34.186688], [-118.385756, 34.186688], [-118.385889, 34.186688]]}}, {"type": "Feature", "properties": {"GEOID": "06037106645", "durationMin": 3.6, "distKm": 0.71, "targetScore": 93, "walkMin": 13.2, "bikeMin": 4.4, "driveMin": 1.6}, "geometry": {"type": "LineString", "coordinates": [[-118.494595, 34.290543], [-118.494587, 34.290428], [-118.494566, 34.290154], [-118.49456, 34.290074], [-118.494522, 34.289647], [-118.495576, 34.289418], [-118.495654, 34.289403], [-118.49571, 34.289368], [-118.495746, 34.289322], [-118.495763, 34.289277], [-118.495768, 34.289205], [-118.495844, 34.288821], [-118.495902, 34.288592], [-118.495957, 34.288499], [-118.496038, 34.288405], [-118.496108, 34.288362], [-118.496192, 34.28832], [-118.496273, 34.288295], [-118.496367, 34.288277], [-118.496941, 34.288265], [-118.497858, 34.288261], [-118.497916, 34.288257], [-118.497961, 34.288243], [-118.497996, 34.28821], [-118.498013, 34.288179], [-118.498026, 34.288144], [-118.498027, 34.288114], [-118.498012, 34.28804], [-118.497981, 34.28747], [-118.497985, 34.287382], [-118.498334, 34.285486], [-118.498394, 34.285329], [-118.498469, 34.285218], [-118.498684, 34.285001], [-118.499061, 34.285259], [-118.499096, 34.285283], [-118.499138, 34.28531], [-118.499252, 34.285383], [-118.499383, 34.285523], [-118.499464, 34.285655], [-118.499498, 34.285769], [-118.49954, 34.286098], [-118.499557, 34.286218], [-118.499567, 34.28626], [-118.499595, 34.286319], [-118.499647, 34.286396], [-118.4997, 34.28645], [-118.499895, 34.286617], [-118.500001, 34.286729], [-118.500041, 34.286819], [-118.500063, 34.286926], [-118.500084, 34.287227], [-118.500102, 34.28744], [-118.500137, 34.287592], [-118.500204, 34.287721], [-118.500277, 34.287823], [-118.500358, 34.287892], [-118.501229, 34.288514], [-118.501421, 34.288641], [-118.501512, 34.288668], [-118.501585, 34.288684], [-118.501622, 34.288692], [-118.50186, 34.288727], [-118.50179, 34.289061], [-118.501782, 34.289122], [-118.5017, 34.289113]]}}, {"type": "Feature", "properties": {"GEOID": "06037406702", "durationMin": 0.9, "distKm": 0.39, "targetScore": 99, "walkMin": 5.6, "bikeMin": 1.9, "driveMin": 0.7}, "geometry": {"type": "LineString", "coordinates": [[-117.93819, 34.066005], [-117.93984, 34.067209], [-117.939266, 34.067728], [-117.939171, 34.067828], [-117.938687, 34.068279], [-117.938562, 34.068392], [-117.938244, 34.068678], [-117.93814, 34.068771], [-117.937827, 34.069087], [-117.937457, 34.069461]]}}, {"type": "Feature", "properties": {"GEOID": "06037302505", "durationMin": 1.0, "distKm": 0.21, "targetScore": 97, "walkMin": 4.6, "bikeMin": 1.5, "driveMin": 0.6}, "geometry": {"type": "LineString", "coordinates": [[-118.252944, 34.127294], [-118.252908, 34.127517], [-118.252892, 34.127621], [-118.253037, 34.127619], [-118.253387, 34.12761], [-118.253993, 34.127597], [-118.254185, 34.127593], [-118.254705, 34.127581], [-118.254711, 34.127581], [-118.254843, 34.127582], [-118.254978, 34.12758], [-118.254977, 34.12753], [-118.254978, 34.127507], [-118.254974, 34.127152], [-118.254972, 34.127028], [-118.254966, 34.126558], [-118.254964, 34.126323]]}}, {"type": "Feature", "properties": {"GEOID": "06037302506", "durationMin": 6.0, "distKm": 0.63, "targetScore": 92, "walkMin": 4.6, "bikeMin": 1.5, "driveMin": 0.6}, "geometry": {"type": "LineString", "coordinates": [[-118.246018, 34.127084], [-118.246038, 34.127075], [-118.246129, 34.12702], [-118.246218, 34.126956], [-118.24631, 34.126875], [-118.24641, 34.126771], [-118.246754, 34.126391], [-118.247011, 34.126074], [-118.247151, 34.125923], [-118.247219, 34.125872], [-118.247305, 34.125831], [-118.247378, 34.125808], [-118.24746, 34.125799], [-118.24753, 34.125801], [-118.247601, 34.125813], [-118.247653, 34.125844], [-118.247742, 34.12591], [-118.247847, 34.125996], [-118.247898, 34.126047], [-118.247925, 34.12609], [-118.247944, 34.12614], [-118.247963, 34.126226], [-118.247976, 34.126323], [-118.247976, 34.126413], [-118.247975, 34.126482], [-118.247965, 34.126559], [-118.247941, 34.126647], [-118.247908, 34.126727], [-118.247864, 34.126837], [-118.247813, 34.126943], [-118.247774, 34.12702], [-118.247754, 34.127084], [-118.247742, 34.127166], [-118.247736, 34.127256], [-118.247748, 34.127355], [-118.247771, 34.127451], [-118.247812, 34.12753], [-118.247852, 34.127594], [-118.247902, 34.127659], [-118.247953, 34.127717], [-118.24801, 34.127769], [-118.248075, 34.127812], [-118.248171, 34.127863], [-118.248275, 34.12791], [-118.248418, 34.127949], [-118.248565, 34.127973], [-118.24868, 34.127977], [-118.248774, 34.127969], [-118.248996, 34.127924], [-118.249248, 34.127868], [-118.249319, 34.127852], [-118.249403, 34.127824], [-118.249487, 34.127788], [-118.249558, 34.127738], [-118.249627, 34.127684], [-118.249714, 34.127597], [-118.249794, 34.127505], [-118.249846, 34.12743], [-118.249874, 34.12736], [-118.249907, 34.127242], [-118.249926, 34.127151], [-118.249928, 34.127102], [-118.24992, 34.127058], [-118.249902, 34.12701], [-118.249885, 34.126983], [-118.249854, 34.126955], [-118.249817, 34.126931], [-118.249761, 34.12691], [-118.249718, 34.1269], [-118.249641, 34.126897], [-118.249206, 34.126951], [-118.249085, 34.126936], [-118.249023, 34.126905], [-118.248986, 34.126863], [-118.248959, 34.126821], [-118.248946, 34.12678], [-118.248947, 34.126732], [-118.24897, 34.126681], [-118.249001, 34.12663], [-118.249078, 34.126537], [-118.249146, 34.126566], [-118.249222, 34.126581], [-118.249303, 34.12658], [-118.249375, 34.126556], [-118.249432, 34.12652], [-118.249482, 34.12646], [-118.249538, 34.126378], [-118.249621, 34.126279], [-118.2497, 34.126194], [-118.249798, 34.126114], [-118.249941, 34.126029], [-118.250719, 34.12567], [-118.251377, 34.125324], [-118.251573, 34.125209], [-118.251685, 34.125244], [-118.251776, 34.125243], [-118.25188, 34.125229], [-118.251953, 34.125219], [-118.252139, 34.1252], [-118.252292, 34.125188], [-118.252573, 34.125184], [-118.252706, 34.125184], [-118.252792, 34.125184], [-118.252861, 34.125191], [-118.252953, 34.125201], [-118.253042, 34.125207], [-118.253294, 34.125225], [-118.25324, 34.125568], [-118.253228, 34.125634], [-118.253056, 34.126592], [-118.253044, 34.126661], [-118.252962, 34.127185], [-118.252908, 34.127517], [-118.252892, 34.127621], [-118.252868, 34.127803], [-118.25283, 34.128046], [-118.252752, 34.128546], [-118.252736, 34.128637], [-118.252697, 34.128886], [-118.252658, 34.129146], [-118.252626, 34.129356], [-118.252581, 34.12967], [-118.252556, 34.129838], [-118.252522, 34.130013]]}}, {"type": "Feature", "properties": {"GEOID": "06037400403", "durationMin": 7.0, "distKm": 1.76, "targetScore": 96, "walkMin": 2.2, "bikeMin": 0.7, "driveMin": 0.3}, "geometry": {"type": "LineString", "coordinates": [[-117.800575, 34.138114], [-117.800466, 34.138097], [-117.800305, 34.138033], [-117.80004, 34.137913], [-117.799924, 34.137826], [-117.799836, 34.137733], [-117.799704, 34.137482], [-117.799549, 34.137239], [-117.799439, 34.137038], [-117.79935, 34.136844], [-117.799296, 34.136685], [-117.799179, 34.136225], [-117.799127, 34.135982], [-117.799034, 34.135601], [-117.79897, 34.135402], [-117.798894, 34.135205], [-117.798775, 34.134981], [-117.798567, 34.134651], [-117.798398, 34.134398], [-117.798349, 34.134305], [-117.798305, 34.134118], [-117.798251, 34.133931], [-117.79807, 34.133603], [-117.797855, 34.133251], [-117.797737, 34.132966], [-117.797653, 34.132612], [-117.797638, 34.132419], [-117.797576, 34.132217], [-117.797284, 34.131602], [-117.797245, 34.131408], [-117.797208, 34.131347], [-117.797057, 34.131088], [-117.795328, 34.128687], [-117.79518, 34.128548], [-117.795124, 34.128481], [-117.795107, 34.128406], [-117.794493, 34.127929], [-117.794392, 34.127825], [-117.79433, 34.12772], [-117.794297, 34.127613], [-117.794316, 34.127169], [-117.794322, 34.127045], [-117.794293, 34.126845], [-117.794223, 34.126757], [-117.794168, 34.126688], [-117.794008, 34.126567], [-117.793938, 34.126498], [-117.793813, 34.126638], [-117.793687, 34.126794], [-117.793476, 34.126917], [-117.793232, 34.127043], [-117.792763, 34.127279], [-117.791832, 34.127746], [-117.791166, 34.128082], [-117.790742, 34.128291], [-117.79055, 34.1284], [-117.790163, 34.128642], [-117.790089, 34.12867], [-117.789813, 34.128896], [-117.789651, 34.129046], [-117.789159, 34.129453], [-117.78849, 34.130004], [-117.788205, 34.130248], [-117.788004, 34.130422], [-117.787821, 34.130571], [-117.787695, 34.130659], [-117.78751, 34.130768], [-117.787334, 34.130858], [-117.78704, 34.130975], [-117.786683, 34.131096], [-117.786523, 34.131156], [-117.786122, 34.131272], [-117.785838, 34.131351], [-117.785555, 34.131442], [-117.785142, 34.131556], [-117.785107, 34.131562], [-117.785011, 34.13158], [-117.784765, 34.131669], [-117.784634, 34.131723], [-117.784469, 34.131813], [-117.784329, 34.131912], [-117.784237, 34.131993], [-117.784207, 34.132032], [-117.784138, 34.1321], [-117.783832, 34.132434], [-117.783756, 34.132497], [-117.783498, 34.132794], [-117.78342, 34.132904], [-117.783311, 34.133034], [-117.783251, 34.13309], [-117.783869, 34.133474], [-117.784616, 34.133943], [-117.784762, 34.134028], [-117.784925, 34.13417], [-117.785019, 34.134476], [-117.785019, 34.134945], [-117.785018, 34.13523], [-117.784931, 34.135437], [-117.784504, 34.136055], [-117.78449, 34.136352], [-117.784607, 34.136624], [-117.784795, 34.136813], [-117.784875, 34.136892], [-117.784906, 34.136919], [-117.785105, 34.13709], [-117.785289, 34.137216], [-117.785405, 34.137296], [-117.785502, 34.137342]]}}, {"type": "Feature", "properties": {"GEOID": "06037576001", "durationMin": 6.2, "distKm": 3.28, "targetScore": 90, "walkMin": 36.7, "bikeMin": 12.2, "driveMin": 4.6}, "geometry": {"type": "LineString", "coordinates": [[-118.197783, 33.761018], [-118.197872, 33.761044], [-118.197889, 33.761046], [-118.198004, 33.761039], [-118.198016, 33.76105], [-118.19803, 33.761059], [-118.198057, 33.76107], [-118.198086, 33.761073], [-118.198116, 33.761069], [-118.198142, 33.761058], [-118.198164, 33.761041], [-118.198179, 33.761019], [-118.198237, 33.761024], [-118.198325, 33.761045], [-118.198433, 33.761072], [-118.198604, 33.761135], [-118.198725, 33.761184], [-118.198765, 33.761207], [-118.198836, 33.76125], [-118.198905, 33.761297], [-118.198976, 33.761396], [-118.198994, 33.761452], [-118.198999, 33.761507], [-118.19899, 33.761575], [-118.198976, 33.76167], [-118.198665, 33.761993], [-118.198552, 33.762167], [-118.198424, 33.762392], [-118.198364, 33.762535], [-118.198253, 33.763063], [-118.198241, 33.763267], [-118.198244, 33.763377], [-118.198278, 33.763491], [-118.198298, 33.763515], [-118.198381, 33.763612], [-118.198496, 33.763707], [-118.19858, 33.763776], [-118.198647, 33.763832], [-118.198768, 33.763905], [-118.198788, 33.763909], [-118.198914, 33.763933], [-118.200347, 33.763941], [-118.200386, 33.763919], [-118.20045, 33.763883], [-118.2005, 33.763838], [-118.200553, 33.763791], [-118.200682, 33.763726], [-118.200844, 33.763726], [-118.200901, 33.763726], [-118.200913, 33.763726], [-118.201107, 33.763744], [-118.201351, 33.763743], [-118.201376, 33.763741], [-118.201463, 33.763739], [-118.201544, 33.763755], [-118.201639, 33.763785], [-118.201733, 33.763837], [-118.201786, 33.763877], [-118.20184, 33.763963], [-118.201853, 33.76401], [-118.201867, 33.764059], [-118.201868, 33.764648], [-118.201856, 33.764953], [-118.201852, 33.765292], [-118.201852, 33.765342], [-118.201856, 33.765884], [-118.201856, 33.765957], [-118.201859, 33.766024], [-118.201858, 33.766257], [-118.201859, 33.766484], [-118.201858, 33.766522], [-118.20186, 33.766854], [-118.201864, 33.767162], [-118.201867, 33.76723], [-118.201869, 33.767256], [-118.201875, 33.767407], [-118.201837, 33.767485], [-118.201827, 33.767697], [-118.201842, 33.767829], [-118.201854, 33.767893], [-118.201857, 33.767904], [-118.20187, 33.767958], [-118.201892, 33.76801], [-118.201926, 33.768079], [-118.201937, 33.768099], [-118.201957, 33.76813], [-118.20208, 33.768272], [-118.202243, 33.76844], [-118.202423, 33.768578], [-118.202552, 33.768735], [-118.202657, 33.768885], [-118.202716, 33.768997], [-118.202818, 33.769277], [-118.202847, 33.769436], [-118.202908, 33.770129], [-118.202978, 33.770375], [-118.203013, 33.771308], [-118.202999, 33.77187], [-118.203013, 33.772323], [-118.203025, 33.772718], [-118.203028, 33.772841], [-118.203038, 33.773135], [-118.203083, 33.773746], [-118.203128, 33.774273], [-118.203167, 33.774588], [-118.203205, 33.774866], [-118.203221, 33.774942], [-118.203236, 33.775007], [-118.203254, 33.775075], [-118.203273, 33.775137], [-118.203294, 33.775199], [-118.203314, 33.775255], [-118.203348, 33.775336], [-118.203404, 33.775447], [-118.203446, 33.77552], [-118.203484, 33.775585], [-118.203547, 33.77568], [-118.203591, 33.77574], [-118.203631, 33.775792], [-118.203686, 33.775855], [-118.203735, 33.775909], [-118.203784, 33.775959], [-118.203827, 33.776002], [-118.203878, 33.776051], [-118.203939, 33.776107], [-118.203995, 33.776154], [-118.204052, 33.7762], [-118.204107, 33.776241], [-118.204342, 33.776429], [-118.205195, 33.776933], [-118.205646, 33.77718], [-118.206191, 33.777509], [-118.206423, 33.777668], [-118.206591, 33.777814], [-118.206737, 33.777957], [-118.206882, 33.778132], [-118.207015, 33.778325], [-118.207212, 33.778716], [-118.207315, 33.779023], [-118.20741, 33.779294], [-118.207478, 33.779572], [-118.20753, 33.779979], [-118.207564, 33.780478], [-118.207573, 33.781035], [-118.207514, 33.782073], [-118.207514, 33.782485], [-118.207515, 33.782875], [-118.207521, 33.783274], [-118.207503, 33.785005], [-118.207502, 33.785248], [-118.207499, 33.786226], [-118.207505, 33.786698], [-118.20752, 33.787167], [-118.207524, 33.787228], [-118.207488, 33.787376], [-118.207543, 33.788012], [-118.207519, 33.788209], [-118.207476, 33.788351], [-118.20739, 33.78848], [-118.207313, 33.788544], [-118.207279, 33.788573], [-118.207124, 33.788665], [-118.206944, 33.788751], [-118.206815, 33.788851], [-118.206721, 33.788979], [-118.206669, 33.789143], [-118.206669, 33.789307], [-118.206695, 33.789457], [-118.206721, 33.789614], [-118.206714, 33.789754], [-118.206702, 33.7898], [-118.206678, 33.789846], [-118.206641, 33.789896], [-118.206601, 33.789936], [-118.206569, 33.789956], [-118.206509, 33.789983], [-118.20621, 33.790069], [-118.205952, 33.790104], [-118.205681, 33.790136], [-118.205576, 33.790145], [-118.205466, 33.790154], [-118.205235, 33.790164], [-118.205032, 33.790168], [-118.20484, 33.790167], [-118.204664, 33.790161], [-118.204501, 33.790155], [-118.204352, 33.790145], [-118.204169, 33.790128], [-118.203994, 33.79011], [-118.203985, 33.790109], [-118.20368, 33.790073], [-118.203269, 33.790016], [-118.20308, 33.789992], [-118.202554, 33.789923], [-118.20242, 33.789963], [-118.202113, 33.789913], [-118.20196, 33.789895], [-118.201879, 33.789883], [-118.201755, 33.789875], [-118.201535, 33.789867], [-118.201204, 33.789869], [-118.200995, 33.789871], [-118.200813, 33.789873], [-118.200598, 33.789874], [-118.20005, 33.789873], [-118.199685, 33.789873], [-118.199369, 33.789869], [-118.199187, 33.789871], [-118.199064, 33.789871], [-118.198729, 33.78987], [-118.198395, 33.789871], [-118.198082, 33.789871], [-118.197648, 33.789871], [-118.197305, 33.789869], [-118.197198, 33.789869], [-118.197007, 33.789871], [-118.196894, 33.789869], [-118.196756, 33.789868], [-118.196739, 33.789868], [-118.196365, 33.789872], [-118.196034, 33.78987], [-118.19572, 33.78987], [-118.195552, 33.789871], [-118.195468, 33.789871], [-118.195324, 33.78987], [-118.19509, 33.789869], [-118.194707, 33.78987], [-118.194627, 33.789868], [-118.194462, 33.789868], [-118.194415, 33.789869], [-118.194313, 33.789868], [-118.19373, 33.78987], [-118.193476, 33.789869], [-118.193387, 33.789869], [-118.193182, 33.789869], [-118.193039, 33.789868], [-118.192977, 33.789866], [-118.192919, 33.789867], [-118.192768, 33.789869], [-118.192738, 33.789867], [-118.19239, 33.789868], [-118.191749, 33.789871], [-118.191567, 33.789871]]}}, {"type": "Feature", "properties": {"GEOID": "06037191901", "durationMin": 0.0, "distKm": 0.02, "targetScore": 96, "walkMin": 2.0, "bikeMin": 0.7, "driveMin": 0.3}, "geometry": {"type": "LineString", "coordinates": [[-118.338361, 34.09071], [-118.338304, 34.09071], [-118.338228, 34.09071]]}}, {"type": "Feature", "properties": {"GEOID": "06037186403", "durationMin": 1.8, "distKm": 0.35, "targetScore": 90, "walkMin": 2.0, "bikeMin": 0.7, "driveMin": 0.2}, "geometry": {"type": "LineString", "coordinates": [[-118.239722, 34.111677], [-118.239547, 34.11146], [-118.238603, 34.110261], [-118.238537, 34.110202], [-118.23846, 34.110139], [-118.238354, 34.110119], [-118.238305, 34.110097], [-118.238262, 34.110062], [-118.237745, 34.109403], [-118.237717, 34.10938], [-118.237576, 34.109294], [-118.237271, 34.110475], [-118.237038, 34.111333], [-118.2369, 34.111852], [-118.236549, 34.111765], [-118.236085, 34.111653], [-118.235995, 34.111864], [-118.235905, 34.1121], [-118.235857, 34.112233], [-118.235836, 34.112287]]}}, {"type": "Feature", "properties": {"GEOID": "06037186404", "durationMin": 1.5, "distKm": 0.41, "targetScore": 97, "walkMin": 2.0, "bikeMin": 0.7, "driveMin": 0.2}, "geometry": {"type": "LineString", "coordinates": [[-118.235098, 34.107052], [-118.234848, 34.106857], [-118.235069, 34.10634], [-118.235133, 34.106204], [-118.235281, 34.105895], [-118.235379, 34.105755], [-118.234929, 34.105308], [-118.234699, 34.105074], [-118.234655, 34.105034], [-118.234607, 34.104998], [-118.234555, 34.104965], [-118.234511, 34.104942], [-118.234407, 34.104899], [-118.234359, 34.104884], [-118.233998, 34.104795], [-118.233478, 34.104117], [-118.234221, 34.103723], [-118.235104, 34.103254], [-118.235529, 34.103035]]}}, {"type": "Feature", "properties": {"GEOID": "06037187101", "durationMin": 0.9, "distKm": 0.16, "targetScore": 98, "walkMin": 4.9, "bikeMin": 1.6, "driveMin": 0.6}, "geometry": {"type": "LineString", "coordinates": [[-118.259852, 34.116392], [-118.260777, 34.117185], [-118.261127, 34.117489], [-118.261172, 34.117529], [-118.261306, 34.117633], [-118.261752, 34.117211], [-118.261954, 34.11702], [-118.26198, 34.116995], [-118.262014, 34.116963], [-118.261896, 34.116858], [-118.261852, 34.116899], [-118.26159, 34.117142]]}}, {"type": "Feature", "properties": {"GEOID": "06037188201", "durationMin": 1.1, "distKm": 0.45, "targetScore": 96, "walkMin": 4.9, "bikeMin": 1.6, "driveMin": 0.6}, "geometry": {"type": "LineString", "coordinates": [[-118.272867, 34.112418], [-118.272868, 34.112129], [-118.272869, 34.111877], [-118.272871, 34.111175], [-118.27289, 34.110612], [-118.272911, 34.110568], [-118.272958, 34.11047], [-118.272894, 34.110417], [-118.272492, 34.110083], [-118.27214, 34.109772], [-118.272, 34.109649], [-118.271946, 34.109601], [-118.271907, 34.109566], [-118.27177, 34.109446], [-118.271611, 34.109323], [-118.271597, 34.109312], [-118.271511, 34.109266], [-118.271385, 34.109211], [-118.27143, 34.109092], [-118.271478, 34.108969], [-118.271484, 34.108955], [-118.271541, 34.108811], [-118.271598, 34.108667], [-118.271619, 34.108611], [-118.27165, 34.108534], [-118.271663, 34.1085], [-118.271719, 34.108357]]}}, {"type": "Feature", "properties": {"GEOID": "06037189101", "durationMin": 0.6, "distKm": 0.11, "targetScore": 95, "walkMin": 0.9, "bikeMin": 0.3, "driveMin": 0.1}, "geometry": {"type": "LineString", "coordinates": [[-118.288706, 34.104736], [-118.288705, 34.104591], [-118.288705, 34.104512], [-118.288003, 34.104514], [-118.287797, 34.104515], [-118.287666, 34.104516], [-118.287558, 34.104516], [-118.28754, 34.104516], [-118.287414, 34.104516], [-118.287413, 34.104451], [-118.287411, 34.104159]]}}, {"type": "Feature", "properties": {"GEOID": "06037189102", "durationMin": 0.3, "distKm": 0.13, "targetScore": 94, "walkMin": 0.9, "bikeMin": 0.3, "driveMin": 0.1}, "geometry": {"type": "LineString", "coordinates": [[-118.288299, 34.113], [-118.288195, 34.112967], [-118.288079, 34.112904], [-118.287965, 34.112833], [-118.287811, 34.112719], [-118.287689, 34.112585], [-118.287603, 34.112442], [-118.287589, 34.112403], [-118.287538, 34.112265], [-118.287488, 34.11202], [-118.287461, 34.111886], [-118.287458, 34.111818]]}}, {"type": "Feature", "properties": {"GEOID": "06037189202", "durationMin": 2.9, "distKm": 0.76, "targetScore": 90, "walkMin": 0.9, "bikeMin": 0.3, "driveMin": 0.1}, "geometry": {"type": "LineString", "coordinates": [[-118.295723, 34.111338], [-118.295533, 34.110583], [-118.29553, 34.110571], [-118.29549, 34.110412], [-118.294329, 34.110624], [-118.294029, 34.110677], [-118.293252, 34.110817], [-118.292539, 34.110943], [-118.292392, 34.110972], [-118.291964, 34.111057], [-118.291819, 34.111085], [-118.291739, 34.111221], [-118.291736, 34.111244], [-118.291697, 34.111488], [-118.291692, 34.112227], [-118.291688, 34.112395], [-118.291667, 34.112528], [-118.291648, 34.112613], [-118.291632, 34.11269], [-118.29157, 34.112824], [-118.291561, 34.112836], [-118.291515, 34.112899], [-118.291487, 34.112937], [-118.291395, 34.11302], [-118.291274, 34.113104], [-118.291226, 34.113138], [-118.290928, 34.113293], [-118.290777, 34.113375], [-118.290638, 34.113451], [-118.290436, 34.113608], [-118.290269, 34.113784], [-118.290145, 34.113954], [-118.290078, 34.114094], [-118.289994, 34.114317], [-118.289956, 34.114436], [-118.289934, 34.114807], [-118.289978, 34.115041], [-118.290086, 34.1155], [-118.290282, 34.11598], [-118.290395, 34.116178], [-118.290542, 34.116433], [-118.290761, 34.116724], [-118.290957, 34.116933], [-118.291073, 34.117054], [-118.291143, 34.117126], [-118.291378, 34.117332], [-118.291395, 34.117343], [-118.291469, 34.117391], [-118.291714, 34.117548], [-118.29199, 34.117683], [-118.29221, 34.117765], [-118.292548, 34.11785], [-118.29269, 34.117874], [-118.292772, 34.11788], [-118.292778, 34.117701], [-118.292634, 34.117674], [-118.292473, 34.117646], [-118.292449, 34.11764]]}}, {"type": "Feature", "properties": {"GEOID": "06037190802", "durationMin": 0.4, "distKm": 0.21, "targetScore": 98, "walkMin": 2.0, "bikeMin": 0.7, "driveMin": 0.3}, "geometry": {"type": "LineString", "coordinates": [[-118.329916, 34.094344], [-118.329889, 34.094344], [-118.329784, 34.094345], [-118.328997, 34.094346], [-118.328868, 34.094346], [-118.328759, 34.094347], [-118.328489, 34.094349], [-118.328241, 34.094349], [-118.327897, 34.094349], [-118.327821, 34.09435], [-118.327686, 34.094351], [-118.327687, 34.094302]]}}, {"type": "Feature", "properties": {"GEOID": "06037191301", "durationMin": 0.4, "distKm": 0.16, "targetScore": 95, "walkMin": 0.9, "bikeMin": 0.3, "driveMin": 0.1}, "geometry": {"type": "LineString", "coordinates": [[-118.286576, 34.092334], [-118.286574, 34.092123], [-118.286571, 34.09166], [-118.286581, 34.091555], [-118.286621, 34.091363], [-118.286622, 34.091349], [-118.286699, 34.090978], [-118.286716, 34.090872], [-118.286618, 34.090871], [-118.286508, 34.090871], [-118.286305, 34.09087], [-118.286247, 34.090869], [-118.286053, 34.090868], [-118.286018, 34.090868], [-118.286018, 34.090868]]}}, {"type": "Feature", "properties": {"GEOID": "06037191302", "durationMin": 0.6, "distKm": 0.16, "targetScore": 98, "walkMin": 0.9, "bikeMin": 0.3, "driveMin": 0.1}, "geometry": {"type": "LineString", "coordinates": [[-118.288517, 34.096229], [-118.288516, 34.096392], [-118.288515, 34.096515], [-118.288514, 34.096633], [-118.288514, 34.0967], [-118.288422, 34.0967], [-118.288397, 34.0967], [-118.287504, 34.096704], [-118.28748, 34.096704], [-118.28736, 34.096705], [-118.287331, 34.096659], [-118.287274, 34.096565], [-118.287157, 34.096389], [-118.286969, 34.0961], [-118.286924, 34.096033], [-118.286871, 34.095953], [-118.286791, 34.09583], [-118.286774, 34.095804]]}}, {"type": "Feature", "properties": {"GEOID": "06037124902", "durationMin": 1.1, "distKm": 0.32, "targetScore": 97, "walkMin": 3.1, "bikeMin": 1.0, "driveMin": 0.4}, "geometry": {"type": "LineString", "coordinates": [[-118.400999, 34.17039], [-118.400994, 34.170641], [-118.401003, 34.170842], [-118.401815, 34.170831], [-118.401997, 34.170829], [-118.401994, 34.171237], [-118.401993, 34.171473], [-118.401991, 34.17179], [-118.401989, 34.172011], [-118.401988, 34.172142], [-118.402432, 34.172141], [-118.402633, 34.172141], [-118.403132, 34.172148], [-118.403388, 34.172148]]}}, {"type": "Feature", "properties": {"GEOID": "06037481605", "durationMin": 2.0, "distKm": 0.35, "targetScore": 90, "walkMin": 0.2, "bikeMin": 0.1, "driveMin": 0.0}, "geometry": {"type": "LineString", "coordinates": [[-118.125594, 34.071907], [-118.125481, 34.071908], [-118.124488, 34.071982], [-118.124313, 34.071983], [-118.124257, 34.072032], [-118.124237, 34.072062], [-118.124226, 34.072104], [-118.124228, 34.072297], [-118.124245, 34.073971], [-118.124247, 34.074], [-118.124252, 34.074057], [-118.124166, 34.074058], [-118.123625, 34.074064], [-118.12313, 34.074057], [-118.123103, 34.074058], [-118.122963, 34.074059], [-118.123034, 34.074003], [-118.123031, 34.073877], [-118.123035, 34.073715], [-118.123024, 34.073286], [-118.123034, 34.072953], [-118.12303, 34.072689], [-118.123017, 34.072033], [-118.12299, 34.07085], [-118.122988, 34.070446], [-118.122976, 34.070091], [-118.122977, 34.069872], [-118.122977, 34.069848], [-118.122977, 34.069839], [-118.122975, 34.069772], [-118.122877, 34.069772], [-118.122786, 34.069772]]}}, {"type": "Feature", "properties": {"GEOID": "06037481606", "durationMin": 1.0, "distKm": 0.22, "targetScore": 92, "walkMin": 5.3, "bikeMin": 1.8, "driveMin": 0.7}, "geometry": {"type": "LineString", "coordinates": [[-118.126188, 34.076421], [-118.126786, 34.076408], [-118.12679, 34.076986], [-118.126797, 34.077271], [-118.126797, 34.077283], [-118.126801, 34.077434], [-118.1268, 34.077625], [-118.126807, 34.077905], [-118.126812, 34.077983], [-118.126812, 34.078219], [-118.126798, 34.07835], [-118.126716, 34.078355], [-118.126426, 34.078373], [-118.126085, 34.078395], [-118.125692, 34.078421], [-118.12566, 34.078423]]}}, {"type": "Feature", "properties": {"GEOID": "06037533703", "durationMin": 1.1, "distKm": 0.26, "targetScore": 92, "walkMin": 1.5, "bikeMin": 0.5, "driveMin": 0.2}, "geometry": {"type": "LineString", "coordinates": [[-118.175329, 33.983342], [-118.176532, 33.983463], [-118.176562, 33.983466], [-118.176953, 33.983505], [-118.176814, 33.9844], [-118.176672, 33.985315], [-118.176549, 33.986104], [-118.176533, 33.986205], [-118.175823, 33.98612], [-118.17534, 33.986071]]}}, {"type": "Feature", "properties": {"GEOID": "06037430101", "durationMin": 1.4, "distKm": 0.22, "targetScore": 92, "walkMin": 4.2, "bikeMin": 1.4, "driveMin": 0.5}, "geometry": {"type": "LineString", "coordinates": [[-117.975572, 34.137467], [-117.977586, 34.137451], [-117.977587, 34.137792], [-117.977588, 34.137936], [-117.977589, 34.138336], [-117.977589, 34.138352], [-117.977589, 34.138396], [-117.97759, 34.138605], [-117.977591, 34.138842], [-117.977591, 34.138867], [-117.977591, 34.138984], [-117.977592, 34.139087], [-117.97759, 34.139453], [-117.977589, 34.139547], [-117.976751, 34.13956], [-117.97651, 34.13956], [-117.976055, 34.139563], [-117.975325, 34.139566], [-117.975327, 34.139443], [-117.97512, 34.139444]]}}, {"type": "Feature", "properties": {"GEOID": "06037430102", "durationMin": 1.2, "distKm": 0.46, "targetScore": 91, "walkMin": 3.0, "bikeMin": 1.0, "driveMin": 0.4}, "geometry": {"type": "LineString", "coordinates": [[-117.98004, 34.128705], [-117.979747, 34.128708], [-117.979686, 34.128708], [-117.979212, 34.128704], [-117.97876, 34.128701], [-117.978622, 34.128701], [-117.978001, 34.1287], [-117.977698, 34.128699], [-117.977581, 34.128699], [-117.97758, 34.128938], [-117.97758, 34.129053], [-117.977579, 34.129518], [-117.977578, 34.129965], [-117.977577, 34.130413], [-117.977576, 34.130661], [-117.977576, 34.130935], [-117.977575, 34.131191], [-117.977574, 34.131456], [-117.977574, 34.131624], [-117.977573, 34.131933], [-117.977573, 34.132027], [-117.977573, 34.13208], [-117.977573, 34.132209], [-117.977359, 34.13221]]}}, {"type": "Feature", "properties": {"GEOID": "06037434001", "durationMin": 1.3, "distKm": 0.36, "targetScore": 96, "walkMin": 3.6, "bikeMin": 1.2, "driveMin": 0.5}, "geometry": {"type": "LineString", "coordinates": [[-118.013927, 34.052072], [-118.013519, 34.051958], [-118.013511, 34.051976], [-118.013475, 34.05205], [-118.013439, 34.052127], [-118.013301, 34.052416], [-118.012897, 34.053266], [-118.012874, 34.053315], [-118.0128, 34.05347], [-118.012726, 34.05363], [-118.012604, 34.053886], [-118.012395, 34.054324], [-118.01252, 34.054366], [-118.012987, 34.054524], [-118.013206, 34.05465], [-118.013382, 34.054804], [-118.013742, 34.055123], [-118.013916, 34.055276], [-118.013989, 34.055337], [-118.014077, 34.055416], [-118.014018, 34.055465]]}}, {"type": "Feature", "properties": {"GEOID": "06037463200", "durationMin": 2.7, "distKm": 1.2, "targetScore": 96, "walkMin": 13.0, "bikeMin": 4.3, "driveMin": 1.6}, "geometry": {"type": "LineString", "coordinates": [[-118.089387, 34.140395], [-118.089386, 34.140424], [-118.089372, 34.141185], [-118.089365, 34.141653], [-118.089363, 34.141819], [-118.08936, 34.14206], [-118.08936, 34.142085], [-118.089358, 34.142209], [-118.089357, 34.142285], [-118.089356, 34.142301], [-118.089347, 34.142831], [-118.089335, 34.143467], [-118.089325, 34.143959], [-118.089317, 34.144415], [-118.089316, 34.144466], [-118.089314, 34.144609], [-118.089312, 34.144705], [-118.089308, 34.144977], [-118.089312, 34.145718], [-118.089311, 34.145802], [-118.089308, 34.146065], [-118.089316, 34.146174], [-118.08899, 34.146174], [-118.08886, 34.146175], [-118.088688, 34.146176], [-118.08824, 34.146176], [-118.087937, 34.146176], [-118.087783, 34.146176], [-118.087256, 34.146177], [-118.087062, 34.146177], [-118.086963, 34.146177], [-118.086855, 34.146178], [-118.086768, 34.146179], [-118.086632, 34.14618], [-118.086545, 34.146181], [-118.08636, 34.146182], [-118.0859, 34.146185], [-118.085872, 34.146185], [-118.08585, 34.146185], [-118.085565, 34.146187], [-118.085137, 34.146189], [-118.0847, 34.146192], [-118.084604, 34.146192], [-118.084262, 34.146194], [-118.08362, 34.146198], [-118.083522, 34.146199], [-118.083155, 34.146201], [-118.082585, 34.146204], [-118.082316, 34.14623], [-118.082082, 34.146234], [-118.081877, 34.146237], [-118.081838, 34.146236], [-118.081635, 34.146234], [-118.081481, 34.146235], [-118.081443, 34.146233], [-118.081103, 34.146213], [-118.080983, 34.146214], [-118.080697, 34.146217], [-118.080405, 34.146219], [-118.079974, 34.146223], [-118.079584, 34.146227], [-118.079297, 34.14623], [-118.079179, 34.146231], [-118.078875, 34.146234], [-118.078443, 34.146237], [-118.078443, 34.146198]]}}, {"type": "Feature", "properties": {"GEOID": "06037463300", "durationMin": 3.8, "distKm": 1.51, "targetScore": 97, "walkMin": 14.5, "bikeMin": 4.8, "driveMin": 1.8}, "geometry": {"type": "LineString", "coordinates": [[-118.10294, 34.139219], [-118.102924, 34.137896], [-118.102924, 34.137891], [-118.102929, 34.137874], [-118.102944, 34.137816], [-118.103022, 34.137818], [-118.103852, 34.13782], [-118.10424, 34.137819], [-118.104817, 34.137827], [-118.106143, 34.137834], [-118.107182, 34.137836], [-118.108434, 34.137833], [-118.108522, 34.137833], [-118.108522, 34.137724], [-118.108518, 34.136842], [-118.108521, 34.135958], [-118.108517, 34.135867], [-118.108515, 34.135778], [-118.108524, 34.134345], [-118.108525, 34.134271], [-118.108524, 34.134202], [-118.108514, 34.133558], [-118.108527, 34.132933], [-118.108512, 34.132772], [-118.10851, 34.132688], [-118.108504, 34.132604], [-118.108501, 34.132546], [-118.108484, 34.132452], [-118.108471, 34.132374], [-118.108429, 34.132223], [-118.108421, 34.132195], [-118.108357, 34.132012], [-118.108328, 34.131957], [-118.108312, 34.131926], [-118.10827, 34.131844], [-118.108189, 34.131702], [-118.108161, 34.131652], [-118.108049, 34.131456], [-118.108015, 34.131395], [-118.107915, 34.131219], [-118.107821, 34.131058], [-118.107643, 34.13075], [-118.107532, 34.13056], [-118.107519, 34.130532], [-118.107393, 34.130285], [-118.10733, 34.130092], [-118.107303, 34.12999], [-118.107286, 34.129927], [-118.107284, 34.129908], [-118.107269, 34.12975], [-118.107266, 34.129666], [-118.107264, 34.129611], [-118.107262, 34.129545], [-118.107272, 34.12945], [-118.107278, 34.129395], [-118.107291, 34.129273], [-118.107316, 34.129179], [-118.107325, 34.129143], [-118.107345, 34.129064], [-118.107351, 34.129042], [-118.107376, 34.128972], [-118.107462, 34.128732], [-118.107491, 34.128651], [-118.107517, 34.128588], [-118.107591, 34.128359], [-118.107706, 34.128005], [-118.107739, 34.127904], [-118.107758, 34.127715], [-118.107761, 34.127688], [-118.10776, 34.127618], [-118.107759, 34.127504], [-118.107906, 34.127478], [-118.107951, 34.127507], [-118.108207, 34.127675], [-118.108419, 34.127769], [-118.108476, 34.127783], [-118.10862, 34.127818], [-118.108717, 34.127829], [-118.108858, 34.127845], [-118.109048, 34.127844], [-118.109261, 34.127814], [-118.109341, 34.1278], [-118.109365, 34.127795], [-118.109463, 34.127773], [-118.109443, 34.127689], [-118.109439, 34.127671], [-118.109392, 34.127446], [-118.109352, 34.127257], [-118.109283, 34.126926]]}}, {"type": "Feature", "properties": {"GEOID": "06037463400", "durationMin": 3.9, "distKm": 1.63, "targetScore": 97, "walkMin": 14.5, "bikeMin": 4.8, "driveMin": 1.8}, "geometry": {"type": "LineString", "coordinates": [[-118.111666, 34.141385], [-118.111677, 34.141844], [-118.111676, 34.141863], [-118.111679, 34.141967], [-118.110639, 34.141966], [-118.109572, 34.141972], [-118.109481, 34.141973], [-118.109391, 34.141974], [-118.108328, 34.141978], [-118.108328, 34.141869], [-118.108328, 34.141839], [-118.108318, 34.140876], [-118.108319, 34.140798], [-118.108318, 34.140736], [-118.108306, 34.139901], [-118.108305, 34.139818], [-118.108305, 34.139739], [-118.108304, 34.13938], [-118.108317, 34.139206], [-118.10835, 34.139], [-118.108429, 34.138615], [-118.10848, 34.138373], [-118.108516, 34.138106], [-118.108526, 34.137934], [-118.108525, 34.137927], [-118.108522, 34.137833], [-118.108522, 34.137724], [-118.108518, 34.136842], [-118.108521, 34.135958], [-118.108517, 34.135867], [-118.108515, 34.135778], [-118.108524, 34.134345], [-118.108525, 34.134271], [-118.108524, 34.134202], [-118.108514, 34.133558], [-118.108527, 34.132933], [-118.108512, 34.132772], [-118.10851, 34.132688], [-118.108504, 34.132604], [-118.108501, 34.132546], [-118.108484, 34.132452], [-118.108471, 34.132374], [-118.108429, 34.132223], [-118.108421, 34.132195], [-118.108357, 34.132012], [-118.108328, 34.131957], [-118.108312, 34.131926], [-118.10827, 34.131844], [-118.108189, 34.131702], [-118.108161, 34.131652], [-118.108049, 34.131456], [-118.108015, 34.131395], [-118.107915, 34.131219], [-118.107821, 34.131058], [-118.107643, 34.13075], [-118.107532, 34.13056], [-118.107519, 34.130532], [-118.107393, 34.130285], [-118.10733, 34.130092], [-118.107303, 34.12999], [-118.107286, 34.129927], [-118.107284, 34.129908], [-118.107269, 34.12975], [-118.107266, 34.129666], [-118.107264, 34.129611], [-118.107262, 34.129545], [-118.107272, 34.12945], [-118.107278, 34.129395], [-118.107291, 34.129273], [-118.107316, 34.129179], [-118.107325, 34.129143], [-118.107345, 34.129064], [-118.107351, 34.129042], [-118.107376, 34.128972], [-118.107462, 34.128732], [-118.107491, 34.128651], [-118.107517, 34.128588], [-118.107591, 34.128359], [-118.107706, 34.128005], [-118.107739, 34.127904], [-118.107758, 34.127715], [-118.107761, 34.127688], [-118.10776, 34.127618], [-118.107759, 34.127504], [-118.107906, 34.127478], [-118.107951, 34.127507], [-118.108207, 34.127675], [-118.108419, 34.127769], [-118.108476, 34.127783], [-118.10862, 34.127818], [-118.108717, 34.127829], [-118.108858, 34.127845], [-118.109048, 34.127844], [-118.109261, 34.127814], [-118.109341, 34.1278], [-118.109365, 34.127795], [-118.109463, 34.127773], [-118.109443, 34.127689], [-118.109439, 34.127671], [-118.109392, 34.127446], [-118.109352, 34.127257], [-118.109283, 34.126926]]}}, {"type": "Feature", "properties": {"GEOID": "06037463500", "durationMin": 6.8, "distKm": 2.07, "targetScore": 97, "walkMin": 14.5, "bikeMin": 4.8, "driveMin": 1.8}, "geometry": {"type": "LineString", "coordinates": [[-118.126958, 34.138796], [-118.1271, 34.138796], [-118.127181, 34.138796], [-118.127516, 34.138796], [-118.127603, 34.138786], [-118.127896, 34.138784], [-118.128001, 34.138785], [-118.127999, 34.138315], [-118.127991, 34.137966], [-118.12799, 34.137919], [-118.12799, 34.137866], [-118.127988, 34.137786], [-118.127987, 34.137762], [-118.127986, 34.13757], [-118.12798, 34.137327], [-118.127974, 34.137268], [-118.128005, 34.137141], [-118.128005, 34.137103], [-118.128008, 34.136873], [-118.128009, 34.136859], [-118.12801, 34.136775], [-118.128006, 34.136532], [-118.127971, 34.136408], [-118.12797, 34.136273], [-118.127967, 34.136009], [-118.127967, 34.136006], [-118.127967, 34.135918], [-118.127847, 34.135919], [-118.127711, 34.135918], [-118.127692, 34.135918], [-118.127559, 34.135918], [-118.127104, 34.135914], [-118.126824, 34.135913], [-118.126696, 34.135911], [-118.126489, 34.135911], [-118.125944, 34.135907], [-118.125782, 34.135906], [-118.125694, 34.135906], [-118.125545, 34.135905], [-118.124946, 34.135904], [-118.124558, 34.135904], [-118.124525, 34.135903], [-118.124404, 34.135902], [-118.124299, 34.135904], [-118.124275, 34.135903], [-118.124052, 34.135901], [-118.123746, 34.135899], [-118.123611, 34.1359], [-118.123045, 34.135903], [-118.122846, 34.1359], [-118.122201, 34.1359], [-118.121823, 34.135899], [-118.121414, 34.135899], [-118.121377, 34.135898], [-118.121279, 34.135899], [-118.121185, 34.135897], [-118.121155, 34.135897], [-118.120809, 34.135892], [-118.119303, 34.135887], [-118.119001, 34.135885], [-118.117606, 34.13588], [-118.117208, 34.135879], [-118.116785, 34.135878], [-118.114711, 34.135878], [-118.114467, 34.135876], [-118.113401, 34.135875], [-118.113188, 34.135875], [-118.113095, 34.135875], [-118.113015, 34.135875], [-118.112867, 34.135876], [-118.110638, 34.13589], [-118.10954, 34.135874], [-118.108794, 34.135869], [-118.108622, 34.135868], [-118.108517, 34.135867], [-118.108515, 34.135778], [-118.108524, 34.134345], [-118.108525, 34.134271], [-118.108524, 34.134202], [-118.108514, 34.133558], [-118.108527, 34.132933], [-118.108512, 34.132772], [-118.10851, 34.132688], [-118.108504, 34.132604], [-118.108501, 34.132546], [-118.108484, 34.132452], [-118.108471, 34.132374], [-118.108429, 34.132223], [-118.108421, 34.132195], [-118.108357, 34.132012], [-118.108328, 34.131957], [-118.108312, 34.131926], [-118.10827, 34.131844], [-118.108189, 34.131702], [-118.108161, 34.131652], [-118.108049, 34.131456], [-118.108015, 34.131395], [-118.107915, 34.131219], [-118.107821, 34.131058], [-118.107643, 34.13075], [-118.107532, 34.13056], [-118.107519, 34.130532], [-118.107393, 34.130285], [-118.10733, 34.130092], [-118.107303, 34.12999], [-118.107286, 34.129927], [-118.107284, 34.129908], [-118.107269, 34.12975], [-118.107266, 34.129666], [-118.107264, 34.129611], [-118.107262, 34.129545], [-118.107272, 34.12945], [-118.107278, 34.129395], [-118.107291, 34.129273], [-118.107316, 34.129179], [-118.107325, 34.129143], [-118.107345, 34.129064], [-118.107351, 34.129042], [-118.107376, 34.128972], [-118.107462, 34.128732], [-118.107491, 34.128651], [-118.107517, 34.128588], [-118.107591, 34.128359], [-118.107706, 34.128005], [-118.107739, 34.127904], [-118.107758, 34.127715], [-118.107761, 34.127688], [-118.10776, 34.127618], [-118.107759, 34.127504], [-118.107906, 34.127478], [-118.107951, 34.127507], [-118.108207, 34.127675], [-118.108419, 34.127769], [-118.108476, 34.127783], [-118.10862, 34.127818], [-118.108717, 34.127829], [-118.108858, 34.127845], [-118.109048, 34.127844], [-118.109261, 34.127814], [-118.109341, 34.1278], [-118.109365, 34.127795], [-118.109463, 34.127773], [-118.109443, 34.127689], [-118.109439, 34.127671], [-118.109392, 34.127446], [-118.109352, 34.127257], [-118.109283, 34.126926]]}}, {"type": "Feature", "properties": {"GEOID": "06037463700", "durationMin": 3.7, "distKm": 1.65, "targetScore": 99, "walkMin": 22.1, "bikeMin": 7.4, "driveMin": 2.8}, "geometry": {"type": "LineString", "coordinates": [[-118.15718, 34.138312], [-118.157898, 34.138308], [-118.15854, 34.138306], [-118.159076, 34.138304], [-118.159109, 34.138303], [-118.159256, 34.138297], [-118.159217, 34.137912], [-118.159171, 34.137356], [-118.159083, 34.136451], [-118.159084, 34.136431], [-118.159062, 34.136191], [-118.159054, 34.136095], [-118.159032, 34.135846], [-118.159022, 34.135742], [-118.159012, 34.135651], [-118.158982, 34.135285], [-118.158963, 34.135083], [-118.158951, 34.134938], [-118.158895, 34.134645], [-118.158872, 34.134374], [-118.158844, 34.134049], [-118.158841, 34.13402], [-118.158838, 34.133991], [-118.158834, 34.133945], [-118.158785, 34.133104], [-118.158775, 34.133019], [-118.158765, 34.132934], [-118.158654, 34.13171], [-118.158647, 34.131613], [-118.158633, 34.131507], [-118.158582, 34.130883], [-118.158567, 34.130722], [-118.158531, 34.130328], [-118.158508, 34.130078], [-118.158485, 34.129838], [-118.15842, 34.129092], [-118.15838, 34.128627], [-118.158374, 34.128584], [-118.158349, 34.128293], [-118.158335, 34.128112], [-118.158285, 34.12758], [-118.158225, 34.126992], [-118.158215, 34.126916], [-118.15821, 34.126853], [-118.158176, 34.126619], [-118.158153, 34.126358], [-118.158102, 34.125748], [-118.158089, 34.125591], [-118.158038, 34.124975], [-118.157974, 34.124192], [-118.157972, 34.124166], [-118.15796, 34.124025], [-118.157833, 34.124026], [-118.157798, 34.124026], [-118.157279, 34.124029], [-118.15662, 34.124034], [-118.156297, 34.124034], [-118.155765, 34.124037], [-118.155422, 34.124039], [-118.154433, 34.124034], [-118.154308, 34.124031], [-118.153736, 34.124029], [-118.153645, 34.124029], [-118.153162, 34.124033], [-118.152953, 34.124035], [-118.151677, 34.124044], [-118.151022, 34.124044], [-118.150813, 34.124037], [-118.150564, 34.124034], [-118.150461, 34.124041], [-118.150281, 34.124043], [-118.150279, 34.124248], [-118.150279, 34.12427], [-118.150278, 34.124312], [-118.150237, 34.12435], [-118.150235, 34.124464]]}}, {"type": "Feature", "properties": {"GEOID": "06037209810", "durationMin": 1.0, "distKm": 0.18, "targetScore": 94, "walkMin": 1.1, "bikeMin": 0.4, "driveMin": 0.1}, "geometry": {"type": "LineString", "coordinates": [[-118.282281, 34.049088], [-118.282321, 34.049028], [-118.282817, 34.049248], [-118.282889, 34.04928], [-118.28283, 34.049373], [-118.282683, 34.049601], [-118.282207, 34.050333], [-118.281974, 34.05069], [-118.28196, 34.050712], [-118.28192, 34.050776], [-118.28185, 34.050744], [-118.281375, 34.050529], [-118.281092, 34.050403], [-118.28088, 34.050306], [-118.280791, 34.050265], [-118.280834, 34.050198], [-118.280865, 34.05015]]}}, {"type": "Feature", "properties": {"GEOID": "06037204410", "durationMin": 1.8, "distKm": 0.11, "targetScore": 93, "walkMin": 4.0, "bikeMin": 1.3, "driveMin": 0.5}, "geometry": {"type": "LineString", "coordinates": [[-118.215294, 34.046196], [-118.215369, 34.046044], [-118.215445, 34.045888], [-118.215557, 34.045819], [-118.21568, 34.045642], [-118.215934, 34.045327], [-118.216284, 34.044855], [-118.216557, 34.044469], [-118.216858, 34.04405], [-118.21694, 34.043954], [-118.217008, 34.043884], [-118.217226, 34.043686], [-118.21731, 34.043586], [-118.217403, 34.043448], [-118.217538, 34.043238], [-118.217611, 34.043125], [-118.217469, 34.043102], [-118.217363, 34.043076], [-118.217183, 34.043009], [-118.216956, 34.042915], [-118.216696, 34.04281], [-118.216649, 34.042901], [-118.216592, 34.04301], [-118.216441, 34.043169], [-118.216374, 34.043264], [-118.216234, 34.043482], [-118.216143, 34.043628], [-118.216113, 34.043706], [-118.215854, 34.044109], [-118.215561, 34.044566], [-118.214993, 34.04545], [-118.214655, 34.0453]]}}, {"type": "Feature", "properties": {"GEOID": "06037117404", "durationMin": 0.5, "distKm": 0.46, "targetScore": 98, "walkMin": 3.5, "bikeMin": 1.2, "driveMin": 0.4}, "geometry": {"type": "LineString", "coordinates": [[-118.479078, 34.22836], [-118.480464, 34.228369], [-118.480783, 34.228371], [-118.484011, 34.228391], [-118.484011, 34.228441]]}}, {"type": "Feature", "properties": {"GEOID": "06037123203", "durationMin": 1.5, "distKm": 0.4, "targetScore": 95, "walkMin": 0.4, "bikeMin": 0.1, "driveMin": 0.0}, "geometry": {"type": "LineString", "coordinates": [[-118.391713, 34.196702], [-118.391713, 34.196738], [-118.392164, 34.196736], [-118.392164, 34.196617], [-118.392165, 34.196567], [-118.392164, 34.196452], [-118.392164, 34.196281], [-118.392164, 34.196272], [-118.392163, 34.195844], [-118.392164, 34.194403], [-118.392166, 34.194064], [-118.392165, 34.193949], [-118.392077, 34.193948], [-118.391535, 34.19395], [-118.39134, 34.19395], [-118.39109, 34.193952], [-118.390662, 34.19395], [-118.390443, 34.19395], [-118.390022, 34.193951], [-118.389564, 34.193951], [-118.389389, 34.193951], [-118.388975, 34.193951], [-118.388937, 34.193951], [-118.388866, 34.193951]]}}, {"type": "Feature", "properties": {"GEOID": "06037237600", "durationMin": 1.0, "distKm": 0.43, "targetScore": 94, "walkMin": 4.3, "bikeMin": 1.4, "driveMin": 0.5}, "geometry": {"type": "LineString", "coordinates": [[-118.283785, 33.978514], [-118.283782, 33.978294], [-118.282849, 33.978301], [-118.282842, 33.978298], [-118.282683, 33.978235], [-118.282684, 33.97773], [-118.282686, 33.977349], [-118.282685, 33.976927], [-118.282685, 33.97677], [-118.282683, 33.976464], [-118.282685, 33.976087], [-118.282689, 33.97574], [-118.282691, 33.975564], [-118.282691, 33.975247], [-118.282691, 33.97514], [-118.282691, 33.974949], [-118.282691, 33.97479], [-118.282692, 33.974649], [-118.282781, 33.974649]]}}, {"type": "Feature", "properties": {"GEOID": "06037460501", "durationMin": 2.0, "distKm": 0.65, "targetScore": 95, "walkMin": 2.9, "bikeMin": 1.0, "driveMin": 0.4}, "geometry": {"type": "LineString", "coordinates": [[-118.192528, 34.21818], [-118.192528, 34.21818], [-118.19256, 34.218093], [-118.192554, 34.218004], [-118.192506, 34.21792], [-118.192425, 34.21784], [-118.192302, 34.217778], [-118.192173, 34.217684], [-118.192093, 34.217613], [-118.192026, 34.217574], [-118.191975, 34.217542], [-118.191878, 34.217507], [-118.191776, 34.217494], [-118.191648, 34.217495], [-118.191587, 34.217483], [-118.191545, 34.217459], [-118.191508, 34.217424], [-118.191487, 34.217342], [-118.191481, 34.217322], [-118.191442, 34.21718], [-118.19033, 34.217387], [-118.190204, 34.217418], [-118.190066, 34.217442], [-118.189915, 34.217504], [-118.189753, 34.217597], [-118.189597, 34.217734], [-118.189559, 34.217779], [-118.189503, 34.217813], [-118.189459, 34.217829], [-118.189405, 34.217845], [-118.189351, 34.217845], [-118.189167, 34.217771], [-118.18898, 34.217688], [-118.188477, 34.21738], [-118.188292, 34.21727], [-118.188131, 34.217166], [-118.187952, 34.217067], [-118.187753, 34.216962], [-118.18754, 34.216878], [-118.187373, 34.216812], [-118.187198, 34.216757], [-118.187028, 34.216708], [-118.186847, 34.216665], [-118.186595, 34.216624], [-118.186293, 34.216589], [-118.185747, 34.216521], [-118.185332, 34.216344], [-118.185245, 34.216307], [-118.185505, 34.215882], [-118.185592, 34.215786], [-118.185709, 34.21573], [-118.185826, 34.215705], [-118.186023, 34.215685], [-118.186287, 34.215657], [-118.186392, 34.215624], [-118.186486, 34.215581], [-118.186664, 34.215475], [-118.186759, 34.215374], [-118.186867, 34.215204], [-118.186954, 34.214975], [-118.18718, 34.214683]]}}, {"type": "Feature", "properties": {"GEOID": "06037296220", "durationMin": 1.1, "distKm": 0.15, "targetScore": 90, "walkMin": 0.4, "bikeMin": 0.1, "driveMin": 0.0}, "geometry": {"type": "LineString", "coordinates": [[-118.283806, 33.740986], [-118.284275, 33.741084], [-118.284294, 33.741124], [-118.284236, 33.741375], [-118.284237, 33.741465], [-118.284149, 33.741466], [-118.283524, 33.741464], [-118.283518, 33.741362], [-118.283516, 33.740919], [-118.283515, 33.74019], [-118.283514, 33.74005], [-118.283513, 33.73966], [-118.283611, 33.73966]]}}, {"type": "Feature", "properties": {"GEOID": "06037228500", "durationMin": 0.2, "distKm": 0.04, "targetScore": 91, "walkMin": 4.6, "bikeMin": 1.5, "driveMin": 0.6}, "geometry": {"type": "LineString", "coordinates": [[-118.268734, 34.003495], [-118.268739, 34.003849], [-118.268912, 34.003849]]}}, {"type": "Feature", "properties": {"GEOID": "06037183810", "durationMin": 0.0, "distKm": 0.03, "targetScore": 97, "walkMin": 0.8, "bikeMin": 0.3, "driveMin": 0.1}, "geometry": {"type": "LineString", "coordinates": [[-118.19771, 34.107174], [-118.197941, 34.107058]]}}, {"type": "Feature", "properties": {"GEOID": "06037920314", "durationMin": 9.6, "distKm": 1.78, "targetScore": 97, "walkMin": 4.6, "bikeMin": 1.5, "driveMin": 0.6}, "geometry": {"type": "LineString", "coordinates": [[-118.525271, 34.401741], [-118.525537, 34.401783], [-118.525961, 34.401768], [-118.526078, 34.400728], [-118.526624, 34.400793], [-118.526739, 34.400361], [-118.526756, 34.400303], [-118.526722, 34.39997], [-118.526473, 34.399524], [-118.526354, 34.39926], [-118.526308, 34.399082], [-118.52619, 34.39837], [-118.52667, 34.398306], [-118.527074, 34.398348], [-118.527336, 34.398442], [-118.527468, 34.398547], [-118.527911, 34.398843], [-118.528151, 34.398913], [-118.528349, 34.398946], [-118.528569, 34.398944], [-118.528734, 34.398923], [-118.528872, 34.398891], [-118.529039, 34.398826], [-118.52923, 34.398718], [-118.529373, 34.398587], [-118.529428, 34.398526], [-118.530091, 34.398864], [-118.53055, 34.399055], [-118.530825, 34.399136], [-118.531148, 34.399201], [-118.531561, 34.399265], [-118.531794, 34.399286], [-118.532123, 34.39929], [-118.532367, 34.399276], [-118.532619, 34.399251], [-118.532951, 34.399197], [-118.533308, 34.399107], [-118.533592, 34.399014], [-118.533875, 34.398892], [-118.534315, 34.398669], [-118.534588, 34.398481], [-118.534843, 34.398268], [-118.53538, 34.397802], [-118.535799, 34.397445], [-118.53582, 34.397428], [-118.535909, 34.397347], [-118.536008, 34.397418], [-118.536032, 34.397437], [-118.536322, 34.397653], [-118.536429, 34.397758], [-118.536492, 34.397865], [-118.536529, 34.397926], [-118.536687, 34.398596], [-118.536817, 34.399233], [-118.536919, 34.399771], [-118.536975, 34.399946], [-118.537032, 34.400062], [-118.537095, 34.400155], [-118.537197, 34.40027], [-118.537328, 34.400373], [-118.537432, 34.400433], [-118.53747, 34.400454], [-118.537585, 34.40055], [-118.537741, 34.400603], [-118.5379, 34.400626], [-118.538047, 34.400637], [-118.538178, 34.400632], [-118.538307, 34.400617], [-118.538413, 34.400606], [-118.538564, 34.400586], [-118.538584, 34.400691], [-118.539269, 34.404499], [-118.539862, 34.407709], [-118.54014, 34.409148], [-118.540211, 34.409525], [-118.540354, 34.410324], [-118.540536, 34.411258], [-118.540558, 34.411377], [-118.540575, 34.411474], [-118.540581, 34.411508], [-118.54078, 34.412639], [-118.540938, 34.413471], [-118.540953, 34.41356], [-118.541093, 34.413709], [-118.541126, 34.413867], [-118.541159, 34.414072], [-118.541241, 34.41459], [-118.541352, 34.415214], [-118.541369, 34.41531], [-118.541417, 34.415581], [-118.541506, 34.416084], [-118.541582, 34.41644], [-118.541655, 34.416901], [-118.541702, 34.417194], [-118.54173, 34.417351], [-118.541767, 34.417563], [-118.541866, 34.418161], [-118.541937, 34.418536], [-118.541976, 34.418775], [-118.542, 34.418921], [-118.54205, 34.419224], [-118.542066, 34.419319], [-118.542105, 34.41962], [-118.54211, 34.419973], [-118.542054, 34.420295], [-118.5419, 34.420844], [-118.541818, 34.421118], [-118.541756, 34.421342], [-118.541737, 34.421398], [-118.541648, 34.421631], [-118.541527, 34.421669], [-118.541451, 34.421874], [-118.541341, 34.422069], [-118.541282, 34.422167], [-118.541058, 34.422467], [-118.541031, 34.422504], [-118.540955, 34.422605], [-118.540827, 34.422577], [-118.540359, 34.422474], [-118.539934, 34.422388], [-118.539382, 34.422292], [-118.53805, 34.422062], [-118.537096, 34.421877], [-118.536698, 34.421817], [-118.536065, 34.421744], [-118.535819, 34.421716], [-118.535155, 34.421639], [-118.534358, 34.421548], [-118.534224, 34.421522], [-118.533786, 34.421447], [-118.533345, 34.421332], [-118.533212, 34.42129], [-118.532661, 34.421116], [-118.532576, 34.421079], [-118.531994, 34.420821], [-118.531473, 34.420561], [-118.531213, 34.4204], [-118.530969, 34.420239], [-118.530557, 34.419903], [-118.530059, 34.419496], [-118.529552, 34.418997], [-118.528981, 34.418436], [-118.528919, 34.418376], [-118.528225, 34.417704], [-118.527623, 34.417132], [-118.526898, 34.416466], [-118.526678, 34.416294], [-118.526156, 34.415925], [-118.526045, 34.415854], [-118.525938, 34.415787], [-118.525425, 34.415526], [-118.524736, 34.415217], [-118.524301, 34.415054], [-118.523821, 34.414896], [-118.52295, 34.414709], [-118.522074, 34.414592], [-118.521822, 34.414575], [-118.52162, 34.414562], [-118.52116, 34.414549], [-118.520721, 34.414553], [-118.520367, 34.414578], [-118.520242, 34.414587], [-118.519637, 34.414651], [-118.518119, 34.414794], [-118.51744, 34.414869], [-118.516831, 34.414946], [-118.516819, 34.414948], [-118.51664, 34.414979], [-118.516489, 34.415007], [-118.516185, 34.415064], [-118.515289, 34.415299], [-118.514277, 34.415647], [-118.513419, 34.416058]]}}, {"type": "Feature", "properties": {"GEOID": "06037575803", "durationMin": 2.4, "distKm": 1.22, "targetScore": 90, "walkMin": 5.5, "bikeMin": 1.8, "driveMin": 0.7}, "geometry": {"type": "LineString", "coordinates": [[-118.193715, 33.778981], [-118.193048, 33.778981], [-118.192399, 33.778983], [-118.192395, 33.779746], [-118.192397, 33.780816], [-118.192397, 33.781411], [-118.192394, 33.781663], [-118.192384, 33.781997], [-118.192385, 33.782611], [-118.192383, 33.782926], [-118.19239, 33.78314], [-118.192394, 33.783241], [-118.192397, 33.783322], [-118.192397, 33.783717], [-118.192393, 33.783933], [-118.192401, 33.784413], [-118.192404, 33.785339], [-118.192396, 33.78715], [-118.192392, 33.787609], [-118.192384, 33.788559], [-118.192384, 33.788837], [-118.192386, 33.789437], [-118.192386, 33.789562], [-118.19239, 33.789868], [-118.191749, 33.789871], [-118.191567, 33.789871]]}}, {"type": "Feature", "properties": {"GEOID": "06037621201", "durationMin": 1.3, "distKm": 0.52, "targetScore": 95, "walkMin": 2.7, "bikeMin": 0.9, "driveMin": 0.3}, "geometry": {"type": "LineString", "coordinates": [[-118.383045, 33.849405], [-118.383216, 33.849563], [-118.383889, 33.850095], [-118.383953, 33.850145], [-118.384034, 33.850201], [-118.385593, 33.851294], [-118.38568, 33.851355], [-118.385611, 33.851407], [-118.385555, 33.851451], [-118.385493, 33.851502], [-118.385406, 33.851571], [-118.38511, 33.851805], [-118.384856, 33.852009], [-118.384793, 33.852057], [-118.384736, 33.852101], [-118.384692, 33.852137], [-118.384653, 33.852167], [-118.384495, 33.852291], [-118.384338, 33.852416], [-118.383951, 33.852722], [-118.383871, 33.852784], [-118.383769, 33.852862], [-118.383408, 33.853141], [-118.383126, 33.853369], [-118.382944, 33.853511], [-118.382734, 33.853674], [-118.382582, 33.853785], [-118.382469, 33.853862], [-118.38235, 33.853938], [-118.382118, 33.854078], [-118.382092, 33.854095], [-118.382, 33.854147], [-118.38187, 33.854209], [-118.381812, 33.854234]]}}, {"type": "Feature", "properties": {"GEOID": "06037554405", "durationMin": 0.5, "distKm": 0.12, "targetScore": 93, "walkMin": 3.1, "bikeMin": 1.0, "driveMin": 0.4}, "geometry": {"type": "LineString", "coordinates": [[-118.121222, 33.874119], [-118.121631, 33.874114], [-118.121617, 33.874441], [-118.121601, 33.874685], [-118.121826, 33.874765], [-118.121877, 33.874773]]}}, {"type": "Feature", "properties": {"GEOID": "06037131400", "durationMin": 1.3, "distKm": 0.68, "targetScore": 97, "walkMin": 5.1, "bikeMin": 1.7, "driveMin": 0.6}, "geometry": {"type": "LineString", "coordinates": [[-118.531714, 34.214592], [-118.531714, 34.214739], [-118.531719, 34.215588], [-118.53172, 34.215662], [-118.531729, 34.21596], [-118.531746, 34.216143], [-118.531749, 34.216374], [-118.531756, 34.219198], [-118.531742, 34.219286], [-118.531731, 34.219363], [-118.531727, 34.219538], [-118.531728, 34.220156], [-118.531728, 34.220238], [-118.531729, 34.220398], [-118.53173, 34.220667], [-118.531728, 34.220735]]}}, {"type": "Feature", "properties": {"GEOID": "06037131600", "durationMin": 1.2, "distKm": 0.59, "targetScore": 95, "walkMin": 9.9, "bikeMin": 3.3, "driveMin": 1.2}, "geometry": {"type": "LineString", "coordinates": [[-118.551352, 34.213819], [-118.553382, 34.213813], [-118.553559, 34.213812], [-118.55356, 34.214344], [-118.553555, 34.215118], [-118.553558, 34.215558], [-118.553559, 34.215629], [-118.553559, 34.215705], [-118.553565, 34.216145], [-118.553563, 34.217444], [-118.553568, 34.218285], [-118.553567, 34.218361], [-118.553568, 34.218809], [-118.553568, 34.219258], [-118.553567, 34.219597], [-118.553567, 34.219713]]}}, {"type": "Feature", "properties": {"GEOID": "06037131900", "durationMin": 0.9, "distKm": 0.41, "targetScore": 97, "walkMin": 5.9, "bikeMin": 2.0, "driveMin": 0.7}, "geometry": {"type": "LineString", "coordinates": [[-118.509874, 34.204719], [-118.509873, 34.205202], [-118.509874, 34.205284], [-118.509874, 34.205382], [-118.509875, 34.205453], [-118.509876, 34.205476], [-118.509874, 34.205561], [-118.509874, 34.205711], [-118.509874, 34.20618], [-118.509879, 34.206669], [-118.509881, 34.207236], [-118.509874, 34.207868], [-118.509874, 34.207892], [-118.509873, 34.208232], [-118.509873, 34.20831], [-118.509873, 34.208432], [-118.510014, 34.208432], [-118.510326, 34.208432], [-118.510326, 34.208353]]}}, {"type": "Feature", "properties": {"GEOID": "06037407802", "durationMin": 6.8, "distKm": 0.81, "targetScore": 90, "walkMin": 2.5, "bikeMin": 0.8, "driveMin": 0.3}, "geometry": {"type": "LineString", "coordinates": [[-117.934738, 34.023432], [-117.934598, 34.023449], [-117.934432, 34.023512], [-117.934295, 34.023549], [-117.934121, 34.023554], [-117.933912, 34.023536], [-117.933689, 34.023525], [-117.93343, 34.023551], [-117.933297, 34.023572], [-117.933104, 34.023645], [-117.932922, 34.023738], [-117.932723, 34.02387], [-117.932629, 34.02397], [-117.932517, 34.02411], [-117.932434, 34.024254], [-117.932383, 34.024411], [-117.93234, 34.024664], [-117.932355, 34.024884], [-117.93245, 34.025142], [-117.932788, 34.025766], [-117.932963, 34.025966], [-117.933217, 34.026122], [-117.934222, 34.026517], [-117.934697, 34.02672], [-117.934902, 34.026869], [-117.934931, 34.0269], [-117.935618, 34.027599], [-117.93556, 34.02766], [-117.935502, 34.027721], [-117.935464, 34.027882], [-117.935445, 34.027965], [-117.933689, 34.027935], [-117.933493, 34.027922], [-117.933201, 34.027903], [-117.933069, 34.027934], [-117.931977, 34.027731], [-117.929102, 34.026892], [-117.928087, 34.026644], [-117.927376, 34.02647], [-117.924665, 34.025706], [-117.923411, 34.025348], [-117.922686, 34.025186], [-117.921989, 34.02509], [-117.921598, 34.025065], [-117.921118, 34.025009], [-117.919538, 34.024847], [-117.918431, 34.024731], [-117.918345, 34.024722], [-117.917904, 34.024675], [-117.91773, 34.024656], [-117.918465, 34.022934], [-117.918975, 34.021623], [-117.919149, 34.021178], [-117.919866, 34.019386], [-117.919876, 34.019359], [-117.920027, 34.018982], [-117.920124, 34.01874], [-117.920177, 34.018608], [-117.920437, 34.017878], [-117.920707, 34.017292], [-117.920773, 34.017147], [-117.920917, 34.017189], [-117.921567, 34.017375], [-117.922026, 34.017543], [-117.922816, 34.017833], [-117.923839, 34.018821], [-117.923995, 34.019039], [-117.924284, 34.019443], [-117.924941, 34.020198], [-117.925307, 34.020375], [-117.926274, 34.020403], [-117.926322, 34.020405], [-117.926653, 34.020306], [-117.926741, 34.020224], [-117.926897, 34.020078], [-117.926854, 34.020016]]}}, {"type": "Feature", "properties": {"GEOID": "06037800412", "durationMin": 1.5, "distKm": 0.83, "targetScore": 97, "walkMin": 26.6, "bikeMin": 8.9, "driveMin": 3.3}, "geometry": {"type": "LineString", "coordinates": [[-118.79313, 34.018236], [-118.793224, 34.018354], [-118.793346, 34.01844], [-118.793489, 34.018502], [-118.793623, 34.018537], [-118.793758, 34.018555], [-118.793877, 34.018573], [-118.794145, 34.018642], [-118.794191, 34.018658], [-118.794421, 34.018737], [-118.795021, 34.018993], [-118.795385, 34.019159], [-118.795656, 34.019282], [-118.796231, 34.019542], [-118.796298, 34.019604], [-118.796372, 34.019697], [-118.796451, 34.01983], [-118.796466, 34.019866], [-118.796479, 34.019916], [-118.796493, 34.020021], [-118.796317, 34.020043], [-118.796281, 34.020054], [-118.796257, 34.020066], [-118.796214, 34.020095], [-118.796199, 34.020108], [-118.796191, 34.020119], [-118.796178, 34.020147], [-118.796171, 34.020168], [-118.796168, 34.020182], [-118.796165, 34.020208], [-118.796162, 34.020259], [-118.796172, 34.020357], [-118.796199, 34.020485], [-118.7963, 34.020474], [-118.79668, 34.020449], [-118.796882, 34.020437], [-118.797054, 34.020443], [-118.797242, 34.020441], [-118.797314, 34.020438], [-118.797537, 34.020429], [-118.797598, 34.020426], [-118.798228, 34.020455], [-118.798659, 34.020506], [-118.799085, 34.020574], [-118.799253, 34.020608], [-118.799494, 34.020651], [-118.799905, 34.020751], [-118.800144, 34.020816], [-118.800606, 34.020947], [-118.801172, 34.021104], [-118.80148, 34.021191]]}}, {"type": "Feature", "properties": {"GEOID": "06037224702", "durationMin": 0.5, "distKm": 0.12, "targetScore": 96, "walkMin": 4.2, "bikeMin": 1.4, "driveMin": 0.5}, "geometry": {"type": "LineString", "coordinates": [[-118.27927, 34.024713], [-118.279257, 34.024733], [-118.278818, 34.02454], [-118.27857, 34.024436], [-118.278545, 34.024425], [-118.278435, 34.024376], [-118.278399, 34.024431]]}}, {"type": "Feature", "properties": {"GEOID": "06037403327", "durationMin": 3.7, "distKm": 1.18, "targetScore": 97, "walkMin": 13.0, "bikeMin": 4.3, "driveMin": 1.6}, "geometry": {"type": "LineString", "coordinates": [[-117.83259, 34.017203], [-117.831994, 34.016777], [-117.831606, 34.017172], [-117.831277, 34.017546], [-117.83095, 34.01788], [-117.830666, 34.018168], [-117.830353, 34.018487], [-117.830266, 34.018575], [-117.8293, 34.019559], [-117.829133, 34.019729], [-117.828989, 34.019872], [-117.828831, 34.020011], [-117.828669, 34.020139], [-117.828537, 34.020229], [-117.828334, 34.020287], [-117.828108, 34.020397], [-117.827558, 34.02067], [-117.827358, 34.020767], [-117.82742, 34.020848], [-117.827776, 34.021267], [-117.827916, 34.021423], [-117.828194, 34.021691], [-117.828554, 34.022015], [-117.828814, 34.022226], [-117.829263, 34.022624], [-117.82981, 34.023106], [-117.830651, 34.023816], [-117.831518, 34.024551], [-117.831794, 34.024799], [-117.831865, 34.024854], [-117.8324, 34.025248], [-117.832535, 34.025337], [-117.833201, 34.025773], [-117.833312, 34.025845], [-117.833639, 34.026058], [-117.833734, 34.026121], [-117.833762, 34.026138], [-117.834087, 34.026345], [-117.834335, 34.02649], [-117.834598, 34.026644], [-117.834757, 34.026738], [-117.834899, 34.026837], [-117.835196, 34.027064], [-117.835385, 34.027228], [-117.835406, 34.027246], [-117.835491, 34.02732], [-117.835618, 34.02745], [-117.835709, 34.027545], [-117.835891, 34.027733], [-117.836114, 34.028009], [-117.836285, 34.028259], [-117.836366, 34.028387], [-117.836569, 34.028729], [-117.836578, 34.028743], [-117.836604, 34.028788], [-117.83664, 34.028856], [-117.8368, 34.028799], [-117.836766, 34.028731], [-117.836742, 34.028683], [-117.836622, 34.028444], [-117.836455, 34.028175], [-117.836347, 34.028026], [-117.836228, 34.027861], [-117.835999, 34.027574], [-117.835948, 34.027437], [-117.835948, 34.027437]]}}, {"type": "Feature", "properties": {"GEOID": "06037270102", "durationMin": 0.2, "distKm": 0.08, "targetScore": 93, "walkMin": 1.1, "bikeMin": 0.4, "driveMin": 0.1}, "geometry": {"type": "LineString", "coordinates": [[-118.397999, 34.025842], [-118.397786, 34.025567], [-118.397576, 34.025295]]}}, {"type": "Feature", "properties": {"GEOID": "06037271703", "durationMin": 0.7, "distKm": 0.37, "targetScore": 91, "walkMin": 4.7, "bikeMin": 1.6, "driveMin": 0.6}, "geometry": {"type": "LineString", "coordinates": [[-118.414978, 34.022851], [-118.414146, 34.023272], [-118.413947, 34.023371], [-118.41388, 34.023406], [-118.413817, 34.023439], [-118.413626, 34.023545], [-118.412114, 34.02437], [-118.41196, 34.024485], [-118.411859, 34.024559], [-118.411745, 34.024644], [-118.411623, 34.024733], [-118.411694, 34.024831], [-118.4117, 34.024838], [-118.411843, 34.025022], [-118.411884, 34.025076], [-118.41194, 34.025147]]}}, {"type": "Feature", "properties": {"GEOID": "06037269909", "durationMin": 0.8, "distKm": 0.14, "targetScore": 95, "walkMin": 4.7, "bikeMin": 1.6, "driveMin": 0.6}, "geometry": {"type": "LineString", "coordinates": [[-118.410491, 34.025998], [-118.411089, 34.026776], [-118.41114, 34.026843], [-118.411612, 34.02659], [-118.411675, 34.026557], [-118.411733, 34.026526], [-118.412098, 34.026329], [-118.412055, 34.026272], [-118.412052, 34.026268]]}}, {"type": "Feature", "properties": {"GEOID": "06037271704", "durationMin": 0.8, "distKm": 0.25, "targetScore": 90, "walkMin": 4.7, "bikeMin": 1.6, "driveMin": 0.6}, "geometry": {"type": "LineString", "coordinates": [[-118.419728, 34.02878], [-118.41988, 34.02894], [-118.420612, 34.029853], [-118.420645, 34.029922], [-118.420646, 34.029966], [-118.420629, 34.030005], [-118.420559, 34.030097], [-118.420494, 34.030184], [-118.420718, 34.030336], [-118.420851, 34.030461], [-118.420903, 34.030523], [-118.420976, 34.030607], [-118.421077, 34.03055], [-118.421296, 34.030432], [-118.421432, 34.030355], [-118.421472, 34.030331], [-118.421556, 34.030283], [-118.42157, 34.030275]]}}, {"type": "Feature", "properties": {"GEOID": "06037191204", "durationMin": 0.9, "distKm": 0.25, "targetScore": 94, "walkMin": 0.9, "bikeMin": 0.3, "driveMin": 0.1}, "geometry": {"type": "LineString", "coordinates": [[-118.298415, 34.093066], [-118.298408, 34.091179], [-118.298408, 34.091144], [-118.298405, 34.090949], [-118.298405, 34.090938], [-118.298403, 34.090847], [-118.298019, 34.090852], [-118.297962, 34.090852], [-118.297887, 34.090852], [-118.297821, 34.090852], [-118.297577, 34.090852], [-118.29738, 34.090852], [-118.297381, 34.090899]]}}, {"type": "Feature", "properties": {"GEOID": "06037900501", "durationMin": 3.2, "distKm": 0.91, "targetScore": 96, "walkMin": 1.4, "bikeMin": 0.5, "driveMin": 0.2}, "geometry": {"type": "LineString", "coordinates": [[-118.120517, 34.684069], [-118.12052, 34.68477], [-118.119631, 34.684793], [-118.119621, 34.68549], [-118.118762, 34.685493], [-118.117044, 34.68549], [-118.117064, 34.686211], [-118.116479, 34.686214], [-118.115534, 34.686206], [-118.11464, 34.686225], [-118.114645, 34.686704], [-118.113649, 34.686725], [-118.113251, 34.686742], [-118.112626, 34.686734], [-118.112616, 34.687144], [-118.112616, 34.687608], [-118.112624, 34.688297], [-118.112627, 34.688493], [-118.1127, 34.688493]]}}, {"type": "Feature", "properties": {"GEOID": "06037900504", "durationMin": 2.9, "distKm": 1.43, "targetScore": 94, "walkMin": 10.6, "bikeMin": 3.5, "driveMin": 1.3}, "geometry": {"type": "LineString", "coordinates": [[-118.102588, 34.660516], [-118.103382, 34.660514], [-118.107552, 34.660503], [-118.110621, 34.66048], [-118.110858, 34.660515], [-118.111204, 34.66052], [-118.111488, 34.660509], [-118.111807, 34.660483], [-118.111917, 34.660484], [-118.111946, 34.660491], [-118.112042, 34.660525], [-118.112101, 34.660559], [-118.11212, 34.660581], [-118.112144, 34.6606], [-118.112167, 34.660711], [-118.112171, 34.660735], [-118.112192, 34.660886], [-118.112231, 34.661632], [-118.112273, 34.661742], [-118.112283, 34.66411], [-118.112295, 34.66515], [-118.112325, 34.667766], [-118.112351, 34.669023], [-118.112353, 34.669536], [-118.112371, 34.67136], [-118.112379, 34.672586], [-118.112383, 34.672827], [-118.112399, 34.674049], [-118.112402, 34.674433], [-118.112401, 34.674838], [-118.112402, 34.674946], [-118.112212, 34.674941], [-118.111712, 34.67493], [-118.111539, 34.674935], [-118.111226, 34.674939], [-118.110774, 34.674946], [-118.110626, 34.674998], [-118.110625, 34.67494]]}}, {"type": "Feature", "properties": {"GEOID": "06037134422", "durationMin": 1.1, "distKm": 0.15, "targetScore": 97, "walkMin": 11.4, "bikeMin": 3.8, "driveMin": 1.4}, "geometry": {"type": "LineString", "coordinates": [[-118.630524, 34.20246], [-118.630524, 34.202312], [-118.630298, 34.202313], [-118.630073, 34.202312], [-118.629602, 34.202313], [-118.629579, 34.202313], [-118.629479, 34.202315], [-118.629479, 34.202249], [-118.629481, 34.201442], [-118.629481, 34.201217], [-118.629484, 34.201145], [-118.629485, 34.201119], [-118.629501, 34.200987], [-118.62959, 34.201001], [-118.629757, 34.201008], [-118.630208, 34.201009], [-118.630506, 34.201007], [-118.630692, 34.201006], [-118.630817, 34.201006], [-118.630967, 34.201007], [-118.631023, 34.201008], [-118.631096, 34.201026], [-118.631145, 34.201057], [-118.631187, 34.201099], [-118.631227, 34.201154]]}}, {"type": "Feature", "properties": {"GEOID": "06037134520", "durationMin": 0.7, "distKm": 0.21, "targetScore": 97, "walkMin": 8.1, "bikeMin": 2.7, "driveMin": 1.0}, "geometry": {"type": "LineString", "coordinates": [[-118.599658, 34.198294], [-118.599664, 34.199147], [-118.599664, 34.199216], [-118.60019, 34.199217], [-118.600203, 34.199217], [-118.600286, 34.199217], [-118.600287, 34.199287], [-118.600287, 34.1993], [-118.600294, 34.199621], [-118.600292, 34.199783], [-118.600292, 34.200164]]}}, {"type": "Feature", "properties": {"GEOID": "06037576403", "durationMin": 4.6, "distKm": 1.86, "targetScore": 98, "walkMin": 9.3, "bikeMin": 3.1, "driveMin": 1.2}, "geometry": {"type": "LineString", "coordinates": [[-118.169815, 33.778973], [-118.169815, 33.778971], [-118.16965, 33.77897], [-118.169297, 33.778969], [-118.169031, 33.77897], [-118.168719, 33.778971], [-118.168516, 33.778971], [-118.168214, 33.778971], [-118.168079, 33.778971], [-118.167658, 33.778971], [-118.167292, 33.778971], [-118.166811, 33.778971], [-118.166573, 33.778971], [-118.166287, 33.77897], [-118.166035, 33.778968], [-118.16579, 33.77897], [-118.165475, 33.778971], [-118.16521, 33.778972], [-118.164944, 33.778973], [-118.164699, 33.778972], [-118.164396, 33.778971], [-118.163848, 33.778971], [-118.16332, 33.778971], [-118.163321, 33.77945], [-118.163321, 33.779923], [-118.163323, 33.780722], [-118.163322, 33.780778], [-118.163323, 33.78086], [-118.16332, 33.782108], [-118.163318, 33.782505], [-118.163318, 33.782605], [-118.163318, 33.782725], [-118.163317, 33.783097], [-118.163331, 33.784428], [-118.163333, 33.784873], [-118.16333, 33.785329], [-118.163328, 33.785776], [-118.163323, 33.786235], [-118.163315, 33.788037], [-118.163315, 33.789621], [-118.163316, 33.789747], [-118.163315, 33.789863], [-118.163244, 33.789862], [-118.162829, 33.789859], [-118.162774, 33.789859], [-118.162629, 33.789859], [-118.162562, 33.789859], [-118.16229, 33.78986], [-118.162231, 33.78986], [-118.162023, 33.78986], [-118.161857, 33.78986], [-118.161675, 33.78986], [-118.161381, 33.789859], [-118.161221, 33.789859], [-118.161178, 33.789859], [-118.161107, 33.789859], [-118.160779, 33.789859], [-118.160488, 33.789859], [-118.16017, 33.789859], [-118.160032, 33.789859], [-118.159764, 33.789858], [-118.15973, 33.789858], [-118.15956, 33.789857], [-118.159421, 33.789856], [-118.159212, 33.789855], [-118.158936, 33.789854], [-118.158508, 33.789856], [-118.158402, 33.789857], [-118.158288, 33.789857], [-118.158101, 33.789858], [-118.15784, 33.789859], [-118.157631, 33.789858], [-118.157576, 33.789858], [-118.157415, 33.789858], [-118.15731, 33.789857], [-118.156757, 33.789855], [-118.156422, 33.789855], [-118.156215, 33.789855], [-118.15567, 33.789854], [-118.155421, 33.789855], [-118.155364, 33.789855], [-118.155179, 33.789857], [-118.155134, 33.789857], [-118.155027, 33.789856], [-118.154589, 33.789857], [-118.154589, 33.789931]]}}, {"type": "Feature", "properties": {"GEOID": "06037576502", "durationMin": 6.6, "distKm": 2.56, "targetScore": 90, "walkMin": 37.6, "bikeMin": 12.5, "driveMin": 4.7}, "geometry": {"type": "LineString", "coordinates": [[-118.174254, 33.771918], [-118.174254, 33.771992], [-118.174727, 33.771999], [-118.174726, 33.773054], [-118.174727, 33.773193], [-118.174724, 33.773574], [-118.174725, 33.773665], [-118.174726, 33.773809], [-118.174729, 33.774148], [-118.174824, 33.774147], [-118.175759, 33.774147], [-118.176253, 33.774145], [-118.176289, 33.774144], [-118.176351, 33.774143], [-118.176355, 33.774657], [-118.176358, 33.775148], [-118.176354, 33.775239], [-118.176353, 33.775354], [-118.176352, 33.775461], [-118.176354, 33.775559], [-118.176353, 33.775835], [-118.176353, 33.775972], [-118.176357, 33.776215], [-118.176355, 33.776726], [-118.176353, 33.77723], [-118.17635, 33.777658], [-118.17634, 33.777934], [-118.176335, 33.778059], [-118.176337, 33.778401], [-118.176338, 33.778516], [-118.176352, 33.77872], [-118.176355, 33.778886], [-118.176357, 33.778985], [-118.176357, 33.779062], [-118.176357, 33.779494], [-118.176355, 33.780802], [-118.176341, 33.781189], [-118.176348, 33.781524], [-118.176337, 33.781969], [-118.176337, 33.782143], [-118.17635, 33.782303], [-118.176352, 33.782611], [-118.17657, 33.782611], [-118.176617, 33.782612], [-118.176725, 33.782614], [-118.177076, 33.782615], [-118.177379, 33.782611], [-118.177567, 33.782615], [-118.177963, 33.782613], [-118.178468, 33.782612], [-118.178537, 33.782614], [-118.17868, 33.782612], [-118.179034, 33.782617], [-118.179278, 33.782613], [-118.179472, 33.782613], [-118.179563, 33.782613], [-118.179689, 33.78261], [-118.180074, 33.782612], [-118.18023, 33.782614], [-118.180361, 33.782613], [-118.180418, 33.782612], [-118.180698, 33.782613], [-118.180693, 33.783029], [-118.180693, 33.783066], [-118.180693, 33.783158], [-118.180692, 33.784382], [-118.180693, 33.78445], [-118.180693, 33.784879], [-118.180693, 33.785779], [-118.180692, 33.78603], [-118.180691, 33.786214], [-118.180689, 33.787139], [-118.180676, 33.788046], [-118.180664, 33.788697], [-118.180668, 33.78936], [-118.180667, 33.789566], [-118.180666, 33.789866], [-118.181163, 33.789865], [-118.181258, 33.789867], [-118.181604, 33.78987], [-118.181769, 33.78987], [-118.181884, 33.789868], [-118.182084, 33.789869], [-118.18232, 33.789866], [-118.182666, 33.789869], [-118.182859, 33.789871], [-118.183159, 33.78987], [-118.183431, 33.789867], [-118.183695, 33.789868], [-118.183966, 33.78987], [-118.184507, 33.789869], [-118.185023, 33.789868], [-118.185603, 33.789867], [-118.185637, 33.789867], [-118.185898, 33.789867], [-118.186131, 33.789869], [-118.186382, 33.789866], [-118.186639, 33.789869], [-118.186694, 33.789871], [-118.187207, 33.789869], [-118.187536, 33.789869], [-118.187771, 33.789868], [-118.188141, 33.789868], [-118.188657, 33.789868], [-118.188713, 33.789868], [-118.188932, 33.789871], [-118.189142, 33.789869], [-118.189177, 33.789868], [-118.18926, 33.789869], [-118.189345, 33.789868], [-118.189432, 33.789869], [-118.189495, 33.789868], [-118.189605, 33.789868], [-118.189637, 33.789868], [-118.190272, 33.789868], [-118.190535, 33.789868], [-118.190603, 33.789868], [-118.190796, 33.789869], [-118.1911, 33.78987], [-118.191316, 33.78987], [-118.191567, 33.789871]]}}, {"type": "Feature", "properties": {"GEOID": "06037576602", "durationMin": 8.0, "distKm": 3.3, "targetScore": 98, "walkMin": 36.7, "bikeMin": 12.2, "driveMin": 4.6}, "geometry": {"type": "LineString", "coordinates": [[-118.171612, 33.76398], [-118.171625, 33.764047], [-118.1717, 33.764173], [-118.171762, 33.764199], [-118.172512, 33.764364], [-118.172556, 33.76438], [-118.172564, 33.764411], [-118.172471, 33.764912], [-118.172449, 33.765028], [-118.172272, 33.765003], [-118.172112, 33.764982], [-118.172023, 33.76497], [-118.171564, 33.764911], [-118.171269, 33.76487], [-118.170662, 33.764791], [-118.170468, 33.764768], [-118.170306, 33.764746], [-118.17021, 33.764735], [-118.170137, 33.764726], [-118.170038, 33.764712], [-118.169761, 33.764673], [-118.169503, 33.764637], [-118.168883, 33.76456], [-118.168746, 33.764542], [-118.168649, 33.764531], [-118.168533, 33.764514], [-118.16842, 33.764499], [-118.168342, 33.764488], [-118.168177, 33.764466], [-118.167854, 33.764427], [-118.167572, 33.764387], [-118.167246, 33.764326], [-118.166886, 33.76425], [-118.166732, 33.764218], [-118.166638, 33.764199], [-118.166604, 33.76431], [-118.166473, 33.764754], [-118.166321, 33.76528], [-118.166292, 33.76537], [-118.166159, 33.765812], [-118.166016, 33.766282], [-118.165994, 33.766355], [-118.165983, 33.766401], [-118.165977, 33.766424], [-118.165852, 33.766854], [-118.165824, 33.766942], [-118.165796, 33.767037], [-118.165756, 33.76718], [-118.165698, 33.767379], [-118.165653, 33.767528], [-118.165496, 33.768004], [-118.165478, 33.768066], [-118.16544, 33.768179], [-118.165402, 33.768319], [-118.165364, 33.768439], [-118.165319, 33.768624], [-118.165304, 33.768672], [-118.165224, 33.768939], [-118.165121, 33.769296], [-118.164939, 33.769907], [-118.16476, 33.77048], [-118.164657, 33.770823], [-118.164511, 33.77129], [-118.164411, 33.771638], [-118.164387, 33.771723], [-118.164357, 33.771808], [-118.164283, 33.772058], [-118.164278, 33.77208], [-118.164254, 33.772184], [-118.164155, 33.772507], [-118.164136, 33.772569], [-118.164114, 33.772643], [-118.164096, 33.772701], [-118.16384, 33.773549], [-118.163717, 33.773977], [-118.163564, 33.77447], [-118.163447, 33.774874], [-118.163399, 33.775007], [-118.163338, 33.775233], [-118.163316, 33.775352], [-118.163311, 33.775464], [-118.163308, 33.775636], [-118.163314, 33.775745], [-118.163314, 33.775836], [-118.163303, 33.777082], [-118.163306, 33.777179], [-118.163304, 33.777242], [-118.16332, 33.778971], [-118.163321, 33.77945], [-118.163321, 33.779923], [-118.163323, 33.780722], [-118.163322, 33.780778], [-118.163323, 33.78086], [-118.16332, 33.782108], [-118.163318, 33.782505], [-118.163318, 33.782605], [-118.163318, 33.782725], [-118.163317, 33.783097], [-118.163331, 33.784428], [-118.163333, 33.784873], [-118.16333, 33.785329], [-118.163328, 33.785776], [-118.163323, 33.786235], [-118.163315, 33.788037], [-118.163315, 33.789621], [-118.163316, 33.789747], [-118.163315, 33.789863], [-118.163244, 33.789862], [-118.162829, 33.789859], [-118.162774, 33.789859], [-118.162629, 33.789859], [-118.162562, 33.789859], [-118.16229, 33.78986], [-118.162231, 33.78986], [-118.162023, 33.78986], [-118.161857, 33.78986], [-118.161675, 33.78986], [-118.161381, 33.789859], [-118.161221, 33.789859], [-118.161178, 33.789859], [-118.161107, 33.789859], [-118.160779, 33.789859], [-118.160488, 33.789859], [-118.16017, 33.789859], [-118.160032, 33.789859], [-118.159764, 33.789858], [-118.15973, 33.789858], [-118.15956, 33.789857], [-118.159421, 33.789856], [-118.159212, 33.789855], [-118.158936, 33.789854], [-118.158508, 33.789856], [-118.158402, 33.789857], [-118.158288, 33.789857], [-118.158101, 33.789858], [-118.15784, 33.789859], [-118.157631, 33.789858], [-118.157576, 33.789858], [-118.157415, 33.789858], [-118.15731, 33.789857], [-118.156757, 33.789855], [-118.156422, 33.789855], [-118.156215, 33.789855], [-118.15567, 33.789854], [-118.155421, 33.789855], [-118.155364, 33.789855], [-118.155179, 33.789857], [-118.155134, 33.789857], [-118.155027, 33.789856], [-118.154589, 33.789857], [-118.154589, 33.789931]]}}, {"type": "Feature", "properties": {"GEOID": "06037576700", "durationMin": 5.2, "distKm": 4.17, "targetScore": 98, "walkMin": 37.6, "bikeMin": 12.5, "driveMin": 4.7}, "geometry": {"type": "LineString", "coordinates": [[-118.157063, 33.761918], [-118.156273, 33.761751], [-118.156177, 33.761734], [-118.156087, 33.761716], [-118.154516, 33.761382], [-118.154423, 33.761365], [-118.153242, 33.76112], [-118.15277, 33.761018], [-118.152659, 33.761002], [-118.152634, 33.761106], [-118.152471, 33.761694], [-118.152275, 33.762322], [-118.15214, 33.762733], [-118.15213, 33.762773], [-118.152127, 33.762823], [-118.152136, 33.762874], [-118.152178, 33.762986], [-118.152365, 33.763386], [-118.152376, 33.763409], [-118.152418, 33.763505], [-118.15243, 33.763583], [-118.152433, 33.763606], [-118.15243, 33.763829], [-118.152427, 33.764163], [-118.152428, 33.764359], [-118.152429, 33.764453], [-118.152429, 33.76454], [-118.152428, 33.764969], [-118.152429, 33.765617], [-118.15243, 33.766272], [-118.152429, 33.766341], [-118.152426, 33.766625], [-118.152412, 33.767829], [-118.152414, 33.768017], [-118.152415, 33.768089], [-118.152415, 33.768155], [-118.152417, 33.768358], [-118.152418, 33.768413], [-118.152422, 33.768616], [-118.152425, 33.769163], [-118.152433, 33.769905], [-118.152425, 33.770303], [-118.152426, 33.770528], [-118.152422, 33.770792], [-118.152419, 33.771225], [-118.152418, 33.771396], [-118.152416, 33.771507], [-118.152418, 33.771633], [-118.152419, 33.771704], [-118.152418, 33.771796], [-118.152414, 33.773331], [-118.152414, 33.773458], [-118.152414, 33.77354], [-118.152414, 33.7736], [-118.152415, 33.774128], [-118.152415, 33.774394], [-118.152415, 33.774701], [-118.152415, 33.774809], [-118.152416, 33.775017], [-118.152415, 33.775232], [-118.152415, 33.77534], [-118.152414, 33.77546], [-118.152415, 33.775523], [-118.152414, 33.775701], [-118.152414, 33.775731], [-118.152412, 33.77628], [-118.152419, 33.777151], [-118.152422, 33.778763], [-118.152423, 33.77897], [-118.15242, 33.779152], [-118.15242, 33.779191], [-118.15242, 33.779399], [-118.152425, 33.780487], [-118.152428, 33.780794], [-118.152428, 33.781016], [-118.152429, 33.781166], [-118.15243, 33.781354], [-118.152431, 33.781394], [-118.152431, 33.781424], [-118.152432, 33.781912], [-118.152429, 33.782136], [-118.152422, 33.782493], [-118.152421, 33.782604], [-118.152424, 33.782716], [-118.152423, 33.783014], [-118.152423, 33.783095], [-118.152423, 33.783147], [-118.15242, 33.78385], [-118.15242, 33.784369], [-118.152423, 33.785558], [-118.152423, 33.78578], [-118.152424, 33.786011], [-118.152427, 33.786686], [-118.152417, 33.787583], [-118.152419, 33.788068], [-118.152388, 33.788135], [-118.152387, 33.788255], [-118.152375, 33.78837], [-118.152357, 33.788462], [-118.15233, 33.788553], [-118.152286, 33.788666], [-118.152289, 33.788747], [-118.152215, 33.788838], [-118.152111, 33.788977], [-118.151992, 33.789154], [-118.151904, 33.789342], [-118.151855, 33.789526], [-118.151844, 33.789627], [-118.151841, 33.789663], [-118.151838, 33.789727], [-118.151828, 33.789853], [-118.151993, 33.789852], [-118.15212, 33.789851], [-118.152371, 33.78985], [-118.15245, 33.78985], [-118.152545, 33.78985], [-118.152947, 33.789851], [-118.152979, 33.789851], [-118.15316, 33.789853], [-118.153276, 33.789854], [-118.153389, 33.789854], [-118.15349, 33.789855], [-118.153551, 33.789855], [-118.154023, 33.789856], [-118.154051, 33.789856], [-118.154105, 33.789856], [-118.154589, 33.789857], [-118.154589, 33.789931]]}}, {"type": "Feature", "properties": {"GEOID": "06037576801", "durationMin": 4.7, "distKm": 2.23, "targetScore": 98, "walkMin": 37.6, "bikeMin": 12.5, "driveMin": 4.7}, "geometry": {"type": "LineString", "coordinates": [[-118.16442, 33.771607], [-118.164411, 33.771638], [-118.164387, 33.771723], [-118.164357, 33.771808], [-118.164283, 33.772058], [-118.164278, 33.77208], [-118.164254, 33.772184], [-118.164155, 33.772507], [-118.164136, 33.772569], [-118.164114, 33.772643], [-118.164096, 33.772701], [-118.16384, 33.773549], [-118.163717, 33.773977], [-118.163564, 33.77447], [-118.163447, 33.774874], [-118.163399, 33.775007], [-118.163338, 33.775233], [-118.163316, 33.775352], [-118.163311, 33.775464], [-118.163308, 33.775636], [-118.163314, 33.775745], [-118.163314, 33.775836], [-118.163303, 33.777082], [-118.163306, 33.777179], [-118.163304, 33.777242], [-118.16332, 33.778971], [-118.163321, 33.77945], [-118.163321, 33.779923], [-118.163323, 33.780722], [-118.163322, 33.780778], [-118.163323, 33.78086], [-118.16332, 33.782108], [-118.163318, 33.782505], [-118.163318, 33.782605], [-118.163318, 33.782725], [-118.163317, 33.783097], [-118.163331, 33.784428], [-118.163333, 33.784873], [-118.16333, 33.785329], [-118.163328, 33.785776], [-118.163323, 33.786235], [-118.163315, 33.788037], [-118.163315, 33.789621], [-118.163316, 33.789747], [-118.163315, 33.789863], [-118.163244, 33.789862], [-118.162829, 33.789859], [-118.162774, 33.789859], [-118.162629, 33.789859], [-118.162562, 33.789859], [-118.16229, 33.78986], [-118.162231, 33.78986], [-118.162023, 33.78986], [-118.161857, 33.78986], [-118.161675, 33.78986], [-118.161381, 33.789859], [-118.161221, 33.789859], [-118.161178, 33.789859], [-118.161107, 33.789859], [-118.160779, 33.789859], [-118.160488, 33.789859], [-118.16017, 33.789859], [-118.160032, 33.789859], [-118.159764, 33.789858], [-118.15973, 33.789858], [-118.15956, 33.789857], [-118.159421, 33.789856], [-118.159212, 33.789855], [-118.158936, 33.789854], [-118.158508, 33.789856], [-118.158402, 33.789857], [-118.158288, 33.789857], [-118.158101, 33.789858], [-118.15784, 33.789859], [-118.157631, 33.789858], [-118.157576, 33.789858], [-118.157415, 33.789858], [-118.15731, 33.789857], [-118.156757, 33.789855], [-118.156422, 33.789855], [-118.156215, 33.789855], [-118.15567, 33.789854], [-118.155421, 33.789855], [-118.155364, 33.789855], [-118.155179, 33.789857], [-118.155134, 33.789857], [-118.155027, 33.789856], [-118.154589, 33.789857], [-118.154589, 33.789931]]}}, {"type": "Feature", "properties": {"GEOID": "06037576802", "durationMin": 4.0, "distKm": 2.04, "targetScore": 98, "walkMin": 37.6, "bikeMin": 12.5, "driveMin": 4.7}, "geometry": {"type": "LineString", "coordinates": [[-118.157726, 33.771707], [-118.157179, 33.771709], [-118.156956, 33.771709], [-118.156865, 33.77171], [-118.156769, 33.77171], [-118.156657, 33.77171], [-118.156222, 33.771705], [-118.155679, 33.771706], [-118.155141, 33.771705], [-118.154915, 33.771706], [-118.154692, 33.771707], [-118.154598, 33.771708], [-118.154523, 33.771708], [-118.153511, 33.771711], [-118.152861, 33.771704], [-118.152706, 33.771704], [-118.152557, 33.771704], [-118.152419, 33.771704], [-118.152418, 33.771796], [-118.152414, 33.773331], [-118.152414, 33.773458], [-118.152414, 33.77354], [-118.152414, 33.7736], [-118.152415, 33.774128], [-118.152415, 33.774394], [-118.152415, 33.774701], [-118.152415, 33.774809], [-118.152416, 33.775017], [-118.152415, 33.775232], [-118.152415, 33.77534], [-118.152414, 33.77546], [-118.152415, 33.775523], [-118.152414, 33.775701], [-118.152414, 33.775731], [-118.152412, 33.77628], [-118.152419, 33.777151], [-118.152422, 33.778763], [-118.152423, 33.77897], [-118.15242, 33.779152], [-118.15242, 33.779191], [-118.15242, 33.779399], [-118.152425, 33.780487], [-118.152428, 33.780794], [-118.152428, 33.781016], [-118.152429, 33.781166], [-118.15243, 33.781354], [-118.152431, 33.781394], [-118.152431, 33.781424], [-118.152432, 33.781912], [-118.152429, 33.782136], [-118.152422, 33.782493], [-118.152421, 33.782604], [-118.152424, 33.782716], [-118.152423, 33.783014], [-118.152423, 33.783095], [-118.152423, 33.783147], [-118.15242, 33.78385], [-118.15242, 33.784369], [-118.152423, 33.785558], [-118.152423, 33.78578], [-118.152424, 33.786011], [-118.152427, 33.786686], [-118.152417, 33.787583], [-118.152419, 33.788068], [-118.152388, 33.788135], [-118.152387, 33.788255], [-118.152375, 33.78837], [-118.152357, 33.788462], [-118.15233, 33.788553], [-118.152286, 33.788666], [-118.152289, 33.788747], [-118.152215, 33.788838], [-118.152111, 33.788977], [-118.151992, 33.789154], [-118.151904, 33.789342], [-118.151855, 33.789526], [-118.151844, 33.789627], [-118.151841, 33.789663], [-118.151838, 33.789727], [-118.151828, 33.789853], [-118.151993, 33.789852], [-118.15212, 33.789851], [-118.152371, 33.78985], [-118.15245, 33.78985], [-118.152545, 33.78985], [-118.152947, 33.789851], [-118.152979, 33.789851], [-118.15316, 33.789853], [-118.153276, 33.789854], [-118.153389, 33.789854], [-118.15349, 33.789855], [-118.153551, 33.789855], [-118.154023, 33.789856], [-118.154051, 33.789856], [-118.154105, 33.789856], [-118.154589, 33.789857], [-118.154589, 33.789931]]}}, {"type": "Feature", "properties": {"GEOID": "06037576901", "durationMin": 3.5, "distKm": 1.51, "targetScore": 98, "walkMin": 9.3, "bikeMin": 3.1, "driveMin": 1.2}, "geometry": {"type": "LineString", "coordinates": [[-118.164633, 33.778972], [-118.164396, 33.778971], [-118.163848, 33.778971], [-118.16332, 33.778971], [-118.163321, 33.77945], [-118.163321, 33.779923], [-118.163323, 33.780722], [-118.163322, 33.780778], [-118.163323, 33.78086], [-118.16332, 33.782108], [-118.163318, 33.782505], [-118.163318, 33.782605], [-118.163318, 33.782725], [-118.163317, 33.783097], [-118.163331, 33.784428], [-118.163333, 33.784873], [-118.16333, 33.785329], [-118.163328, 33.785776], [-118.163323, 33.786235], [-118.163315, 33.788037], [-118.163315, 33.789621], [-118.163316, 33.789747], [-118.163315, 33.789863], [-118.163244, 33.789862], [-118.162829, 33.789859], [-118.162774, 33.789859], [-118.162629, 33.789859], [-118.162562, 33.789859], [-118.16229, 33.78986], [-118.162231, 33.78986], [-118.162023, 33.78986], [-118.161857, 33.78986], [-118.161675, 33.78986], [-118.161381, 33.789859], [-118.161221, 33.789859], [-118.161178, 33.789859], [-118.161107, 33.789859], [-118.160779, 33.789859], [-118.160488, 33.789859], [-118.16017, 33.789859], [-118.160032, 33.789859], [-118.159764, 33.789858], [-118.15973, 33.789858], [-118.15956, 33.789857], [-118.159421, 33.789856], [-118.159212, 33.789855], [-118.158936, 33.789854], [-118.158508, 33.789856], [-118.158402, 33.789857], [-118.158288, 33.789857], [-118.158101, 33.789858], [-118.15784, 33.789859], [-118.157631, 33.789858], [-118.157576, 33.789858], [-118.157415, 33.789858], [-118.15731, 33.789857], [-118.156757, 33.789855], [-118.156422, 33.789855], [-118.156215, 33.789855], [-118.15567, 33.789854], [-118.155421, 33.789855], [-118.155364, 33.789855], [-118.155179, 33.789857], [-118.155134, 33.789857], [-118.155027, 33.789856], [-118.154589, 33.789857], [-118.154589, 33.789931]]}}, {"type": "Feature", "properties": {"GEOID": "06037577000", "durationMin": 3.8, "distKm": 1.81, "targetScore": 96, "walkMin": 16.3, "bikeMin": 5.4, "driveMin": 2.0}, "geometry": {"type": "LineString", "coordinates": [[-118.141164, 33.77673], [-118.141164, 33.77673], [-118.141184, 33.776745], [-118.141453, 33.776758], [-118.141475, 33.776759], [-118.141568, 33.776765], [-118.14157, 33.777042], [-118.141571, 33.777158], [-118.141569, 33.77727], [-118.141575, 33.77871], [-118.141571, 33.778967], [-118.142031, 33.778971], [-118.142452, 33.77897], [-118.14265, 33.778972], [-118.143185, 33.778971], [-118.143732, 33.778971], [-118.144279, 33.778969], [-118.144825, 33.778973], [-118.145828, 33.778971], [-118.145908, 33.778971], [-118.145985, 33.778971], [-118.146471, 33.778971], [-118.146522, 33.778971], [-118.146973, 33.778973], [-118.147139, 33.778973], [-118.147538, 33.778973], [-118.148115, 33.778973], [-118.148204, 33.778973], [-118.148287, 33.778973], [-118.148609, 33.778974], [-118.149161, 33.778971], [-118.150252, 33.77897], [-118.150788, 33.778969], [-118.151332, 33.778969], [-118.151855, 33.778969], [-118.152423, 33.77897], [-118.15242, 33.779152], [-118.15242, 33.779191], [-118.15242, 33.779399], [-118.152425, 33.780487], [-118.152428, 33.780794], [-118.152428, 33.781016], [-118.152429, 33.781166], [-118.15243, 33.781354], [-118.152431, 33.781394], [-118.152431, 33.781424], [-118.152432, 33.781912], [-118.152429, 33.782136], [-118.152422, 33.782493], [-118.152421, 33.782604], [-118.152424, 33.782716], [-118.152423, 33.783014], [-118.152423, 33.783095], [-118.152423, 33.783147], [-118.15242, 33.78385], [-118.15242, 33.784369], [-118.152423, 33.785558], [-118.152423, 33.78578], [-118.152424, 33.786011], [-118.152427, 33.786686], [-118.152417, 33.787583], [-118.152419, 33.788068], [-118.152388, 33.788135], [-118.152387, 33.788255], [-118.152375, 33.78837], [-118.152357, 33.788462], [-118.15233, 33.788553], [-118.152286, 33.788666], [-118.152289, 33.788747], [-118.152215, 33.788838], [-118.152111, 33.788977], [-118.151992, 33.789154], [-118.151904, 33.789342], [-118.151855, 33.789526], [-118.151844, 33.789627], [-118.151841, 33.789663], [-118.151838, 33.789727], [-118.151828, 33.789853], [-118.151827, 33.78994]]}}, {"type": "Feature", "properties": {"GEOID": "06037577100", "durationMin": 3.5, "distKm": 2.16, "targetScore": 96, "walkMin": 39.9, "bikeMin": 13.3, "driveMin": 5.0}, "geometry": {"type": "LineString", "coordinates": [[-118.148089, 33.770793], [-118.148085, 33.77163], [-118.148085, 33.771713], [-118.150255, 33.771711], [-118.150713, 33.771706], [-118.15111, 33.771706], [-118.151343, 33.771707], [-118.151605, 33.771703], [-118.151963, 33.771703], [-118.152308, 33.771704], [-118.152419, 33.771704], [-118.152418, 33.771796], [-118.152414, 33.773331], [-118.152414, 33.773458], [-118.152414, 33.77354], [-118.152414, 33.7736], [-118.152415, 33.774128], [-118.152415, 33.774394], [-118.152415, 33.774701], [-118.152415, 33.774809], [-118.152416, 33.775017], [-118.152415, 33.775232], [-118.152415, 33.77534], [-118.152414, 33.77546], [-118.152415, 33.775523], [-118.152414, 33.775701], [-118.152414, 33.775731], [-118.152412, 33.77628], [-118.152419, 33.777151], [-118.152422, 33.778763], [-118.152423, 33.77897], [-118.15242, 33.779152], [-118.15242, 33.779191], [-118.15242, 33.779399], [-118.152425, 33.780487], [-118.152428, 33.780794], [-118.152428, 33.781016], [-118.152429, 33.781166], [-118.15243, 33.781354], [-118.152431, 33.781394], [-118.152431, 33.781424], [-118.152432, 33.781912], [-118.152429, 33.782136], [-118.152422, 33.782493], [-118.152421, 33.782604], [-118.152424, 33.782716], [-118.152423, 33.783014], [-118.152423, 33.783095], [-118.152423, 33.783147], [-118.15242, 33.78385], [-118.15242, 33.784369], [-118.152423, 33.785558], [-118.152423, 33.78578], [-118.152424, 33.786011], [-118.152427, 33.786686], [-118.152417, 33.787583], [-118.152419, 33.788068], [-118.152388, 33.788135], [-118.152387, 33.788255], [-118.152375, 33.78837], [-118.152357, 33.788462], [-118.15233, 33.788553], [-118.152286, 33.788666], [-118.152289, 33.788747], [-118.152215, 33.788838], [-118.152111, 33.788977], [-118.151992, 33.789154], [-118.151904, 33.789342], [-118.151855, 33.789526], [-118.151844, 33.789627], [-118.151841, 33.789663], [-118.151838, 33.789727], [-118.151828, 33.789853], [-118.151827, 33.78994]]}}, {"type": "Feature", "properties": {"GEOID": "06037577200", "durationMin": 5.0, "distKm": 4.17, "targetScore": 98, "walkMin": 39.9, "bikeMin": 13.3, "driveMin": 5.0}, "geometry": {"type": "LineString", "coordinates": [[-118.155881, 33.761672], [-118.154516, 33.761382], [-118.154423, 33.761365], [-118.153242, 33.76112], [-118.15277, 33.761018], [-118.152659, 33.761002], [-118.152634, 33.761106], [-118.152471, 33.761694], [-118.152275, 33.762322], [-118.15214, 33.762733], [-118.15213, 33.762773], [-118.152127, 33.762823], [-118.152136, 33.762874], [-118.152178, 33.762986], [-118.152365, 33.763386], [-118.152376, 33.763409], [-118.152418, 33.763505], [-118.15243, 33.763583], [-118.152433, 33.763606], [-118.15243, 33.763829], [-118.152427, 33.764163], [-118.152428, 33.764359], [-118.152429, 33.764453], [-118.152429, 33.76454], [-118.152428, 33.764969], [-118.152429, 33.765617], [-118.15243, 33.766272], [-118.152429, 33.766341], [-118.152426, 33.766625], [-118.152412, 33.767829], [-118.152414, 33.768017], [-118.152415, 33.768089], [-118.152415, 33.768155], [-118.152417, 33.768358], [-118.152418, 33.768413], [-118.152422, 33.768616], [-118.152425, 33.769163], [-118.152433, 33.769905], [-118.152425, 33.770303], [-118.152426, 33.770528], [-118.152422, 33.770792], [-118.152419, 33.771225], [-118.152418, 33.771396], [-118.152416, 33.771507], [-118.152418, 33.771633], [-118.152419, 33.771704], [-118.152418, 33.771796], [-118.152414, 33.773331], [-118.152414, 33.773458], [-118.152414, 33.77354], [-118.152414, 33.7736], [-118.152415, 33.774128], [-118.152415, 33.774394], [-118.152415, 33.774701], [-118.152415, 33.774809], [-118.152416, 33.775017], [-118.152415, 33.775232], [-118.152415, 33.77534], [-118.152414, 33.77546], [-118.152415, 33.775523], [-118.152414, 33.775701], [-118.152414, 33.775731], [-118.152412, 33.77628], [-118.152419, 33.777151], [-118.152422, 33.778763], [-118.152423, 33.77897], [-118.15242, 33.779152], [-118.15242, 33.779191], [-118.15242, 33.779399], [-118.152425, 33.780487], [-118.152428, 33.780794], [-118.152428, 33.781016], [-118.152429, 33.781166], [-118.15243, 33.781354], [-118.152431, 33.781394], [-118.152431, 33.781424], [-118.152432, 33.781912], [-118.152429, 33.782136], [-118.152422, 33.782493], [-118.152421, 33.782604], [-118.152424, 33.782716], [-118.152423, 33.783014], [-118.152423, 33.783095], [-118.152423, 33.783147], [-118.15242, 33.78385], [-118.15242, 33.784369], [-118.152423, 33.785558], [-118.152423, 33.78578], [-118.152424, 33.786011], [-118.152427, 33.786686], [-118.152417, 33.787583], [-118.152419, 33.788068], [-118.152388, 33.788135], [-118.152387, 33.788255], [-118.152375, 33.78837], [-118.152357, 33.788462], [-118.15233, 33.788553], [-118.152286, 33.788666], [-118.152289, 33.788747], [-118.152215, 33.788838], [-118.152111, 33.788977], [-118.151992, 33.789154], [-118.151904, 33.789342], [-118.151855, 33.789526], [-118.151844, 33.789627], [-118.151841, 33.789663], [-118.151838, 33.789727], [-118.151828, 33.789853], [-118.151993, 33.789852], [-118.15212, 33.789851], [-118.152371, 33.78985], [-118.15245, 33.78985], [-118.152545, 33.78985], [-118.152947, 33.789851], [-118.152979, 33.789851], [-118.15316, 33.789853], [-118.153276, 33.789854], [-118.153389, 33.789854], [-118.15349, 33.789855], [-118.153551, 33.789855], [-118.154023, 33.789856], [-118.154051, 33.789856], [-118.154105, 33.789856], [-118.154589, 33.789857], [-118.154589, 33.789931]]}}, {"type": "Feature", "properties": {"GEOID": "06037577300", "durationMin": 8.5, "distKm": 5.68, "targetScore": 96, "walkMin": 39.9, "bikeMin": 13.3, "driveMin": 5.0}, "geometry": {"type": "LineString", "coordinates": [[-118.128869, 33.751193], [-118.128667, 33.751451], [-118.128631, 33.751497], [-118.12857, 33.751572], [-118.128656, 33.751611], [-118.129215, 33.751863], [-118.129759, 33.752143], [-118.130308, 33.75243], [-118.131313, 33.752955], [-118.13192, 33.753284], [-118.132075, 33.753379], [-118.132242, 33.75347], [-118.132271, 33.753487], [-118.132337, 33.753535], [-118.132409, 33.753586], [-118.132673, 33.753738], [-118.132959, 33.753896], [-118.133467, 33.754166], [-118.133538, 33.754204], [-118.133611, 33.754242], [-118.134133, 33.754514], [-118.13474, 33.754794], [-118.135365, 33.755049], [-118.135728, 33.755198], [-118.135906, 33.755269], [-118.135995, 33.755305], [-118.136064, 33.755332], [-118.136607, 33.755558], [-118.137046, 33.755727], [-118.137256, 33.755803], [-118.137943, 33.75608], [-118.138352, 33.75625], [-118.138562, 33.756329], [-118.138592, 33.756341], [-118.138662, 33.75637], [-118.138739, 33.7564], [-118.139381, 33.756661], [-118.139914, 33.756874], [-118.140063, 33.756934], [-118.140761, 33.757206], [-118.141244, 33.757401], [-118.141379, 33.757456], [-118.14145, 33.757485], [-118.141506, 33.757506], [-118.142127, 33.757759], [-118.14264, 33.757967], [-118.142819, 33.758039], [-118.143281, 33.758239], [-118.143499, 33.758349], [-118.143732, 33.758469], [-118.143975, 33.758618], [-118.14405, 33.758662], [-118.144077, 33.758678], [-118.14414, 33.758716], [-118.144204, 33.758756], [-118.144758, 33.759099], [-118.14538, 33.759487], [-118.14551, 33.759567], [-118.145563, 33.759602], [-118.145677, 33.759679], [-118.145715, 33.759702], [-118.145782, 33.759743], [-118.145813, 33.759761], [-118.145934, 33.759826], [-118.146048, 33.75988], [-118.146279, 33.759979], [-118.146419, 33.760029], [-118.146576, 33.76008], [-118.146714, 33.76013], [-118.146791, 33.760165], [-118.146839, 33.760199], [-118.146875, 33.76024], [-118.146889, 33.760259], [-118.14695, 33.76032], [-118.147152, 33.760468], [-118.147314, 33.760452], [-118.147432, 33.760451], [-118.147732, 33.760448], [-118.148114, 33.760483], [-118.148907, 33.760599], [-118.149002, 33.760614], [-118.149126, 33.760581], [-118.149644, 33.760673], [-118.149841, 33.760708], [-118.150251, 33.760787], [-118.150462, 33.760827], [-118.150838, 33.760891], [-118.150929, 33.7609], [-118.151067, 33.760914], [-118.151256, 33.760925], [-118.152397, 33.76097], [-118.152562, 33.760987], [-118.152659, 33.761002], [-118.152634, 33.761106], [-118.152471, 33.761694], [-118.152275, 33.762322], [-118.15214, 33.762733], [-118.15213, 33.762773], [-118.152127, 33.762823], [-118.152136, 33.762874], [-118.152178, 33.762986], [-118.152365, 33.763386], [-118.152376, 33.763409], [-118.152418, 33.763505], [-118.15243, 33.763583], [-118.152433, 33.763606], [-118.15243, 33.763829], [-118.152427, 33.764163], [-118.152428, 33.764359], [-118.152429, 33.764453], [-118.152429, 33.76454], [-118.152428, 33.764969], [-118.152429, 33.765617], [-118.15243, 33.766272], [-118.152429, 33.766341], [-118.152426, 33.766625], [-118.152412, 33.767829], [-118.152414, 33.768017], [-118.152415, 33.768089], [-118.152415, 33.768155], [-118.152417, 33.768358], [-118.152418, 33.768413], [-118.152422, 33.768616], [-118.152425, 33.769163], [-118.152433, 33.769905], [-118.152425, 33.770303], [-118.152426, 33.770528], [-118.152422, 33.770792], [-118.152419, 33.771225], [-118.152418, 33.771396], [-118.152416, 33.771507], [-118.152418, 33.771633], [-118.152419, 33.771704], [-118.152418, 33.771796], [-118.152414, 33.773331], [-118.152414, 33.773458], [-118.152414, 33.77354], [-118.152414, 33.7736], [-118.152415, 33.774128], [-118.152415, 33.774394], [-118.152415, 33.774701], [-118.152415, 33.774809], [-118.152416, 33.775017], [-118.152415, 33.775232], [-118.152415, 33.77534], [-118.152414, 33.77546], [-118.152415, 33.775523], [-118.152414, 33.775701], [-118.152414, 33.775731], [-118.152412, 33.77628], [-118.152419, 33.777151], [-118.152422, 33.778763], [-118.152423, 33.77897], [-118.15242, 33.779152], [-118.15242, 33.779191], [-118.15242, 33.779399], [-118.152425, 33.780487], [-118.152428, 33.780794], [-118.152428, 33.781016], [-118.152429, 33.781166], [-118.15243, 33.781354], [-118.152431, 33.781394], [-118.152431, 33.781424], [-118.152432, 33.781912], [-118.152429, 33.782136], [-118.152422, 33.782493], [-118.152421, 33.782604], [-118.152424, 33.782716], [-118.152423, 33.783014], [-118.152423, 33.783095], [-118.152423, 33.783147], [-118.15242, 33.78385], [-118.15242, 33.784369], [-118.152423, 33.785558], [-118.152423, 33.78578], [-118.152424, 33.786011], [-118.152427, 33.786686], [-118.152417, 33.787583], [-118.152419, 33.788068], [-118.152388, 33.788135], [-118.152387, 33.788255], [-118.152375, 33.78837], [-118.152357, 33.788462], [-118.15233, 33.788553], [-118.152286, 33.788666], [-118.152289, 33.788747], [-118.152215, 33.788838], [-118.152111, 33.788977], [-118.151992, 33.789154], [-118.151904, 33.789342], [-118.151855, 33.789526], [-118.151844, 33.789627], [-118.151841, 33.789663], [-118.151838, 33.789727], [-118.151828, 33.789853], [-118.151827, 33.78994]]}}, {"type": "Feature", "properties": {"GEOID": "06037577400", "durationMin": 7.1, "distKm": 3.38, "targetScore": 96, "walkMin": 39.9, "bikeMin": 13.3, "driveMin": 5.0}, "geometry": {"type": "LineString", "coordinates": [[-118.135012, 33.762862], [-118.134734, 33.763306], [-118.134477, 33.763376], [-118.134305, 33.763422], [-118.134232, 33.76346], [-118.134267, 33.763476], [-118.13436, 33.763524], [-118.134414, 33.76357], [-118.134469, 33.763638], [-118.134502, 33.763699], [-118.134686, 33.76365], [-118.134739, 33.763636], [-118.135059, 33.763554], [-118.135515, 33.76343], [-118.136026, 33.763283], [-118.136135, 33.763252], [-118.136237, 33.763226], [-118.136338, 33.763199], [-118.136689, 33.763108], [-118.137183, 33.762983], [-118.137252, 33.762965], [-118.137341, 33.762943], [-118.137768, 33.762836], [-118.138298, 33.762693], [-118.138844, 33.762548], [-118.138978, 33.762511], [-118.139283, 33.762433], [-118.139317, 33.762421], [-118.139393, 33.762398], [-118.139409, 33.762393], [-118.139633, 33.762335], [-118.139836, 33.762357], [-118.139956, 33.762359], [-118.140489, 33.762359], [-118.140561, 33.762359], [-118.14103, 33.76236], [-118.141578, 33.76236], [-118.142119, 33.762361], [-118.142658, 33.762361], [-118.143202, 33.762362], [-118.143747, 33.762362], [-118.144289, 33.762363], [-118.144827, 33.762363], [-118.145376, 33.762364], [-118.145916, 33.762365], [-118.146457, 33.762365], [-118.146927, 33.762366], [-118.147003, 33.762366], [-118.147096, 33.762386], [-118.147528, 33.762474], [-118.14802, 33.762575], [-118.148087, 33.762589], [-118.148161, 33.762604], [-118.148458, 33.762666], [-118.149194, 33.762817], [-118.150234, 33.763032], [-118.151365, 33.763277], [-118.15191, 33.763395], [-118.152279, 33.763473], [-118.152418, 33.763505], [-118.15243, 33.763583], [-118.152433, 33.763606], [-118.15243, 33.763829], [-118.152427, 33.764163], [-118.152428, 33.764359], [-118.152429, 33.764453], [-118.152429, 33.76454], [-118.152428, 33.764969], [-118.152429, 33.765617], [-118.15243, 33.766272], [-118.152429, 33.766341], [-118.152426, 33.766625], [-118.152412, 33.767829], [-118.152414, 33.768017], [-118.152415, 33.768089], [-118.152415, 33.768155], [-118.152417, 33.768358], [-118.152418, 33.768413], [-118.152422, 33.768616], [-118.152425, 33.769163], [-118.152433, 33.769905], [-118.152425, 33.770303], [-118.152426, 33.770528], [-118.152422, 33.770792], [-118.152419, 33.771225], [-118.152418, 33.771396], [-118.152416, 33.771507], [-118.152418, 33.771633], [-118.152419, 33.771704], [-118.152418, 33.771796], [-118.152414, 33.773331], [-118.152414, 33.773458], [-118.152414, 33.77354], [-118.152414, 33.7736], [-118.152415, 33.774128], [-118.152415, 33.774394], [-118.152415, 33.774701], [-118.152415, 33.774809], [-118.152416, 33.775017], [-118.152415, 33.775232], [-118.152415, 33.77534], [-118.152414, 33.77546], [-118.152415, 33.775523], [-118.152414, 33.775701], [-118.152414, 33.775731], [-118.152412, 33.77628], [-118.152419, 33.777151], [-118.152422, 33.778763], [-118.152423, 33.77897], [-118.15242, 33.779152], [-118.15242, 33.779191], [-118.15242, 33.779399], [-118.152425, 33.780487], [-118.152428, 33.780794], [-118.152428, 33.781016], [-118.152429, 33.781166], [-118.15243, 33.781354], [-118.152431, 33.781394], [-118.152431, 33.781424], [-118.152432, 33.781912], [-118.152429, 33.782136], [-118.152422, 33.782493], [-118.152421, 33.782604], [-118.152424, 33.782716], [-118.152423, 33.783014], [-118.152423, 33.783095], [-118.152423, 33.783147], [-118.15242, 33.78385], [-118.15242, 33.784369], [-118.152423, 33.785558], [-118.152423, 33.78578], [-118.152424, 33.786011], [-118.152427, 33.786686], [-118.152417, 33.787583], [-118.152419, 33.788068], [-118.152388, 33.788135], [-118.152387, 33.788255], [-118.152375, 33.78837], [-118.152357, 33.788462], [-118.15233, 33.788553], [-118.152286, 33.788666], [-118.152289, 33.788747], [-118.152215, 33.788838], [-118.152111, 33.788977], [-118.151992, 33.789154], [-118.151904, 33.789342], [-118.151855, 33.789526], [-118.151844, 33.789627], [-118.151841, 33.789663], [-118.151838, 33.789727], [-118.151828, 33.789853], [-118.151827, 33.78994]]}}]}